time,pm2_5,pm10,temperature_2m,relative_humidity_2m,wind_speed_10m,city
2024-01-30 00:00:00,23.2,46.8,20.4,94,5.2,karachi
2024-01-30 01:00:00,23.8,48.0,20.1,95,4.7,karachi
2024-01-30 02:00:00,24.4,49.9,20.9,92,1.3,karachi
2024-01-30 03:00:00,24.2,50.6,20.7,92,1.8,karachi
2024-01-30 04:00:00,24.7,53.0,20.6,92,2.5,karachi
2024-01-30 05:00:00,24.6,55.9,20.8,91,2.3,karachi
2024-01-30 06:00:00,24.9,58.3,19.0,96,6.6,karachi
2024-01-30 07:00:00,27.5,64.0,19.0,96,9.7,karachi
2024-01-30 08:00:00,34.0,74.7,18.8,96,6.0,karachi
2024-01-30 09:00:00,34.5,77.8,20.4,88,4.0,karachi
2024-01-30 10:00:00,25.5,75.4,22.3,78,3.2,karachi
2024-01-30 11:00:00,21.8,81.3,23.3,72,3.6,karachi
2024-01-30 12:00:00,21.4,89.4,24.8,66,9.3,karachi
2024-01-30 13:00:00,21.8,96.9,25.1,64,13.8,karachi
2024-01-30 14:00:00,22.3,104.3,25.4,63,16.5,karachi
2024-01-30 15:00:00,22.5,109.2,25.1,60,16.4,karachi
2024-01-30 16:00:00,22.4,108.3,25.2,60,16.8,karachi
2024-01-30 17:00:00,22.0,102.0,24.5,64,17.1,karachi
2024-01-30 18:00:00,21.5,93.1,23.4,73,13.9,karachi
2024-01-30 19:00:00,21.1,78.5,22.8,77,12.4,karachi
2024-01-30 20:00:00,21.1,71.7,22.5,80,10.9,karachi
2024-01-30 21:00:00,22.7,67.3,22.2,82,11.3,karachi
2024-01-30 22:00:00,24.2,66.6,21.9,85,11.5,karachi
2024-01-30 23:00:00,25.3,65.9,21.6,87,12.0,karachi
2024-01-31 00:00:00,25.8,65.2,21.5,89,12.2,karachi
2024-01-31 01:00:00,25.4,62.9,21.1,91,9.7,karachi
2024-01-31 02:00:00,24.2,60.1,21.0,91,10.2,karachi
2024-01-31 03:00:00,23.2,58.0,20.9,91,10.4,karachi
2024-01-31 04:00:00,22.6,56.6,20.5,91,10.1,karachi
2024-01-31 05:00:00,21.8,54.0,20.4,91,10.9,karachi
2024-01-31 06:00:00,21.8,52.3,20.6,91,7.5,karachi
2024-01-31 07:00:00,23.2,51.9,20.1,91,8.2,karachi
2024-01-31 08:00:00,28.7,58.1,20.8,89,6.1,karachi
2024-01-31 09:00:00,25.9,59.3,22.1,83,3.6,karachi
2024-01-31 10:00:00,23.1,58.1,23.6,75,6.0,karachi
2024-01-31 11:00:00,20.7,57.0,24.8,67,9.3,karachi
2024-01-31 12:00:00,19.8,56.7,25.9,59,12.6,karachi
2024-01-31 13:00:00,19.0,56.8,26.4,57,17.1,karachi
2024-01-31 14:00:00,18.6,59.1,26.2,56,20.7,karachi
2024-01-31 15:00:00,18.2,62.2,26.1,54,21.6,karachi
2024-01-31 16:00:00,18.2,65.9,25.6,58,21.0,karachi
2024-01-31 17:00:00,19.1,70.3,24.6,66,19.3,karachi
2024-01-31 18:00:00,20.7,72.9,23.4,76,14.7,karachi
2024-01-31 19:00:00,22.3,71.0,22.5,85,10.8,karachi
2024-01-31 20:00:00,23.7,68.5,22.2,87,11.4,karachi
2024-01-31 21:00:00,24.8,67.8,21.9,89,11.8,karachi
2024-01-31 22:00:00,25.0,66.6,21.6,91,11.8,karachi
2024-01-31 23:00:00,24.3,62.6,21.6,92,13.6,karachi
2024-02-01 00:00:00,23.0,57.9,21.4,93,12.2,karachi
2024-02-01 01:00:00,21.1,51.7,21.1,93,12.0,karachi
2024-02-01 02:00:00,18.7,43.1,21.0,93,13.0,karachi
2024-02-01 03:00:00,16.9,37.3,21.0,93,13.8,karachi
2024-02-01 04:00:00,16.2,37.7,20.2,92,14.8,karachi
2024-02-01 05:00:00,15.9,40.0,18.6,86,14.0,karachi
2024-02-01 06:00:00,17.8,49.0,17.8,90,11.2,karachi
2024-02-01 07:00:00,21.0,56.5,16.0,96,10.0,karachi
2024-02-01 08:00:00,26.3,65.4,16.8,99,9.7,karachi
2024-02-01 09:00:00,31.0,78.2,17.5,97,10.5,karachi
2024-02-01 10:00:00,33.4,95.5,19.4,84,9.7,karachi
2024-02-01 11:00:00,34.3,127.1,24.3,51,10.1,karachi
2024-02-01 12:00:00,31.4,123.9,27.6,29,10.5,karachi
2024-02-01 13:00:00,27.4,106.2,29.2,19,6.6,karachi
2024-02-01 14:00:00,26.5,106.2,29.6,16,6.5,karachi
2024-02-01 15:00:00,27.1,113.9,29.8,16,10.1,karachi
2024-02-01 16:00:00,27.4,117.1,29.8,16,15.1,karachi
2024-02-01 17:00:00,27.8,108.3,28.7,18,17.7,karachi
2024-02-01 18:00:00,31.7,113.6,25.4,40,12.0,karachi
2024-02-01 19:00:00,37.1,114.3,24.0,47,10.2,karachi
2024-02-01 20:00:00,39.5,118.3,22.9,49,7.9,karachi
2024-02-01 21:00:00,40.0,116.6,21.9,58,7.6,karachi
2024-02-01 22:00:00,39.8,113.9,22.5,63,8.0,karachi
2024-02-01 23:00:00,38.9,109.9,22.4,72,8.0,karachi
2024-02-02 00:00:00,37.5,104.8,22.4,71,8.8,karachi
2024-02-02 01:00:00,36.2,98.3,22.2,70,8.2,karachi
2024-02-02 02:00:00,35.3,94.5,22.0,72,7.3,karachi
2024-02-02 03:00:00,35.2,92.0,21.8,78,4.6,karachi
2024-02-02 04:00:00,35.6,91.3,21.4,81,4.2,karachi
2024-02-02 05:00:00,37.4,92.2,20.5,84,4.6,karachi
2024-02-02 06:00:00,38.2,92.7,21.4,84,2.6,karachi
2024-02-02 07:00:00,40.7,97.6,20.2,89,4.0,karachi
2024-02-02 08:00:00,47.6,109.4,20.4,88,4.5,karachi
2024-02-02 09:00:00,51.7,119.7,21.4,85,1.4,karachi
2024-02-02 10:00:00,45.3,130.9,24.0,80,3.3,karachi
2024-02-02 11:00:00,42.1,136.9,25.6,68,7.6,karachi
2024-02-02 12:00:00,39.7,133.6,26.6,56,12.6,karachi
2024-02-02 13:00:00,37.5,122.9,25.5,56,12.0,karachi
2024-02-02 14:00:00,34.6,116.9,25.9,53,11.5,karachi
2024-02-02 15:00:00,33.9,128.5,26.2,51,7.3,karachi
2024-02-02 16:00:00,33.2,130.4,26.1,52,2.3,karachi
2024-02-02 17:00:00,39.6,202.6,25.8,53,7.1,karachi
2024-02-02 18:00:00,41.1,205.4,24.1,75,12.6,karachi
2024-02-02 19:00:00,42.6,197.9,23.6,77,8.1,karachi
2024-02-02 20:00:00,44.5,192.8,23.2,78,2.5,karachi
2024-02-02 21:00:00,47.6,189.1,22.7,81,3.3,karachi
2024-02-02 22:00:00,50.2,183.0,22.0,86,5.4,karachi
2024-02-02 23:00:00,51.1,168.6,21.4,90,6.6,karachi
2024-02-03 00:00:00,50.5,154.1,20.8,95,6.0,karachi
2024-02-03 01:00:00,48.2,141.6,20.4,98,5.9,karachi
2024-02-03 02:00:00,45.2,129.5,20.5,97,7.5,karachi
2024-02-03 03:00:00,42.7,121.1,20.1,97,9.8,karachi
2024-02-03 04:00:00,41.3,117.1,19.5,87,12.6,karachi
2024-02-03 05:00:00,45.5,105.0,19.2,78,13.8,karachi
2024-02-03 06:00:00,47.8,104.5,18.2,69,14.0,karachi
2024-02-03 07:00:00,50.8,106.9,18.0,69,12.6,karachi
2024-02-03 08:00:00,55.5,117.8,18.1,67,12.7,karachi
2024-02-03 09:00:00,53.6,124.8,19.5,60,14.4,karachi
2024-02-03 10:00:00,48.1,128.5,21.6,54,19.0,karachi
2024-02-03 11:00:00,41.9,114.8,23.1,54,20.7,karachi
2024-02-03 12:00:00,32.7,88.0,23.6,57,18.3,karachi
2024-02-03 13:00:00,25.4,68.2,24.4,62,19.4,karachi
2024-02-03 14:00:00,21.2,57.7,24.4,72,22.1,karachi
2024-02-03 15:00:00,18.7,52.9,26.0,67,25.0,karachi
2024-02-03 16:00:00,18.0,52.3,25.5,71,25.3,karachi
2024-02-03 17:00:00,21.6,65.7,25.0,77,25.0,karachi
2024-02-03 18:00:00,21.6,64.0,23.1,76,23.7,karachi
2024-02-03 19:00:00,21.9,58.4,23.2,79,25.0,karachi
2024-02-03 20:00:00,23.1,57.5,22.8,85,17.7,karachi
2024-02-03 21:00:00,23.7,57.9,22.8,85,22.6,karachi
2024-02-03 22:00:00,23.3,56.6,22.4,87,29.1,karachi
2024-02-03 23:00:00,23.4,58.0,22.3,89,18.5,karachi
2024-02-04 00:00:00,21.7,54.0,22.8,89,18.0,karachi
2024-02-04 01:00:00,21.8,59.6,22.8,90,15.6,karachi
2024-02-04 02:00:00,23.1,67.5,22.6,92,16.1,karachi
2024-02-04 03:00:00,24.6,76.6,22.4,94,13.0,karachi
2024-02-04 04:00:00,26.0,84.3,22.0,93,11.3,karachi
2024-02-04 05:00:00,24.0,69.4,21.4,95,8.1,karachi
2024-02-04 06:00:00,26.1,82.4,20.0,97,6.8,karachi
2024-02-04 07:00:00,29.8,97.3,19.6,96,8.3,karachi
2024-02-04 08:00:00,34.8,112.7,20.0,92,5.6,karachi
2024-02-04 09:00:00,34.8,145.3,21.5,84,3.4,karachi
2024-02-04 10:00:00,32.7,143.0,22.9,81,2.7,karachi
2024-02-04 11:00:00,30.2,135.0,25.5,66,18.8,karachi
2024-02-04 12:00:00,27.6,122.5,26.5,51,25.2,karachi
2024-02-04 13:00:00,24.6,102.7,26.0,58,23.0,karachi
2024-02-04 14:00:00,22.0,87.1,26.1,57,21.7,karachi
2024-02-04 15:00:00,19.8,74.5,25.8,59,23.1,karachi
2024-02-04 16:00:00,17.9,64.7,25.2,61,21.3,karachi
2024-02-04 17:00:00,16.1,59.8,24.5,64,19.8,karachi
2024-02-04 18:00:00,15.5,48.9,23.4,69,12.6,karachi
2024-02-04 19:00:00,18.6,44.1,22.7,75,9.3,karachi
2024-02-04 20:00:00,20.7,43.0,22.4,80,7.9,karachi
2024-02-04 21:00:00,21.7,42.3,21.4,86,6.9,karachi
2024-02-04 22:00:00,22.1,41.7,20.6,90,6.5,karachi
2024-02-04 23:00:00,22.5,41.4,20.1,90,6.8,karachi
2024-02-05 00:00:00,22.6,41.4,19.9,89,7.6,karachi
2024-02-05 01:00:00,21.8,40.0,19.8,87,8.3,karachi
2024-02-05 02:00:00,21.2,38.8,20.2,84,8.9,karachi
2024-02-05 03:00:00,22.3,39.8,19.1,88,7.9,karachi
2024-02-05 04:00:00,22.8,40.0,18.4,89,7.1,karachi
2024-02-05 05:00:00,22.6,39.0,18.1,91,9.5,karachi
2024-02-05 06:00:00,29.6,48.5,17.8,94,10.1,karachi
2024-02-05 07:00:00,36.8,57.7,17.5,96,10.9,karachi
2024-02-05 08:00:00,44.6,70.8,18.2,94,11.2,karachi
2024-02-05 09:00:00,50.5,81.5,19.9,82,10.9,karachi
2024-02-05 10:00:00,45.9,84.5,21.8,71,12.6,karachi
2024-02-05 11:00:00,30.5,60.3,23.4,66,12.7,karachi
2024-02-05 12:00:00,22.8,46.4,24.4,62,8.8,karachi
2024-02-05 13:00:00,21.4,43.9,24.9,59,10.7,karachi
2024-02-05 14:00:00,21.3,43.8,25.0,59,13.9,karachi
2024-02-05 15:00:00,20.1,42.3,25.0,59,16.3,karachi
2024-02-05 16:00:00,18.3,40.2,24.6,60,17.1,karachi
2024-02-05 17:00:00,23.2,51.0,23.8,66,15.6,karachi
2024-02-05 18:00:00,21.1,46.3,22.9,76,13.9,karachi
2024-02-05 19:00:00,22.1,43.4,22.5,79,10.2,karachi
2024-02-05 20:00:00,22.3,42.5,22.2,76,10.4,karachi
2024-02-05 21:00:00,22.4,42.3,21.8,76,10.3,karachi
2024-02-05 22:00:00,22.7,43.0,21.5,77,10.4,karachi
2024-02-05 23:00:00,23.3,44.5,21.1,77,11.6,karachi
2024-02-06 00:00:00,24.1,47.1,20.5,76,10.9,karachi
2024-02-06 01:00:00,24.0,48.9,20.1,77,8.9,karachi
2024-02-06 02:00:00,23.4,49.5,19.2,83,6.8,karachi
2024-02-06 03:00:00,22.6,48.8,18.8,82,7.6,karachi
2024-02-06 04:00:00,21.6,46.4,18.5,82,7.7,karachi
2024-02-06 05:00:00,21.4,46.7,18.0,84,13.4,karachi
2024-02-06 06:00:00,21.6,44.4,17.9,89,11.0,karachi
2024-02-06 07:00:00,25.1,46.7,17.5,91,10.1,karachi
2024-02-06 08:00:00,31.8,56.2,17.4,90,9.8,karachi
2024-02-06 09:00:00,33.3,62.4,19.4,81,7.1,karachi
2024-02-06 10:00:00,21.6,51.8,22.1,69,8.6,karachi
2024-02-06 11:00:00,20.9,50.4,23.5,63,9.1,karachi
2024-02-06 12:00:00,21.3,51.5,24.1,58,4.3,karachi
2024-02-06 13:00:00,20.9,51.5,24.9,54,6.0,karachi
2024-02-06 14:00:00,20.6,51.5,25.5,51,8.7,karachi
2024-02-06 15:00:00,20.5,51.1,25.4,51,13.9,karachi
2024-02-06 16:00:00,20.6,50.8,24.9,57,17.9,karachi
2024-02-06 17:00:00,27.0,68.2,24.0,60,18.1,karachi
2024-02-06 18:00:00,27.1,67.8,23.4,68,16.0,karachi
2024-02-06 19:00:00,29.5,66.4,22.9,72,13.5,karachi
2024-02-06 20:00:00,29.2,63.6,22.5,75,10.6,karachi
2024-02-06 21:00:00,27.0,58.8,22.1,78,9.7,karachi
2024-02-06 22:00:00,25.0,55.1,21.8,80,10.6,karachi
2024-02-06 23:00:00,24.5,53.7,21.5,81,10.6,karachi
2024-02-07 00:00:00,24.3,53.2,21.1,81,9.4,karachi
2024-02-07 01:00:00,24.0,52.4,20.9,82,8.8,karachi
2024-02-07 02:00:00,23.5,51.2,20.9,79,8.0,karachi
2024-02-07 03:00:00,23.0,50.1,20.9,76,9.8,karachi
2024-02-07 04:00:00,22.4,48.4,20.6,76,9.7,karachi
2024-02-07 05:00:00,23.2,48.0,20.2,77,8.2,karachi
2024-02-07 06:00:00,23.3,47.1,20.2,80,8.9,karachi
2024-02-07 07:00:00,26.6,49.6,19.0,85,8.6,karachi
2024-02-07 08:00:00,35.7,61.7,18.9,87,8.3,karachi
2024-02-07 09:00:00,42.0,73.8,21.1,77,7.8,karachi
2024-02-07 10:00:00,45.1,85.9,23.5,62,9.1,karachi
2024-02-07 11:00:00,45.6,91.0,24.9,49,9.7,karachi
2024-02-07 12:00:00,35.6,78.7,26.0,41,10.8,karachi
2024-02-07 13:00:00,31.3,83.6,26.5,39,14.2,karachi
2024-02-07 14:00:00,31.1,90.3,27.0,37,15.0,karachi
2024-02-07 15:00:00,31.1,92.4,26.9,35,14.5,karachi
2024-02-07 16:00:00,31.0,90.8,26.6,34,14.5,karachi
2024-02-07 17:00:00,30.9,85.7,26.1,35,16.8,karachi
2024-02-07 18:00:00,31.8,76.6,24.1,41,23.3,karachi
2024-02-07 19:00:00,36.0,69.8,22.6,49,19.7,karachi
2024-02-07 20:00:00,37.4,67.5,21.8,53,17.7,karachi
2024-02-07 21:00:00,37.5,66.8,21.0,55,17.7,karachi
2024-02-07 22:00:00,37.5,66.6,20.2,58,17.1,karachi
2024-02-07 23:00:00,37.4,66.1,19.5,60,15.9,karachi
2024-02-08 00:00:00,36.8,65.4,18.9,62,16.6,karachi
2024-02-08 01:00:00,35.7,64.0,18.0,64,15.0,karachi
2024-02-08 02:00:00,34.5,62.2,17.5,65,15.7,karachi
2024-02-08 03:00:00,33.4,60.3,17.5,64,16.7,karachi
2024-02-08 04:00:00,32.6,59.0,17.0,63,14.8,karachi
2024-02-08 05:00:00,32.1,59.4,16.9,62,15.3,karachi
2024-02-08 06:00:00,31.7,58.9,17.6,57,16.3,karachi
2024-02-08 07:00:00,31.9,57.9,17.4,58,16.3,karachi
2024-02-08 08:00:00,33.4,58.7,17.6,56,17.3,karachi
2024-02-08 09:00:00,34.5,59.1,19.5,50,17.7,karachi
2024-02-08 10:00:00,32.8,57.5,21.9,42,22.2,karachi
2024-02-08 11:00:00,27.4,51.6,23.6,34,24.6,karachi
2024-02-08 12:00:00,21.9,47.6,24.5,30,22.4,karachi
2024-02-08 13:00:00,18.3,43.4,25.1,27,18.9,karachi
2024-02-08 14:00:00,16.7,40.3,25.6,24,17.5,karachi
2024-02-08 15:00:00,15.8,37.7,26.0,22,15.0,karachi
2024-02-08 16:00:00,15.5,36.8,25.8,21,13.6,karachi
2024-02-08 17:00:00,18.2,41.8,25.4,22,11.2,karachi
2024-02-08 18:00:00,17.8,40.2,24.2,23,11.4,karachi
2024-02-08 19:00:00,26.8,48.0,22.5,30,12.7,karachi
2024-02-08 20:00:00,32.6,53.9,21.0,34,11.7,karachi
2024-02-08 21:00:00,34.3,55.1,19.4,42,7.7,karachi
2024-02-08 22:00:00,33.6,53.4,18.1,52,4.7,karachi
2024-02-08 23:00:00,32.1,51.3,17.1,56,5.0,karachi
2024-02-09 00:00:00,31.1,49.7,16.0,56,8.3,karachi
2024-02-09 01:00:00,29.7,47.8,15.1,59,9.3,karachi
2024-02-09 02:00:00,28.2,45.8,14.4,63,10.4,karachi
2024-02-09 03:00:00,27.3,44.4,13.7,67,9.5,karachi
2024-02-09 04:00:00,26.5,43.1,12.9,72,9.4,karachi
2024-02-09 05:00:00,25.5,41.3,12.4,76,9.1,karachi
2024-02-09 06:00:00,24.9,40.6,12.9,77,7.9,karachi
2024-02-09 07:00:00,26.8,44.0,12.4,80,6.4,karachi
2024-02-09 08:00:00,34.5,56.0,14.4,69,4.7,karachi
2024-02-09 09:00:00,45.4,71.5,17.6,58,2.2,karachi
2024-02-09 10:00:00,39.3,70.1,21.2,47,2.3,karachi
2024-02-09 11:00:00,33.1,67.5,23.6,36,6.8,karachi
2024-02-09 12:00:00,23.5,55.9,25.2,27,10.5,karachi
2024-02-09 13:00:00,22.9,57.0,26.0,25,16.3,karachi
2024-02-09 14:00:00,22.5,58.1,26.3,22,20.2,karachi
2024-02-09 15:00:00,21.7,57.0,26.1,21,20.6,karachi
2024-02-09 16:00:00,20.7,55.5,25.6,25,20.2,karachi
2024-02-09 17:00:00,18.0,48.8,24.7,31,18.9,karachi
2024-02-09 18:00:00,18.6,50.1,23.2,50,16.7,karachi
2024-02-09 19:00:00,20.5,50.8,22.0,61,11.4,karachi
2024-02-09 20:00:00,23.7,53.6,21.1,68,8.7,karachi
2024-02-09 21:00:00,25.8,55.8,20.1,75,7.0,karachi
2024-02-09 22:00:00,26.8,57.4,19.5,79,6.9,karachi
2024-02-09 23:00:00,27.6,58.6,19.0,81,8.2,karachi
2024-02-10 00:00:00,28.1,59.1,18.7,83,8.8,karachi
2024-02-10 01:00:00,27.6,58.1,18.3,85,9.6,karachi
2024-02-10 02:00:00,26.8,56.8,17.7,89,8.7,karachi
2024-02-10 03:00:00,25.8,54.2,17.5,90,8.4,karachi
2024-02-10 04:00:00,24.8,51.6,17.1,90,8.9,karachi
2024-02-10 05:00:00,22.6,46.8,16.6,93,9.0,karachi
2024-02-10 06:00:00,22.2,45.3,16.8,94,9.9,karachi
2024-02-10 07:00:00,24.6,47.7,16.8,93,9.9,karachi
2024-02-10 08:00:00,30.0,55.1,17.8,89,9.3,karachi
2024-02-10 09:00:00,31.4,58.9,20.0,77,6.9,karachi
2024-02-10 10:00:00,25.9,56.2,22.6,62,7.9,karachi
2024-02-10 11:00:00,21.9,52.0,24.6,49,6.8,karachi
2024-02-10 12:00:00,21.1,52.6,26.2,39,4.6,karachi
2024-02-10 13:00:00,20.5,54.5,27.0,31,4.9,karachi
2024-02-10 14:00:00,20.5,55.6,27.4,33,11.9,karachi
2024-02-10 15:00:00,20.7,55.5,27.0,37,14.7,karachi
2024-02-10 16:00:00,20.6,54.2,25.5,46,22.2,karachi
2024-02-10 17:00:00,19.8,51.7,25.4,41,21.3,karachi
2024-02-10 18:00:00,20.1,51.1,24.4,43,19.1,karachi
2024-02-10 19:00:00,25.1,53.3,22.8,52,15.1,karachi
2024-02-10 20:00:00,32.1,58.2,21.8,58,12.1,karachi
2024-02-10 21:00:00,35.9,60.8,20.9,64,12.2,karachi
2024-02-10 22:00:00,31.7,50.4,19.8,76,11.2,karachi
2024-02-10 23:00:00,27.4,40.9,18.5,82,9.0,karachi
2024-02-11 00:00:00,24.7,36.9,17.7,64,9.0,karachi
2024-02-11 01:00:00,23.3,35.2,17.4,47,10.9,karachi
2024-02-11 02:00:00,22.6,35.6,17.1,50,12.2,karachi
2024-02-11 03:00:00,23.2,38.6,16.5,52,12.7,karachi
2024-02-11 04:00:00,25.6,44.8,16.1,53,13.1,karachi
2024-02-11 05:00:00,26.9,47.1,15.6,55,14.0,karachi
2024-02-11 06:00:00,29.7,53.2,15.4,65,14.2,karachi
2024-02-11 07:00:00,32.9,57.7,15.2,67,14.6,karachi
2024-02-11 08:00:00,36.6,61.9,16.2,62,12.8,karachi
2024-02-11 09:00:00,38.8,63.8,19.1,49,8.4,karachi
2024-02-11 10:00:00,36.3,60.1,22.4,37,8.7,karachi
2024-02-11 11:00:00,27.9,47.3,25.6,26,12.0,karachi
2024-02-11 12:00:00,18.7,43.5,27.5,16,14.3,karachi
2024-02-11 13:00:00,14.3,41.4,28.0,15,14.3,karachi
2024-02-11 14:00:00,14.1,36.9,28.1,14,14.2,karachi
2024-02-11 15:00:00,14.1,33.6,28.0,14,9.4,karachi
2024-02-11 16:00:00,14.8,32.1,27.8,14,2.9,karachi
2024-02-11 17:00:00,18.7,36.8,27.1,16,3.3,karachi
2024-02-11 18:00:00,19.8,36.3,25.4,36,13.2,karachi
2024-02-11 19:00:00,25.1,41.0,23.6,49,13.7,karachi
2024-02-11 20:00:00,31.5,48.9,22.7,53,8.0,karachi
2024-02-11 21:00:00,33.8,50.8,21.3,52,5.7,karachi
2024-02-11 22:00:00,32.9,49.1,20.1,40,7.6,karachi
2024-02-11 23:00:00,31.3,46.3,19.2,39,9.9,karachi
2024-02-12 00:00:00,29.6,44.1,18.4,42,11.2,karachi
2024-02-12 01:00:00,28.6,43.1,17.9,44,11.8,karachi
2024-02-12 02:00:00,28.5,43.3,17.4,45,11.6,karachi
2024-02-12 03:00:00,28.5,43.4,17.4,46,12.2,karachi
2024-02-12 04:00:00,27.7,42.7,17.4,47,13.1,karachi
2024-02-12 05:00:00,27.2,41.7,17.2,48,11.9,karachi
2024-02-12 06:00:00,27.0,42.3,17.0,50,14.5,karachi
2024-02-12 07:00:00,28.5,44.9,16.8,51,12.9,karachi
2024-02-12 08:00:00,31.3,49.5,17.4,49,13.0,karachi
2024-02-12 09:00:00,35.2,54.9,20.0,41,9.9,karachi
2024-02-12 10:00:00,36.6,58.0,23.3,31,12.0,karachi
2024-02-12 11:00:00,32.5,50.9,25.5,21,14.1,karachi
2024-02-12 12:00:00,26.8,42.3,26.5,19,10.6,karachi
2024-02-12 13:00:00,26.0,41.8,27.1,19,9.1,karachi
2024-02-12 14:00:00,26.5,43.9,27.0,19,2.4,karachi
2024-02-12 15:00:00,26.4,44.4,26.8,24,8.7,karachi
2024-02-12 16:00:00,26.1,43.9,26.4,32,14.0,karachi
2024-02-12 17:00:00,25.6,42.6,26.0,34,13.3,karachi
2024-02-12 18:00:00,26.8,44.5,24.0,37,23.0,karachi
2024-02-12 19:00:00,34.6,54.1,23.1,40,18.7,karachi
2024-02-12 20:00:00,46.4,69.8,22.4,44,16.6,karachi
2024-02-12 21:00:00,53.6,79.6,21.7,48,11.7,karachi
2024-02-12 22:00:00,55.4,81.5,20.6,51,8.4,karachi
2024-02-12 23:00:00,51.1,74.5,19.8,51,9.4,karachi
2024-02-13 00:00:00,44.9,65.4,19.0,49,8.2,karachi
2024-02-13 01:00:00,39.3,57.5,18.2,50,8.2,karachi
2024-02-13 02:00:00,35.3,51.8,17.4,51,9.4,karachi
2024-02-13 03:00:00,32.6,48.2,16.7,51,7.7,karachi
2024-02-13 04:00:00,31.8,47.4,17.3,48,6.4,karachi
2024-02-13 05:00:00,30.9,46.0,17.1,49,7.7,karachi
2024-02-13 06:00:00,30.7,46.1,18.0,53,8.1,karachi
2024-02-13 07:00:00,32.4,48.7,17.9,55,7.9,karachi
2024-02-13 08:00:00,36.1,54.0,18.5,52,10.4,karachi
2024-02-13 09:00:00,42.4,64.3,20.4,43,5.1,karachi
2024-02-13 10:00:00,44.2,69.2,22.2,34,7.8,karachi
2024-02-13 11:00:00,41.7,71.7,24.7,24,8.8,karachi
2024-02-13 12:00:00,35.7,69.8,25.4,23,6.8,karachi
2024-02-13 13:00:00,34.8,68.7,25.7,23,5.9,karachi
2024-02-13 14:00:00,34.5,66.4,26.1,24,5.0,karachi
2024-02-13 15:00:00,33.9,63.3,26.0,24,4.1,karachi
2024-02-13 16:00:00,33.3,60.8,26.5,25,8.2,karachi
2024-02-13 17:00:00,34.7,69.6,25.5,38,13.2,karachi
2024-02-13 18:00:00,34.2,68.7,23.0,42,14.1,karachi
2024-02-13 19:00:00,38.1,68.9,22.0,50,14.2,karachi
2024-02-13 20:00:00,45.4,76.1,21.5,60,11.6,karachi
2024-02-13 21:00:00,50.9,82.2,20.9,71,8.6,karachi
2024-02-13 22:00:00,55.1,87.3,20.1,79,6.6,karachi
2024-02-13 23:00:00,58.7,91.5,19.3,84,6.0,karachi
2024-02-14 00:00:00,59.5,91.5,18.9,86,8.0,karachi
2024-02-14 01:00:00,57.2,86.8,18.0,89,9.2,karachi
2024-02-14 02:00:00,53.2,80.8,17.5,80,8.5,karachi
2024-02-14 03:00:00,49.2,75.0,16.9,68,8.5,karachi
2024-02-14 04:00:00,45.2,69.4,16.0,62,8.7,karachi
2024-02-14 05:00:00,40.2,62.2,15.4,60,9.2,karachi
2024-02-14 06:00:00,36.8,57.7,15.6,58,10.8,karachi
2024-02-14 07:00:00,36.2,57.5,15.2,58,10.5,karachi
2024-02-14 08:00:00,40.5,64.3,16.2,54,10.1,karachi
2024-02-14 09:00:00,42.7,69.8,19.5,42,9.2,karachi
2024-02-14 10:00:00,41.9,74.7,23.1,30,9.3,karachi
2024-02-14 11:00:00,38.5,73.1,25.2,21,8.3,karachi
2024-02-14 12:00:00,35.6,67.1,26.5,18,7.1,karachi
2024-02-14 13:00:00,33.8,64.5,27.2,16,5.8,karachi
2024-02-14 14:00:00,32.5,63.3,27.5,16,4.6,karachi
2024-02-14 15:00:00,32.0,62.4,27.7,18,8.9,karachi
2024-02-14 16:00:00,31.9,62.4,26.4,38,19.8,karachi
2024-02-14 17:00:00,32.0,61.2,26.0,36,21.5,karachi
2024-02-14 18:00:00,34.0,64.3,24.2,43,19.1,karachi
2024-02-14 19:00:00,43.0,75.2,23.4,48,14.0,karachi
2024-02-14 20:00:00,52.2,86.8,22.5,54,11.4,karachi
2024-02-14 21:00:00,56.8,93.4,21.5,60,11.5,karachi
2024-02-14 22:00:00,60.8,99.0,20.3,68,10.3,karachi
2024-02-14 23:00:00,65.2,102.9,19.4,74,10.7,karachi
2024-02-15 00:00:00,66.8,103.4,18.5,77,10.5,karachi
2024-02-15 01:00:00,65.2,99.7,17.4,80,9.4,karachi
2024-02-15 02:00:00,61.2,94.1,16.5,81,9.4,karachi
2024-02-15 03:00:00,55.9,87.1,15.9,79,9.8,karachi
2024-02-15 04:00:00,50.3,80.6,15.5,74,10.5,karachi
2024-02-15 05:00:00,47.4,77.3,15.2,66,11.7,karachi
2024-02-15 06:00:00,44.2,73.8,15.1,67,11.4,karachi
2024-02-15 07:00:00,43.7,72.9,14.9,67,11.3,karachi
2024-02-15 08:00:00,47.6,78.2,16.1,61,10.5,karachi
2024-02-15 09:00:00,52.2,87.1,19.5,49,8.3,karachi
2024-02-15 10:00:00,51.6,90.3,23.8,35,6.9,karachi
2024-02-15 11:00:00,48.5,88.7,26.1,24,4.7,karachi
2024-02-15 12:00:00,45.3,80.6,27.0,24,2.6,karachi
2024-02-15 13:00:00,42.8,75.7,27.5,24,2.2,karachi
2024-02-15 14:00:00,39.9,71.5,28.1,24,2.6,karachi
2024-02-15 15:00:00,37.7,68.0,28.2,27,10.4,karachi
2024-02-15 16:00:00,35.9,64.7,27.6,29,19.0,karachi
2024-02-15 17:00:00,32.9,57.6,27.1,31,21.6,karachi
2024-02-15 18:00:00,32.7,55.9,24.6,43,20.5,karachi
2024-02-15 19:00:00,40.4,65.2,23.5,54,14.6,karachi
2024-02-15 20:00:00,48.7,77.3,22.7,64,9.7,karachi
2024-02-15 21:00:00,51.6,82.0,21.6,73,10.0,karachi
2024-02-15 22:00:00,55.3,87.5,20.5,75,10.1,karachi
2024-02-15 23:00:00,58.9,90.6,19.4,74,8.6,karachi
2024-02-16 00:00:00,59.1,88.5,18.5,68,9.7,karachi
2024-02-16 01:00:00,57.5,84.8,17.9,48,11.1,karachi
2024-02-16 02:00:00,53.8,78.7,16.8,44,10.4,karachi
2024-02-16 03:00:00,48.9,71.5,15.8,48,10.8,karachi
2024-02-16 04:00:00,43.3,63.3,15.1,53,11.7,karachi
2024-02-16 05:00:00,38.2,56.1,14.9,56,13.3,karachi
2024-02-16 06:00:00,34.2,50.4,14.8,62,14.1,karachi
2024-02-16 07:00:00,32.8,48.3,14.9,58,14.7,karachi
2024-02-16 08:00:00,35.6,52.5,16.3,50,13.8,karachi
2024-02-16 09:00:00,37.6,55.8,20.2,38,11.6,karachi
2024-02-16 10:00:00,37.0,56.3,24.6,27,9.5,karachi
2024-02-16 11:00:00,30.5,56.2,27.6,17,11.1,karachi
2024-02-16 12:00:00,25.9,54.4,29.1,13,9.9,karachi
2024-02-16 13:00:00,22.9,48.9,29.9,11,8.4,karachi
2024-02-16 14:00:00,20.4,44.9,30.3,10,6.5,karachi
2024-02-16 15:00:00,18.5,41.2,30.4,10,4.0,karachi
2024-02-16 16:00:00,17.7,38.5,29.2,26,14.2,karachi
2024-02-16 17:00:00,19.8,41.6,28.5,25,20.4,karachi
2024-02-16 18:00:00,20.1,40.2,26.6,27,22.8,karachi
2024-02-16 19:00:00,30.0,52.3,24.5,37,17.9,karachi
2024-02-16 20:00:00,43.4,71.0,23.4,46,15.1,karachi
2024-02-16 21:00:00,49.7,79.2,22.4,54,14.8,karachi
2024-02-16 22:00:00,52.2,82.7,21.4,61,12.3,karachi
2024-02-16 23:00:00,55.6,87.3,20.2,62,11.4,karachi
2024-02-17 00:00:00,58.4,90.6,19.1,57,10.9,karachi
2024-02-17 01:00:00,58.7,89.6,18.3,43,11.1,karachi
2024-02-17 02:00:00,55.2,83.6,17.5,38,10.0,karachi
2024-02-17 03:00:00,50.1,75.9,16.7,40,10.9,karachi
2024-02-17 04:00:00,44.1,66.8,15.9,45,10.7,karachi
2024-02-17 05:00:00,35.7,54.5,15.1,51,11.5,karachi
2024-02-17 06:00:00,31.0,47.4,14.6,59,11.9,karachi
2024-02-17 07:00:00,29.6,45.1,14.5,59,11.5,karachi
2024-02-17 08:00:00,34.2,51.3,16.0,50,10.8,karachi
2024-02-17 09:00:00,41.8,62.2,20.1,37,9.7,karachi
2024-02-17 10:00:00,40.5,62.6,24.5,29,8.6,karachi
2024-02-17 11:00:00,38.3,63.1,27.2,24,7.9,karachi
2024-02-17 12:00:00,30.5,53.4,28.9,19,6.5,karachi
2024-02-17 13:00:00,28.3,49.6,29.4,19,10.6,karachi
2024-02-17 14:00:00,26.1,45.8,29.5,23,15.0,karachi
2024-02-17 15:00:00,23.2,41.7,29.4,24,18.1,karachi
2024-02-17 16:00:00,20.4,37.8,28.9,23,19.2,karachi
2024-02-17 17:00:00,9.8,18.9,27.7,28,18.5,karachi
2024-02-17 18:00:00,10.5,21.6,25.5,47,17.1,karachi
2024-02-17 19:00:00,13.0,24.9,23.5,63,12.3,karachi
2024-02-17 20:00:00,14.0,26.6,22.5,73,10.9,karachi
2024-02-17 21:00:00,15.1,28.2,21.6,80,9.8,karachi
2024-02-17 22:00:00,15.9,29.2,20.8,85,10.4,karachi
2024-02-17 23:00:00,16.2,29.9,20.3,87,11.5,karachi
2024-02-18 00:00:00,15.7,29.6,20.0,86,11.9,karachi
2024-02-18 01:00:00,14.6,28.2,20.0,86,12.8,karachi
2024-02-18 02:00:00,13.6,26.7,20.0,86,13.1,karachi
2024-02-18 03:00:00,12.9,25.5,19.7,86,12.6,karachi
2024-02-18 04:00:00,12.5,24.4,19.5,87,12.4,karachi
2024-02-18 05:00:00,12.2,23.9,19.7,86,13.1,karachi
2024-02-18 06:00:00,12.5,24.0,20.1,87,13.9,karachi
2024-02-18 07:00:00,14.0,26.1,20.1,87,13.9,karachi
2024-02-18 08:00:00,16.8,30.2,21.4,83,14.7,karachi
2024-02-18 09:00:00,17.4,31.5,23.9,68,19.1,karachi
2024-02-18 10:00:00,14.4,27.6,25.2,59,24.3,karachi
2024-02-18 11:00:00,12.3,23.7,26.1,53,26.0,karachi
2024-02-18 12:00:00,11.7,22.4,26.5,53,27.4,karachi
2024-02-18 13:00:00,11.6,22.2,26.8,53,28.8,karachi
2024-02-18 14:00:00,11.7,22.1,26.6,54,30.1,karachi
2024-02-18 15:00:00,11.7,21.9,26.5,55,30.1,karachi
2024-02-18 16:00:00,12.0,22.2,25.9,59,29.9,karachi
2024-02-18 17:00:00,14.5,26.1,25.0,66,29.2,karachi
2024-02-18 18:00:00,16.5,29.8,24.4,72,28.4,karachi
2024-02-18 19:00:00,18.3,32.7,23.7,77,25.9,karachi
2024-02-18 20:00:00,19.9,35.3,23.5,80,23.7,karachi
2024-02-18 21:00:00,21.1,37.3,23.3,82,22.9,karachi
2024-02-18 22:00:00,21.7,38.2,23.1,86,24.8,karachi
2024-02-18 23:00:00,21.5,38.0,22.9,89,25.3,karachi
2024-02-19 00:00:00,20.4,36.2,22.7,91,24.2,karachi
2024-02-19 01:00:00,18.5,33.4,22.6,92,24.1,karachi
2024-02-19 02:00:00,16.9,31.0,22.7,92,24.4,karachi
2024-02-19 03:00:00,15.5,29.3,22.5,92,23.2,karachi
2024-02-19 04:00:00,14.6,29.0,22.6,93,22.4,karachi
2024-02-19 05:00:00,14.0,29.2,22.5,93,20.6,karachi
2024-02-19 06:00:00,13.9,31.2,22.6,92,21.6,karachi
2024-02-19 07:00:00,15.0,33.5,22.8,92,22.9,karachi
2024-02-19 08:00:00,16.1,34.8,23.5,88,24.7,karachi
2024-02-19 09:00:00,16.1,42.4,25.3,75,30.0,karachi
2024-02-19 10:00:00,15.4,49.7,26.7,66,33.9,karachi
2024-02-19 11:00:00,16.1,54.9,27.3,60,32.5,karachi
2024-02-19 12:00:00,16.6,55.5,28.2,49,33.0,karachi
2024-02-19 13:00:00,17.3,56.7,28.4,45,32.7,karachi
2024-02-19 14:00:00,18.0,57.3,28.1,48,32.7,karachi
2024-02-19 15:00:00,18.2,56.9,27.8,50,32.0,karachi
2024-02-19 16:00:00,17.6,53.4,27.1,54,30.0,karachi
2024-02-19 17:00:00,17.9,47.4,26.2,60,28.3,karachi
2024-02-19 18:00:00,19.1,47.6,24.9,72,26.2,karachi
2024-02-19 19:00:00,20.9,48.4,23.9,83,24.6,karachi
2024-02-19 20:00:00,22.4,50.8,23.8,82,25.0,karachi
2024-02-19 21:00:00,22.5,52.4,23.6,80,23.8,karachi
2024-02-19 22:00:00,22.5,53.3,23.4,84,22.8,karachi
2024-02-19 23:00:00,22.6,54.5,23.0,88,20.9,karachi
2024-02-20 00:00:00,22.9,55.6,22.7,90,18.4,karachi
2024-02-20 01:00:00,22.5,54.6,22.5,92,16.7,karachi
2024-02-20 02:00:00,22.3,54.2,22.2,94,14.9,karachi
2024-02-20 03:00:00,22.2,54.5,22.1,95,14.1,karachi
2024-02-20 04:00:00,22.1,54.4,21.8,94,11.9,karachi
2024-02-20 05:00:00,21.7,56.6,21.2,93,9.8,karachi
2024-02-20 06:00:00,21.2,55.1,21.3,91,11.4,karachi
2024-02-20 07:00:00,21.9,53.1,20.7,90,10.2,karachi
2024-02-20 08:00:00,23.2,52.5,21.5,84,8.3,karachi
2024-02-20 09:00:00,20.5,47.4,23.5,74,8.9,karachi
2024-02-20 10:00:00,17.9,43.4,25.2,64,16.2,karachi
2024-02-20 11:00:00,16.7,43.8,26.0,57,18.7,karachi
2024-02-20 12:00:00,15.9,44.4,26.4,55,20.4,karachi
2024-02-20 13:00:00,15.1,42.3,26.5,54,22.1,karachi
2024-02-20 14:00:00,14.7,38.9,26.6,54,23.7,karachi
2024-02-20 15:00:00,15.0,36.4,26.3,55,25.0,karachi
2024-02-20 16:00:00,16.5,37.5,25.9,56,25.2,karachi
2024-02-20 17:00:00,16.7,40.4,25.1,61,24.4,karachi
2024-02-20 18:00:00,19.4,43.7,23.9,69,20.9,karachi
2024-02-20 19:00:00,22.3,47.3,23.3,72,19.3,karachi
2024-02-20 20:00:00,24.9,51.0,23.0,74,18.6,karachi
2024-02-20 21:00:00,26.8,54.6,22.6,76,17.4,karachi
2024-02-20 22:00:00,28.2,57.0,22.1,80,17.9,karachi
2024-02-20 23:00:00,28.6,58.0,22.0,78,18.2,karachi
2024-02-21 00:00:00,27.7,55.9,22.0,77,19.5,karachi
2024-02-21 01:00:00,26.0,51.8,21.7,78,19.5,karachi
2024-02-21 02:00:00,24.0,47.8,21.4,79,18.5,karachi
2024-02-21 03:00:00,22.5,44.7,21.2,79,17.1,karachi
2024-02-21 04:00:00,21.0,42.0,21.1,78,16.5,karachi
2024-02-21 05:00:00,18.7,38.9,20.9,79,16.1,karachi
2024-02-21 06:00:00,18.3,37.8,21.0,84,13.9,karachi
2024-02-21 07:00:00,18.9,38.3,20.1,87,11.4,karachi
2024-02-21 08:00:00,21.7,42.4,21.2,82,9.8,karachi
2024-02-21 09:00:00,19.9,45.5,23.8,69,18.0,karachi
2024-02-21 10:00:00,17.9,51.5,25.1,60,21.3,karachi
2024-02-21 11:00:00,18.6,64.7,26.0,56,23.9,karachi
2024-02-21 12:00:00,20.0,78.5,26.8,48,23.9,karachi
2024-02-21 13:00:00,21.0,90.1,27.1,43,26.0,karachi
2024-02-21 14:00:00,20.9,94.5,27.0,43,27.4,karachi
2024-02-21 15:00:00,20.5,94.5,26.8,48,26.7,karachi
2024-02-21 16:00:00,19.7,87.1,26.1,54,24.6,karachi
2024-02-21 17:00:00,18.9,80.6,25.2,60,23.5,karachi
2024-02-21 18:00:00,17.1,63.3,23.8,71,21.3,karachi
2024-02-21 19:00:00,15.4,44.6,23.1,77,18.3,karachi
2024-02-21 20:00:00,15.1,35.6,22.8,79,13.2,karachi
2024-02-21 21:00:00,15.9,34.3,22.5,80,11.1,karachi
2024-02-21 22:00:00,16.6,34.7,22.5,79,10.8,karachi
2024-02-21 23:00:00,17.2,36.0,22.1,81,12.1,karachi
2024-02-22 00:00:00,17.3,37.3,21.5,85,13.0,karachi
2024-02-22 01:00:00,17.2,38.3,20.8,88,11.0,karachi
2024-02-22 02:00:00,17.5,39.5,19.8,91,10.0,karachi
2024-02-22 03:00:00,17.3,38.8,19.0,95,10.5,karachi
2024-02-22 04:00:00,16.2,37.4,18.2,95,8.4,karachi
2024-02-22 05:00:00,14.8,47.1,17.9,92,10.8,karachi
2024-02-22 06:00:00,16.1,57.2,18.2,90,14.6,karachi
2024-02-22 07:00:00,18.5,60.1,17.9,81,15.2,karachi
2024-02-22 08:00:00,23.3,62.9,19.2,59,14.7,karachi
2024-02-22 09:00:00,25.0,69.2,22.8,31,15.0,karachi
2024-02-22 10:00:00,22.7,76.6,25.4,18,21.9,karachi
2024-02-22 11:00:00,19.2,98.7,27.2,11,25.5,karachi
2024-02-22 12:00:00,16.6,102.4,27.9,11,18.7,karachi
2024-02-22 13:00:00,14.7,91.3,28.5,8,17.9,karachi
2024-02-22 14:00:00,13.1,80.1,29.0,5,16.2,karachi
2024-02-22 15:00:00,12.0,71.5,29.2,5,14.8,karachi
2024-02-22 16:00:00,11.5,66.6,29.2,5,12.1,karachi
2024-02-22 17:00:00,12.0,75.4,28.7,5,9.9,karachi
2024-02-22 18:00:00,12.6,75.4,27.5,7,8.4,karachi
2024-02-22 19:00:00,18.5,79.9,24.9,12,11.2,karachi
2024-02-22 20:00:00,24.6,84.1,23.3,17,10.9,karachi
2024-02-22 21:00:00,27.6,83.4,21.5,17,12.1,karachi
2024-02-22 22:00:00,29.8,79.4,20.3,18,10.5,karachi
2024-02-22 23:00:00,33.9,82.9,19.2,23,9.8,karachi
2024-02-23 00:00:00,38.0,89.4,18.4,25,11.2,karachi
2024-02-23 01:00:00,39.6,86.4,17.1,27,10.7,karachi
2024-02-23 02:00:00,38.9,75.7,16.0,32,7.9,karachi
2024-02-23 03:00:00,35.0,65.0,15.6,34,8.3,karachi
2024-02-23 04:00:00,31.2,58.9,14.8,39,8.4,karachi
2024-02-23 05:00:00,38.5,90.3,13.7,47,7.6,karachi
2024-02-23 06:00:00,37.8,85.9,14.6,57,7.3,karachi
2024-02-23 07:00:00,37.5,80.3,14.6,60,7.9,karachi
2024-02-23 08:00:00,41.9,82.4,16.4,58,7.8,karachi
2024-02-23 09:00:00,44.5,94.5,19.5,54,6.6,karachi
2024-02-23 10:00:00,34.9,102.7,22.4,54,3.8,karachi
2024-02-23 11:00:00,33.5,116.9,24.3,39,3.6,karachi
2024-02-23 12:00:00,30.2,122.5,25.6,30,5.1,karachi
2024-02-23 13:00:00,25.4,104.8,26.6,24,8.7,karachi
2024-02-23 14:00:00,22.0,89.9,27.4,19,12.5,karachi
2024-02-23 15:00:00,19.3,82.9,28.3,9,14.8,karachi
2024-02-23 16:00:00,18.3,86.8,28.3,10,20.6,karachi
2024-02-23 17:00:00,18.7,87.8,26.9,13,23.0,karachi
2024-02-23 18:00:00,19.7,97.3,24.6,24,20.3,karachi
2024-02-23 19:00:00,23.9,92.7,23.1,33,15.6,karachi
2024-02-23 20:00:00,24.2,87.3,22.1,42,12.6,karachi
2024-02-23 21:00:00,22.6,78.2,21.2,48,10.8,karachi
2024-02-23 22:00:00,21.3,69.6,20.5,55,10.5,karachi
2024-02-23 23:00:00,21.0,64.3,19.6,66,10.1,karachi
2024-02-24 00:00:00,20.9,60.3,19.2,67,12.7,karachi
2024-02-24 01:00:00,20.4,56.0,18.4,74,10.8,karachi
2024-02-24 02:00:00,19.7,51.9,17.6,79,9.5,karachi
2024-02-24 03:00:00,19.1,50.4,16.8,82,9.1,karachi
2024-02-24 04:00:00,18.7,51.2,16.0,83,9.3,karachi
2024-02-24 05:00:00,18.5,55.1,15.4,84,8.2,karachi
2024-02-24 06:00:00,17.9,55.2,16.3,84,5.8,karachi
2024-02-24 07:00:00,18.6,53.9,16.9,81,6.7,karachi
2024-02-24 08:00:00,22.5,56.1,19.1,72,6.9,karachi
2024-02-24 09:00:00,22.5,60.5,22.0,58,6.6,karachi
2024-02-24 10:00:00,19.2,70.1,24.2,40,10.3,karachi
2024-02-24 11:00:00,19.2,88.5,26.2,26,10.3,karachi
2024-02-24 12:00:00,19.0,94.3,28.0,19,11.2,karachi
2024-02-24 13:00:00,17.4,84.5,29.3,14,9.8,karachi
2024-02-24 14:00:00,16.0,77.5,29.9,11,2.9,karachi
2024-02-24 15:00:00,15.5,73.6,29.5,14,8.9,karachi
2024-02-24 16:00:00,15.7,72.4,28.4,29,19.1,karachi
2024-02-24 17:00:00,15.1,61.9,27.1,35,23.6,karachi
2024-02-24 18:00:00,18.6,67.8,24.5,42,19.9,karachi
2024-02-24 19:00:00,21.8,66.4,23.5,50,13.5,karachi
2024-02-24 20:00:00,22.7,63.6,23.0,53,12.2,karachi
2024-02-24 21:00:00,21.1,63.1,22.2,61,11.6,karachi
2024-02-24 22:00:00,20.3,57.9,21.7,64,11.4,karachi
2024-02-24 23:00:00,20.4,56.7,20.8,69,10.1,karachi
2024-02-25 00:00:00,22.8,58.2,19.5,79,7.6,karachi
2024-02-25 01:00:00,25.9,58.2,19.0,81,11.2,karachi
2024-02-25 02:00:00,29.7,57.4,18.3,80,9.6,karachi
2024-02-25 03:00:00,31.0,58.4,17.7,77,11.2,karachi
2024-02-25 04:00:00,31.5,59.6,17.5,76,9.9,karachi
2024-02-25 05:00:00,33.4,62.6,16.3,82,7.4,karachi
2024-02-25 06:00:00,32.1,61.5,16.3,82,8.5,karachi
2024-02-25 07:00:00,32.2,63.1,15.8,81,9.0,karachi
2024-02-25 08:00:00,32.7,65.9,17.1,63,10.1,karachi
2024-02-25 09:00:00,30.7,61.5,20.5,40,11.4,karachi
2024-02-25 10:00:00,23.5,53.2,24.4,22,15.9,karachi
2024-02-25 11:00:00,18.9,46.6,26.3,14,21.3,karachi
2024-02-25 12:00:00,16.5,45.5,27.6,12,23.7,karachi
2024-02-25 13:00:00,13.7,44.0,28.8,11,23.2,karachi
2024-02-25 14:00:00,13.6,45.3,28.9,12,18.3,karachi
2024-02-25 15:00:00,13.8,46.6,29.2,12,15.5,karachi
2024-02-25 16:00:00,14.0,47.0,29.2,12,12.2,karachi
2024-02-25 17:00:00,17.8,61.5,29.0,11,10.5,karachi
2024-02-25 18:00:00,18.2,56.7,27.2,13,15.0,karachi
2024-02-25 19:00:00,22.8,53.1,25.4,18,11.5,karachi
2024-02-25 20:00:00,23.6,49.1,24.2,18,15.4,karachi
2024-02-25 21:00:00,21.6,43.5,23.6,18,17.8,karachi
2024-02-25 22:00:00,19.4,39.7,22.7,21,20.2,karachi
2024-02-25 23:00:00,18.5,38.4,22.5,24,22.4,karachi
2024-02-26 00:00:00,19.0,38.5,22.1,25,23.8,karachi
2024-02-26 01:00:00,19.2,38.6,21.8,26,23.7,karachi
2024-02-26 02:00:00,18.0,38.3,20.4,29,26.5,karachi
2024-02-26 03:00:00,18.3,39.9,19.6,31,28.3,karachi
2024-02-26 04:00:00,22.4,45.8,19.0,32,27.7,karachi
2024-02-26 05:00:00,23.4,50.3,19.0,31,27.1,karachi
2024-02-26 06:00:00,25.1,58.9,20.0,34,27.6,karachi
2024-02-26 07:00:00,25.6,61.9,19.9,32,27.0,karachi
2024-02-26 08:00:00,24.9,61.9,20.5,31,29.6,karachi
2024-02-26 09:00:00,26.3,62.6,21.8,33,26.7,karachi
2024-02-26 10:00:00,22.3,59.5,23.9,27,30.7,karachi
2024-02-26 11:00:00,19.6,51.0,26.0,22,32.1,karachi
2024-02-26 12:00:00,17.8,44.7,27.3,20,32.8,karachi
2024-02-26 13:00:00,16.2,41.9,28.5,17,30.7,karachi
2024-02-26 14:00:00,15.0,39.5,29.2,16,28.6,karachi
2024-02-26 15:00:00,14.0,38.1,29.3,18,28.0,karachi
2024-02-26 16:00:00,13.2,38.6,29.5,17,23.7,karachi
2024-02-26 17:00:00,14.1,32.6,29.4,16,18.5,karachi
2024-02-26 18:00:00,18.7,44.0,26.0,29,28.8,karachi
2024-02-26 19:00:00,22.8,45.9,24.0,36,28.4,karachi
2024-02-26 20:00:00,26.0,51.1,22.4,41,30.1,karachi
2024-02-26 21:00:00,30.0,56.9,20.9,46,32.8,karachi
2024-02-26 22:00:00,33.3,60.8,20.0,46,33.7,karachi
2024-02-26 23:00:00,35.4,67.3,19.2,51,34.4,karachi
2024-02-27 00:00:00,38.5,78.0,18.4,53,33.9,karachi
2024-02-27 01:00:00,39.8,85.0,17.9,53,34.2,karachi
2024-02-27 02:00:00,41.7,89.9,17.5,56,33.6,karachi
2024-02-27 03:00:00,40.9,88.9,17.0,58,32.6,karachi
2024-02-27 04:00:00,39.8,87.8,16.8,61,33.4,karachi
2024-02-27 05:00:00,40.6,89.4,16.5,63,33.9,karachi
2024-02-27 06:00:00,39.3,85.9,16.6,61,31.4,karachi
2024-02-27 07:00:00,38.3,79.9,16.5,62,31.4,karachi
2024-02-27 08:00:00,39.5,75.0,17.4,60,29.6,karachi
2024-02-27 09:00:00,40.9,77.3,19.2,55,31.6,karachi
2024-02-27 10:00:00,41.3,76.1,21.8,47,36.5,karachi
2024-02-27 11:00:00,41.3,75.0,23.9,40,38.0,karachi
2024-02-27 12:00:00,40.6,75.9,25.5,35,39.3,karachi
2024-02-27 13:00:00,39.3,76.8,26.5,32,36.1,karachi
2024-02-27 14:00:00,37.3,76.1,27.3,29,33.2,karachi
2024-02-27 15:00:00,35.2,74.0,27.6,28,31.0,karachi
2024-02-27 16:00:00,34.5,72.6,27.4,29,29.2,karachi
2024-02-27 17:00:00,22.1,47.7,26.7,31,27.4,karachi
2024-02-27 18:00:00,22.2,47.0,25.0,37,27.4,karachi
2024-02-27 19:00:00,23.7,44.6,23.7,40,23.1,karachi
2024-02-27 20:00:00,24.7,44.5,22.7,43,22.9,karachi
2024-02-27 21:00:00,24.7,44.0,21.8,46,22.2,karachi
2024-02-27 22:00:00,24.8,43.2,21.0,48,22.3,karachi
2024-02-27 23:00:00,25.0,42.4,20.3,50,24.2,karachi
2024-02-28 00:00:00,25.0,41.3,19.7,52,24.3,karachi
2024-02-28 01:00:00,25.0,40.5,19.1,54,22.7,karachi
2024-02-28 02:00:00,25.2,40.9,18.8,55,21.4,karachi
2024-02-28 03:00:00,25.8,42.1,18.4,56,20.9,karachi
2024-02-28 04:00:00,26.5,44.0,18.0,56,20.4,karachi
2024-02-28 05:00:00,27.1,44.0,17.8,57,19.6,karachi
2024-02-28 06:00:00,28.1,47.3,17.5,58,18.6,karachi
2024-02-28 07:00:00,29.5,49.2,17.2,59,18.6,karachi
2024-02-28 08:00:00,31.2,52.3,18.4,55,17.3,karachi
2024-02-28 09:00:00,32.6,55.8,20.9,46,20.2,karachi
2024-02-28 10:00:00,32.6,61.2,23.6,38,25.2,karachi
2024-02-28 11:00:00,30.3,68.5,25.7,31,27.4,karachi
2024-02-28 12:00:00,24.5,71.7,27.1,28,25.7,karachi
2024-02-28 13:00:00,23.7,77.3,28.1,26,23.7,karachi
2024-02-28 14:00:00,23.5,82.0,28.9,25,20.9,karachi
2024-02-28 15:00:00,23.5,83.1,29.2,24,17.1,karachi
2024-02-28 16:00:00,23.5,82.4,29.1,24,14.8,karachi
2024-02-28 17:00:00,25.1,92.0,28.6,24,14.9,karachi
2024-02-28 18:00:00,25.1,88.2,27.3,27,13.9,karachi
2024-02-28 19:00:00,28.3,77.3,26.0,30,10.7,karachi
2024-02-28 20:00:00,30.9,72.4,24.8,34,12.6,karachi
2024-02-28 21:00:00,31.4,68.0,23.5,39,14.7,karachi
2024-02-28 22:00:00,30.3,63.3,22.3,44,15.6,karachi
2024-02-28 23:00:00,28.6,59.0,21.5,47,15.1,karachi
2024-02-29 00:00:00,27.2,55.5,20.9,50,15.9,karachi
2024-02-29 01:00:00,25.9,52.5,20.3,51,15.3,karachi
2024-02-29 02:00:00,24.9,50.9,19.8,52,14.3,karachi
2024-02-29 03:00:00,24.2,49.5,19.2,53,13.9,karachi
2024-02-29 04:00:00,23.7,48.2,18.9,53,12.5,karachi
2024-02-29 05:00:00,23.6,46.2,18.4,54,11.0,karachi
2024-02-29 06:00:00,24.2,46.7,18.0,55,11.7,karachi
2024-02-29 07:00:00,25.6,48.8,17.7,56,11.2,karachi
2024-02-29 08:00:00,28.4,54.7,19.2,51,9.9,karachi
2024-02-29 09:00:00,31.2,61.5,22.0,42,9.4,karachi
2024-02-29 10:00:00,27.2,73.1,25.4,34,10.3,karachi
2024-02-29 11:00:00,21.5,89.9,28.0,27,11.6,karachi
2024-02-29 12:00:00,21.1,92.9,29.3,24,11.7,karachi
2024-02-29 13:00:00,20.9,84.1,30.0,23,13.0,karachi
2024-02-29 14:00:00,20.3,75.2,30.3,22,14.1,karachi
2024-02-29 15:00:00,19.8,69.2,30.3,21,14.2,karachi
2024-02-29 16:00:00,19.2,63.8,30.2,21,11.2,karachi
2024-02-29 17:00:00,19.3,60.5,29.6,24,11.8,karachi
2024-02-29 18:00:00,20.5,59.0,27.7,32,13.3,karachi
2024-02-29 19:00:00,24.4,58.1,25.7,43,12.5,karachi
2024-02-29 20:00:00,24.2,59.6,24.9,51,12.6,karachi
2024-02-29 21:00:00,23.5,61.0,24.0,55,11.5,karachi
2024-02-29 22:00:00,22.8,61.7,23.1,63,10.7,karachi
2024-02-29 23:00:00,22.2,61.5,23.2,63,9.4,karachi
2024-03-01 00:00:00,22.6,62.9,22.2,68,6.6,karachi
2024-03-01 01:00:00,23.1,64.3,21.8,69,6.1,karachi
2024-03-01 02:00:00,24.2,65.9,21.3,72,6.5,karachi
2024-03-01 03:00:00,25.4,67.8,19.8,84,5.9,karachi
2024-03-01 04:00:00,26.0,69.6,19.4,86,6.0,karachi
2024-03-01 05:00:00,33.4,75.7,19.1,84,4.4,karachi
2024-03-01 06:00:00,34.3,78.7,19.0,62,7.5,karachi
2024-03-01 07:00:00,37.6,83.8,19.4,59,11.4,karachi
2024-03-01 08:00:00,47.6,96.4,20.2,60,9.0,karachi
2024-03-01 09:00:00,45.6,95.9,21.6,58,5.5,karachi
2024-03-01 10:00:00,35.4,90.6,23.5,51,6.6,karachi
2024-03-01 11:00:00,32.4,90.3,24.5,56,11.0,karachi
2024-03-01 12:00:00,29.6,81.3,24.6,59,6.6,karachi
2024-03-01 13:00:00,30.5,75.9,25.0,59,19.8,karachi
2024-03-01 14:00:00,30.3,71.5,22.8,68,22.5,karachi
2024-03-01 15:00:00,24.0,53.6,21.6,75,21.1,karachi
2024-03-01 16:00:00,14.7,32.8,21.3,75,17.6,karachi
2024-03-01 17:00:00,15.5,30.5,21.1,77,12.0,karachi
2024-03-01 18:00:00,9.4,18.8,21.0,80,8.7,karachi
2024-03-01 19:00:00,7.7,19.2,21.0,83,10.3,karachi
2024-03-01 20:00:00,8.9,26.9,21.0,85,9.3,karachi
2024-03-01 21:00:00,12.1,41.0,20.6,88,7.9,karachi
2024-03-01 22:00:00,17.2,58.9,20.8,86,9.6,karachi
2024-03-01 23:00:00,21.7,71.5,19.9,89,10.9,karachi
2024-03-02 00:00:00,22.1,68.0,20.1,89,5.8,karachi
2024-03-02 01:00:00,22.6,70.3,18.9,94,9.2,karachi
2024-03-02 02:00:00,25.7,86.8,19.2,91,15.4,karachi
2024-03-02 03:00:00,30.2,105.0,17.8,71,22.2,karachi
2024-03-02 04:00:00,30.6,94.5,15.9,68,21.2,karachi
2024-03-02 05:00:00,36.1,93.1,14.6,65,22.6,karachi
2024-03-02 06:00:00,28.7,68.5,16.0,66,20.2,karachi
2024-03-02 07:00:00,22.3,40.0,15.2,62,22.0,karachi
2024-03-02 08:00:00,14.6,19.2,14.8,51,26.0,karachi
2024-03-02 09:00:00,7.1,9.1,15.6,41,31.8,karachi
2024-03-02 10:00:00,4.9,8.7,16.8,33,33.5,karachi
2024-03-02 11:00:00,8.6,33.2,17.8,32,31.1,karachi
2024-03-02 12:00:00,15.7,81.0,18.8,32,28.5,karachi
2024-03-02 13:00:00,22.1,128.5,19.5,32,25.1,karachi
2024-03-02 14:00:00,25.6,160.2,19.7,33,22.4,karachi
2024-03-02 15:00:00,26.3,169.5,19.5,35,23.6,karachi
2024-03-02 16:00:00,25.3,160.2,19.3,37,26.6,karachi
2024-03-02 17:00:00,21.4,130.4,18.9,38,26.9,karachi
2024-03-02 18:00:00,18.9,99.9,18.9,35,26.9,karachi
2024-03-02 19:00:00,18.3,75.2,18.0,37,22.5,karachi
2024-03-02 20:00:00,19.5,76.8,17.5,40,23.4,karachi
2024-03-02 21:00:00,20.4,82.7,17.1,40,21.8,karachi
2024-03-02 22:00:00,19.4,76.4,16.3,40,22.5,karachi
2024-03-02 23:00:00,18.0,64.3,15.4,43,23.6,karachi
2024-03-03 00:00:00,17.4,59.0,14.6,46,22.0,karachi
2024-03-03 01:00:00,18.5,64.5,13.5,47,20.5,karachi
2024-03-03 02:00:00,20.1,75.7,12.7,49,19.8,karachi
2024-03-03 03:00:00,22.5,90.6,12.3,51,20.1,karachi
2024-03-03 04:00:00,26.5,112.5,11.8,51,20.0,karachi
2024-03-03 05:00:00,38.4,159.7,11.2,49,20.5,karachi
2024-03-03 06:00:00,45.3,188.6,11.8,47,21.1,karachi
2024-03-03 07:00:00,50.4,201.2,11.1,48,20.3,karachi
2024-03-03 08:00:00,53.9,200.2,12.1,44,17.1,karachi
2024-03-03 09:00:00,56.7,246.8,14.4,35,24.0,karachi
2024-03-03 10:00:00,53.8,219.8,16.2,29,26.6,karachi
2024-03-03 11:00:00,47.6,177.4,17.9,26,23.2,karachi
2024-03-03 12:00:00,41.3,144.8,19.3,24,19.8,karachi
2024-03-03 13:00:00,35.2,117.8,20.5,22,17.9,karachi
2024-03-03 14:00:00,30.7,98.3,21.4,22,17.7,karachi
2024-03-03 15:00:00,28.0,87.3,21.7,23,19.1,karachi
2024-03-03 16:00:00,27.1,85.4,21.2,27,21.0,karachi
2024-03-03 17:00:00,24.4,78.0,20.2,31,20.6,karachi
2024-03-03 18:00:00,24.9,80.6,19.0,32,17.4,karachi
2024-03-03 19:00:00,26.7,77.5,18.0,37,13.5,karachi
2024-03-03 20:00:00,28.3,76.4,17.0,43,11.4,karachi
2024-03-03 21:00:00,29.4,75.9,16.4,47,10.9,karachi
2024-03-03 22:00:00,31.0,77.5,15.6,52,9.8,karachi
2024-03-03 23:00:00,33.2,84.3,14.5,58,8.2,karachi
2024-03-04 00:00:00,35.2,90.3,13.9,60,8.7,karachi
2024-03-04 01:00:00,35.7,94.3,13.3,63,9.4,karachi
2024-03-04 02:00:00,35.2,92.7,12.6,67,9.6,karachi
2024-03-04 03:00:00,33.6,86.1,11.9,73,9.0,karachi
2024-03-04 04:00:00,31.8,78.7,11.4,78,9.8,karachi
2024-03-04 05:00:00,31.4,74.5,10.6,79,10.4,karachi
2024-03-04 06:00:00,30.2,68.5,10.6,69,10.1,karachi
2024-03-04 07:00:00,31.3,66.1,10.0,78,9.9,karachi
2024-03-04 08:00:00,37.5,72.6,12.0,73,8.6,karachi
2024-03-04 09:00:00,38.6,90.3,15.8,57,8.2,karachi
2024-03-04 10:00:00,30.9,87.5,19.4,38,9.2,karachi
2024-03-04 11:00:00,24.6,81.3,21.7,24,6.8,karachi
2024-03-04 12:00:00,22.9,82.7,23.0,19,4.6,karachi
2024-03-04 13:00:00,23.2,79.4,23.8,18,7.6,karachi
2024-03-04 14:00:00,23.5,76.8,24.2,19,10.8,karachi
2024-03-04 15:00:00,23.9,75.7,24.1,21,15.3,karachi
2024-03-04 16:00:00,24.2,75.7,23.5,27,21.4,karachi
2024-03-04 17:00:00,28.1,86.8,23.0,27,20.8,karachi
2024-03-04 18:00:00,27.8,85.7,21.1,26,13.6,karachi
2024-03-04 19:00:00,27.1,81.3,20.9,27,7.4,karachi
2024-03-04 20:00:00,26.8,76.6,19.7,35,6.3,karachi
2024-03-04 21:00:00,26.4,73.6,18.5,41,8.2,karachi
2024-03-04 22:00:00,26.9,71.5,17.5,45,10.5,karachi
2024-03-04 23:00:00,28.6,67.1,16.5,48,12.6,karachi
2024-03-05 00:00:00,29.6,63.3,15.7,48,12.1,karachi
2024-03-05 01:00:00,29.9,59.1,15.0,46,12.0,karachi
2024-03-05 02:00:00,30.7,57.2,14.6,43,11.8,karachi
2024-03-05 03:00:00,30.5,55.6,14.7,39,14.0,karachi
2024-03-05 04:00:00,27.6,51.9,14.6,36,15.6,karachi
2024-03-05 05:00:00,27.9,51.8,14.4,36,17.1,karachi
2024-03-05 06:00:00,23.9,48.5,13.6,45,14.4,karachi
2024-03-05 07:00:00,21.2,45.4,13.5,45,15.8,karachi
2024-03-05 08:00:00,22.3,43.0,15.4,39,16.6,karachi
2024-03-05 09:00:00,21.9,43.2,18.8,30,17.5,karachi
2024-03-05 10:00:00,20.4,42.3,22.0,23,23.2,karachi
2024-03-05 11:00:00,16.1,43.0,23.9,17,22.5,karachi
2024-03-05 12:00:00,16.9,46.3,25.0,15,20.8,karachi
2024-03-05 13:00:00,18.1,46.6,25.6,14,16.2,karachi
2024-03-05 14:00:00,18.5,44.9,26.0,14,16.8,karachi
2024-03-05 15:00:00,18.6,43.1,26.2,14,16.3,karachi
2024-03-05 16:00:00,18.5,41.3,26.0,14,13.5,karachi
2024-03-05 17:00:00,17.3,43.8,25.6,15,12.1,karachi
2024-03-05 18:00:00,17.5,43.2,24.8,16,10.9,karachi
2024-03-05 19:00:00,17.6,41.2,23.3,22,9.3,karachi
2024-03-05 20:00:00,20.7,41.7,21.6,30,6.9,karachi
2024-03-05 21:00:00,23.8,41.7,20.4,28,11.7,karachi
2024-03-05 22:00:00,23.7,38.9,19.4,31,11.8,karachi
2024-03-05 23:00:00,22.6,36.6,18.5,33,12.6,karachi
2024-03-06 00:00:00,21.4,35.0,17.5,35,12.2,karachi
2024-03-06 01:00:00,20.4,34.5,17.0,37,11.7,karachi
2024-03-06 02:00:00,19.6,34.3,16.4,39,12.2,karachi
2024-03-06 03:00:00,19.2,34.2,15.9,40,12.2,karachi
2024-03-06 04:00:00,18.9,33.9,15.3,42,11.6,karachi
2024-03-06 05:00:00,18.3,32.1,14.8,44,10.9,karachi
2024-03-06 06:00:00,18.2,32.0,15.1,48,11.4,karachi
2024-03-06 07:00:00,19.4,34.1,15.2,47,10.7,karachi
2024-03-06 08:00:00,22.1,39.2,16.8,42,9.2,karachi
2024-03-06 09:00:00,22.2,44.2,19.2,35,12.3,karachi
2024-03-06 10:00:00,19.2,50.9,22.0,27,11.6,karachi
2024-03-06 11:00:00,19.7,66.8,23.7,21,7.0,karachi
2024-03-06 12:00:00,21.4,71.0,24.6,20,4.3,karachi
2024-03-06 13:00:00,23.4,74.7,25.4,20,9.0,karachi
2024-03-06 14:00:00,25.0,76.6,25.6,22,13.3,karachi
2024-03-06 15:00:00,25.8,76.6,25.4,24,15.3,karachi
2024-03-06 16:00:00,25.8,74.3,25.0,25,16.3,karachi
2024-03-06 17:00:00,21.2,57.2,24.5,26,17.3,karachi
2024-03-06 18:00:00,19.9,52.0,23.1,32,18.3,karachi
2024-03-06 19:00:00,20.9,48.7,22.1,39,15.5,karachi
2024-03-06 20:00:00,20.7,46.9,21.6,47,11.9,karachi
2024-03-06 21:00:00,20.4,45.8,21.1,53,11.9,karachi
2024-03-06 22:00:00,20.6,45.4,20.9,57,11.9,karachi
2024-03-06 23:00:00,21.4,46.0,20.5,60,12.0,karachi
2024-03-07 00:00:00,22.0,46.9,20.0,65,11.6,karachi
2024-03-07 01:00:00,21.6,45.6,19.5,69,11.4,karachi
2024-03-07 02:00:00,20.4,42.8,19.2,71,12.6,karachi
2024-03-07 03:00:00,18.9,39.0,19.0,74,13.0,karachi
2024-03-07 04:00:00,17.5,35.7,18.2,80,12.9,karachi
2024-03-07 05:00:00,16.7,36.2,17.8,79,13.2,karachi
2024-03-07 06:00:00,16.9,35.7,18.2,80,12.0,karachi
2024-03-07 07:00:00,18.9,38.3,17.7,79,10.5,karachi
2024-03-07 08:00:00,24.5,47.0,19.0,68,6.6,karachi
2024-03-07 09:00:00,23.1,56.0,21.6,56,6.5,karachi
2024-03-07 10:00:00,24.0,80.1,24.3,45,9.0,karachi
2024-03-07 11:00:00,25.0,91.5,26.4,36,7.5,karachi
2024-03-07 12:00:00,24.2,87.5,27.4,32,1.8,karachi
2024-03-07 13:00:00,23.8,81.0,27.9,32,9.0,karachi
2024-03-07 14:00:00,23.6,75.7,27.9,39,15.9,karachi
2024-03-07 15:00:00,23.7,72.6,27.9,37,18.3,karachi
2024-03-07 16:00:00,23.7,70.8,27.3,38,21.9,karachi
2024-03-07 17:00:00,24.9,78.0,25.9,44,24.0,karachi
2024-03-07 18:00:00,25.6,78.0,24.6,46,17.1,karachi
2024-03-07 19:00:00,26.0,71.2,23.0,52,14.8,karachi
2024-03-07 20:00:00,24.9,65.7,22.7,59,14.3,karachi
2024-03-07 21:00:00,23.5,58.9,22.3,61,14.1,karachi
2024-03-07 22:00:00,21.5,55.5,21.7,66,10.2,karachi
2024-03-07 23:00:00,21.4,51.7,21.0,71,7.9,karachi
2024-03-08 00:00:00,23.6,51.5,20.1,69,12.9,karachi
2024-03-08 01:00:00,26.2,51.2,19.9,66,11.2,karachi
2024-03-08 02:00:00,27.9,51.0,19.4,70,9.5,karachi
2024-03-08 03:00:00,29.0,51.8,18.5,77,9.4,karachi
2024-03-08 04:00:00,29.3,52.4,17.9,79,10.1,karachi
2024-03-08 05:00:00,26.5,47.3,17.5,80,8.8,karachi
2024-03-08 06:00:00,27.0,48.1,17.4,80,8.0,karachi
2024-03-08 07:00:00,29.5,51.5,17.3,75,9.4,karachi
2024-03-08 08:00:00,36.1,61.9,19.2,60,8.4,karachi
2024-03-08 09:00:00,34.7,67.3,22.6,43,6.8,karachi
2024-03-08 10:00:00,28.3,58.9,25.5,29,9.4,karachi
2024-03-08 11:00:00,23.6,51.1,26.9,24,8.8,karachi
2024-03-08 12:00:00,21.4,48.7,27.7,23,10.6,karachi
2024-03-08 13:00:00,21.7,48.7,28.0,23,14.4,karachi
2024-03-08 14:00:00,22.3,49.5,28.3,23,16.9,karachi
2024-03-08 15:00:00,23.3,51.3,28.0,25,19.5,karachi
2024-03-08 16:00:00,24.5,53.0,27.6,27,19.1,karachi
2024-03-08 17:00:00,28.1,62.2,27.0,28,18.8,karachi
2024-03-08 18:00:00,29.3,63.3,25.9,30,16.7,karachi
2024-03-08 19:00:00,32.2,65.7,24.1,34,12.2,karachi
2024-03-08 20:00:00,33.2,66.1,23.5,40,9.3,karachi
2024-03-08 21:00:00,33.1,65.0,22.5,50,10.4,karachi
2024-03-08 22:00:00,32.9,65.4,21.6,54,9.4,karachi
2024-03-08 23:00:00,34.5,66.6,20.5,56,11.4,karachi
2024-03-09 00:00:00,38.2,68.7,20.3,53,10.8,karachi
2024-03-09 01:00:00,46.3,77.1,19.5,57,9.5,karachi
2024-03-09 02:00:00,47.5,76.8,18.5,64,10.5,karachi
2024-03-09 03:00:00,45.4,73.6,18.0,67,12.3,karachi
2024-03-09 04:00:00,41.6,68.2,17.5,66,13.4,karachi
2024-03-09 05:00:00,39.6,66.6,17.1,61,14.1,karachi
2024-03-09 06:00:00,35.2,60.8,17.2,57,13.0,karachi
2024-03-09 07:00:00,32.2,56.9,17.1,52,11.6,karachi
2024-03-09 08:00:00,31.2,56.0,19.3,42,8.5,karachi
2024-03-09 09:00:00,30.0,54.9,22.2,33,6.6,karachi
2024-03-09 10:00:00,26.5,52.9,25.4,26,8.3,karachi
2024-03-09 11:00:00,20.1,44.1,27.8,19,11.2,karachi
2024-03-09 12:00:00,19.3,44.1,28.8,18,11.8,karachi
2024-03-09 13:00:00,20.5,46.4,29.1,18,10.0,karachi
2024-03-09 14:00:00,21.0,46.9,29.5,19,12.2,karachi
2024-03-09 15:00:00,21.4,47.1,29.7,19,15.8,karachi
2024-03-09 16:00:00,21.8,47.1,29.4,20,18.0,karachi
2024-03-09 17:00:00,30.3,65.7,28.0,25,19.6,karachi
2024-03-09 18:00:00,30.2,64.7,26.5,33,17.7,karachi
2024-03-09 19:00:00,32.4,65.4,25.5,30,16.3,karachi
2024-03-09 20:00:00,32.8,64.0,24.7,38,13.8,karachi
2024-03-09 21:00:00,33.3,63.8,23.4,48,12.4,karachi
2024-03-09 22:00:00,35.4,66.1,22.8,50,10.1,karachi
2024-03-09 23:00:00,39.6,70.8,22.1,53,10.9,karachi
2024-03-10 00:00:00,46.8,81.0,21.5,55,9.8,karachi
2024-03-10 01:00:00,52.3,88.5,20.9,59,10.0,karachi
2024-03-10 02:00:00,53.3,89.4,20.5,62,10.7,karachi
2024-03-10 03:00:00,51.5,86.6,19.9,61,11.3,karachi
2024-03-10 04:00:00,49.2,83.8,19.5,56,9.7,karachi
2024-03-10 05:00:00,56.3,91.0,19.0,54,9.0,karachi
2024-03-10 06:00:00,53.6,87.1,19.6,47,10.8,karachi
2024-03-10 07:00:00,52.2,85.2,20.0,44,11.2,karachi
2024-03-10 08:00:00,53.3,87.5,21.1,39,10.3,karachi
2024-03-10 09:00:00,53.0,88.2,23.7,31,8.0,karachi
2024-03-10 10:00:00,44.5,84.3,25.9,26,17.0,karachi
2024-03-10 11:00:00,37.7,89.9,25.1,28,19.5,karachi
2024-03-10 12:00:00,33.9,80.6,25.0,29,15.3,karachi
2024-03-10 13:00:00,32.0,78.9,22.6,39,12.0,karachi
2024-03-10 14:00:00,32.9,90.6,21.5,48,3.7,karachi
2024-03-10 15:00:00,33.9,98.5,21.4,53,7.9,karachi
2024-03-10 16:00:00,33.2,95.0,22.9,48,8.7,karachi
2024-03-10 17:00:00,40.7,120.6,23.9,42,7.1,karachi
2024-03-10 18:00:00,41.2,117.6,24.6,38,14.6,karachi
2024-03-10 19:00:00,41.9,111.8,22.4,52,12.4,karachi
2024-03-10 20:00:00,42.5,98.7,21.2,64,12.6,karachi
2024-03-10 21:00:00,41.6,88.5,20.5,70,9.7,karachi
2024-03-10 22:00:00,40.0,80.8,20.0,71,10.7,karachi
2024-03-10 23:00:00,38.1,75.4,19.5,73,11.3,karachi
2024-03-11 00:00:00,35.0,72.4,19.1,75,11.6,karachi
2024-03-11 01:00:00,31.1,69.4,18.9,76,11.3,karachi
2024-03-11 02:00:00,28.1,67.8,18.6,77,10.9,karachi
2024-03-11 03:00:00,25.7,66.4,18.8,79,10.0,karachi
2024-03-11 04:00:00,23.8,64.5,19.4,78,9.2,karachi
2024-03-11 05:00:00,22.8,62.2,18.8,83,8.9,karachi
2024-03-11 06:00:00,22.3,61.2,19.2,81,10.5,karachi
2024-03-11 07:00:00,23.4,60.3,19.0,81,10.3,karachi
2024-03-11 08:00:00,26.5,63.3,20.5,71,7.8,karachi
2024-03-11 09:00:00,24.3,68.5,23.3,58,9.6,karachi
2024-03-11 10:00:00,21.1,60.3,25.2,54,11.8,karachi
2024-03-11 11:00:00,18.6,50.3,26.2,53,13.7,karachi
2024-03-11 12:00:00,16.8,44.1,27.1,51,18.7,karachi
2024-03-11 13:00:00,14.3,38.9,27.1,53,20.2,karachi
2024-03-11 14:00:00,14.6,40.5,27.0,55,21.4,karachi
2024-03-11 15:00:00,15.4,42.1,26.6,57,22.2,karachi
2024-03-11 16:00:00,16.1,43.0,26.0,60,21.4,karachi
2024-03-11 17:00:00,17.2,43.3,25.3,64,20.2,karachi
2024-03-11 18:00:00,19.0,45.5,24.5,68,19.4,karachi
2024-03-11 19:00:00,23.1,51.7,23.5,76,17.3,karachi
2024-03-11 20:00:00,26.3,57.3,23.2,80,13.3,karachi
2024-03-11 21:00:00,27.8,59.6,22.9,84,10.4,karachi
2024-03-11 22:00:00,28.6,59.8,22.4,89,9.4,karachi
2024-03-11 23:00:00,28.5,58.9,21.8,94,8.7,karachi
2024-03-12 00:00:00,26.8,54.8,21.2,96,9.6,karachi
2024-03-12 01:00:00,23.9,47.7,21.0,96,10.3,karachi
2024-03-12 02:00:00,21.0,41.1,20.5,97,10.5,karachi
2024-03-12 03:00:00,18.6,36.0,20.4,97,9.5,karachi
2024-03-12 04:00:00,16.9,32.5,20.5,96,8.8,karachi
2024-03-12 05:00:00,18.5,33.1,20.4,97,7.1,karachi
2024-03-12 06:00:00,18.6,32.9,19.9,98,5.9,karachi
2024-03-12 07:00:00,20.9,35.6,19.1,99,4.6,karachi
2024-03-12 08:00:00,23.1,39.9,19.2,98,3.6,karachi
2024-03-12 09:00:00,20.8,38.6,20.8,92,3.1,karachi
2024-03-12 10:00:00,17.9,39.7,23.8,76,2.6,karachi
2024-03-12 11:00:00,17.3,44.1,25.8,66,5.9,karachi
2024-03-12 12:00:00,19.2,49.9,27.1,62,11.6,karachi
2024-03-12 13:00:00,20.4,51.5,27.5,63,17.7,karachi
2024-03-12 14:00:00,20.0,48.7,27.5,59,21.1,karachi
2024-03-12 15:00:00,18.9,44.5,27.3,58,21.9,karachi
2024-03-12 16:00:00,16.3,37.8,26.5,63,24.0,karachi
2024-03-12 17:00:00,17.4,44.4,25.7,68,24.9,karachi
2024-03-12 18:00:00,15.3,38.2,24.9,67,21.3,karachi
2024-03-12 19:00:00,14.3,32.8,23.8,75,19.8,karachi
2024-03-12 20:00:00,14.0,29.6,23.1,82,19.2,karachi
2024-03-12 21:00:00,13.7,26.8,22.9,84,19.1,karachi
2024-03-12 22:00:00,13.7,24.9,22.6,86,18.7,karachi
2024-03-12 23:00:00,13.5,23.6,22.4,88,18.8,karachi
2024-03-13 00:00:00,13.0,22.2,22.0,90,18.8,karachi
2024-03-13 01:00:00,12.0,21.5,21.8,90,18.7,karachi
2024-03-13 02:00:00,11.6,22.9,21.5,90,19.0,karachi
2024-03-13 03:00:00,11.8,26.5,21.4,90,17.1,karachi
2024-03-13 04:00:00,12.3,30.9,21.0,92,12.5,karachi
2024-03-13 05:00:00,10.8,26.8,21.1,91,16.3,karachi
2024-03-13 06:00:00,10.6,28.2,21.2,93,17.1,karachi
2024-03-13 07:00:00,11.3,30.3,21.1,92,18.6,karachi
2024-03-13 08:00:00,13.0,35.7,22.5,80,20.9,karachi
2024-03-13 09:00:00,17.6,74.7,24.2,67,21.1,karachi
2024-03-13 10:00:00,36.9,215.1,26.5,50,23.0,karachi
2024-03-13 11:00:00,46.2,281.3,28.5,36,24.5,karachi
2024-03-13 12:00:00,32.8,173.7,29.7,29,22.6,karachi
2024-03-13 13:00:00,23.7,102.0,30.8,23,21.7,karachi
2024-03-13 14:00:00,19.8,72.2,31.2,17,24.0,karachi
2024-03-13 15:00:00,19.2,68.7,30.7,16,25.7,karachi
2024-03-13 16:00:00,20.4,75.2,29.0,22,26.7,karachi
2024-03-13 17:00:00,25.3,82.9,27.9,24,25.6,karachi
2024-03-13 18:00:00,29.6,78.2,26.9,28,21.6,karachi
2024-03-13 19:00:00,34.6,75.7,24.8,45,17.4,karachi
2024-03-13 20:00:00,42.3,105.2,24.0,46,17.9,karachi
2024-03-13 21:00:00,53.1,160.7,23.6,53,20.5,karachi
2024-03-13 22:00:00,60.1,192.3,23.3,59,20.2,karachi
2024-03-13 23:00:00,59.1,181.6,23.1,57,22.5,karachi
2024-03-14 00:00:00,53.4,150.9,22.5,48,18.0,karachi
2024-03-14 01:00:00,48.1,139.7,21.7,31,21.9,karachi
2024-03-14 02:00:00,46.9,151.8,21.1,30,25.0,karachi
2024-03-14 03:00:00,49.7,166.2,20.6,29,24.1,karachi
2024-03-14 04:00:00,53.6,179.3,19.8,27,25.0,karachi
2024-03-14 05:00:00,53.1,190.5,18.5,25,23.8,karachi
2024-03-14 06:00:00,55.3,195.6,18.6,29,22.9,karachi
2024-03-14 07:00:00,56.1,179.7,18.1,29,20.7,karachi
2024-03-14 08:00:00,57.9,167.6,19.5,26,15.0,karachi
2024-03-14 09:00:00,54.9,182.5,22.1,21,10.9,karachi
2024-03-14 10:00:00,42.8,155.5,25.0,17,7.6,karachi
2024-03-14 11:00:00,32.9,111.5,26.9,19,10.5,karachi
2024-03-14 12:00:00,29.6,102.2,28.9,18,14.8,karachi
2024-03-14 13:00:00,27.7,90.8,29.4,16,12.4,karachi
2024-03-14 14:00:00,26.7,81.7,29.0,20,7.6,karachi
2024-03-14 15:00:00,26.3,76.6,28.8,29,15.0,karachi
2024-03-14 16:00:00,26.3,74.0,28.5,25,22.8,karachi
2024-03-14 17:00:00,31.0,90.3,27.6,24,22.8,karachi
2024-03-14 18:00:00,37.8,114.1,26.0,26,22.5,karachi
2024-03-14 19:00:00,42.1,119.2,24.6,31,15.8,karachi
2024-03-14 20:00:00,43.9,116.4,23.8,41,12.1,karachi
2024-03-14 21:00:00,44.6,103.6,22.8,48,11.8,karachi
2024-03-14 22:00:00,45.4,101.7,21.6,52,12.3,karachi
2024-03-14 23:00:00,45.3,92.0,20.9,57,12.5,karachi
2024-03-15 00:00:00,43.8,81.3,20.0,60,12.7,karachi
2024-03-15 01:00:00,39.1,69.2,19.2,60,14.2,karachi
2024-03-15 02:00:00,33.9,55.4,19.0,63,15.9,karachi
2024-03-15 03:00:00,26.4,38.9,18.6,65,14.5,karachi
2024-03-15 04:00:00,20.6,29.3,18.0,60,13.0,karachi
2024-03-15 05:00:00,18.3,24.3,18.0,40,13.3,karachi
2024-03-15 06:00:00,16.8,23.5,17.8,34,13.9,karachi
2024-03-15 07:00:00,17.6,26.2,18.3,34,16.2,karachi
2024-03-15 08:00:00,20.7,33.9,21.0,29,15.6,karachi
2024-03-15 09:00:00,24.3,45.1,24.6,24,15.9,karachi
2024-03-15 10:00:00,28.7,61.0,27.9,23,21.5,karachi
2024-03-15 11:00:00,27.4,64.0,29.5,19,16.0,karachi
2024-03-15 12:00:00,21.7,55.3,30.6,16,12.2,karachi
2024-03-15 13:00:00,20.4,52.2,31.0,15,6.3,karachi
2024-03-15 14:00:00,19.8,49.9,31.2,14,3.6,karachi
2024-03-15 15:00:00,19.3,48.1,31.9,12,5.9,karachi
2024-03-15 16:00:00,18.9,46.6,32.0,11,6.1,karachi
2024-03-15 17:00:00,20.0,49.5,31.4,11,13.0,karachi
2024-03-15 18:00:00,20.7,47.7,27.4,30,23.8,karachi
2024-03-15 19:00:00,24.3,47.8,25.4,39,19.8,karachi
2024-03-15 20:00:00,27.2,48.5,24.6,45,15.1,karachi
2024-03-15 21:00:00,28.1,49.6,24.0,50,11.7,karachi
2024-03-15 22:00:00,29.4,52.4,23.1,51,9.3,karachi
2024-03-15 23:00:00,31.3,55.9,22.1,52,10.7,karachi
2024-03-16 00:00:00,32.9,58.6,21.2,55,11.2,karachi
2024-03-16 01:00:00,33.3,59.4,20.9,57,16.2,karachi
2024-03-16 02:00:00,31.9,57.9,20.5,61,15.6,karachi
2024-03-16 03:00:00,29.6,55.4,20.1,56,14.7,karachi
2024-03-16 04:00:00,27.6,54.0,19.8,49,13.4,karachi
2024-03-16 05:00:00,25.3,55.3,18.8,48,10.9,karachi
2024-03-16 06:00:00,25.9,60.1,18.6,64,11.3,karachi
2024-03-16 07:00:00,27.7,65.2,17.8,63,11.5,karachi
2024-03-16 08:00:00,31.7,73.3,20.0,46,9.4,karachi
2024-03-16 09:00:00,33.5,83.4,24.1,30,7.2,karachi
2024-03-16 10:00:00,28.2,84.8,27.8,20,6.8,karachi
2024-03-16 11:00:00,24.4,71.7,29.9,15,2.5,karachi
2024-03-16 12:00:00,22.4,59.4,30.6,15,8.3,karachi
2024-03-16 13:00:00,22.0,56.1,30.8,21,17.8,karachi
2024-03-16 14:00:00,22.6,56.5,30.8,20,21.4,karachi
2024-03-16 15:00:00,23.1,57.3,30.9,19,21.0,karachi
2024-03-16 16:00:00,23.3,58.0,30.7,19,20.6,karachi
2024-03-16 17:00:00,24.5,65.9,30.2,18,22.6,karachi
2024-03-16 18:00:00,23.0,60.1,28.9,20,20.5,karachi
2024-03-16 19:00:00,22.7,53.6,27.1,26,18.8,karachi
2024-03-16 20:00:00,22.2,49.6,26.0,32,17.9,karachi
2024-03-16 21:00:00,22.3,48.2,25.1,36,18.4,karachi
2024-03-16 22:00:00,20.4,47.5,24.5,34,14.1,karachi
2024-03-16 23:00:00,20.0,46.0,23.4,36,10.7,karachi
2024-03-17 00:00:00,19.1,43.1,22.5,36,10.8,karachi
2024-03-17 01:00:00,17.6,39.0,21.9,38,12.8,karachi
2024-03-17 02:00:00,16.0,35.3,21.1,44,12.4,karachi
2024-03-17 03:00:00,14.8,33.1,20.6,48,13.5,karachi
2024-03-17 04:00:00,13.7,32.4,20.3,44,13.6,karachi
2024-03-17 05:00:00,13.0,31.9,19.8,38,12.6,karachi
2024-03-17 06:00:00,13.0,33.8,19.6,35,12.0,karachi
2024-03-17 07:00:00,14.8,37.5,19.4,34,11.9,karachi
2024-03-17 08:00:00,18.7,46.1,21.8,28,9.9,karachi
2024-03-17 09:00:00,22.3,58.4,25.8,22,8.1,karachi
2024-03-17 10:00:00,22.3,71.7,30.0,16,8.7,karachi
2024-03-17 11:00:00,21.9,61.5,32.2,15,8.6,karachi
2024-03-17 12:00:00,19.2,51.1,33.0,14,5.5,karachi
2024-03-17 13:00:00,17.9,47.1,33.3,13,7.3,karachi
2024-03-17 14:00:00,18.4,47.6,34.0,14,16.1,karachi
2024-03-17 15:00:00,19.5,49.0,34.0,14,21.7,karachi
2024-03-17 16:00:00,20.5,50.5,33.2,14,25.1,karachi
2024-03-17 17:00:00,22.1,53.1,32.5,14,21.9,karachi
2024-03-17 18:00:00,25.3,57.5,30.6,21,19.8,karachi
2024-03-17 19:00:00,27.5,57.9,28.5,28,17.8,karachi
2024-03-17 20:00:00,27.8,56.3,27.0,33,16.6,karachi
2024-03-17 21:00:00,27.0,54.5,26.0,40,15.9,karachi
2024-03-17 22:00:00,23.8,54.7,25.0,44,13.4,karachi
2024-03-17 23:00:00,22.4,52.3,24.3,45,11.1,karachi
2024-03-18 00:00:00,21.5,51.0,23.4,50,11.8,karachi
2024-03-18 01:00:00,20.8,48.4,22.8,55,13.3,karachi
2024-03-18 02:00:00,19.3,46.1,22.5,58,16.7,karachi
2024-03-18 03:00:00,17.3,43.2,22.0,61,17.1,karachi
2024-03-18 04:00:00,15.4,39.5,21.8,53,14.5,karachi
2024-03-18 05:00:00,13.8,36.0,21.2,44,11.6,karachi
2024-03-18 06:00:00,14.5,36.1,20.1,51,9.0,karachi
2024-03-18 07:00:00,17.2,38.3,19.4,47,8.2,karachi
2024-03-18 08:00:00,22.4,45.5,21.8,39,6.0,karachi
2024-03-18 09:00:00,26.4,52.2,25.9,29,5.8,karachi
2024-03-18 10:00:00,23.7,49.5,29.8,20,4.3,karachi
2024-03-18 11:00:00,20.1,46.1,31.8,15,3.4,karachi
2024-03-18 12:00:00,21.1,49.0,32.4,16,9.4,karachi
2024-03-18 13:00:00,21.4,48.9,32.6,19,16.3,karachi
2024-03-18 14:00:00,22.4,50.3,32.8,18,18.7,karachi
2024-03-18 15:00:00,23.3,51.8,32.5,18,20.0,karachi
2024-03-18 16:00:00,24.9,54.2,32.2,18,19.8,karachi
2024-03-18 17:00:00,27.6,62.4,31.2,21,19.3,karachi
2024-03-18 18:00:00,28.7,62.6,29.7,27,15.6,karachi
2024-03-18 19:00:00,28.9,58.9,27.8,37,14.5,karachi
2024-03-18 20:00:00,28.2,56.9,26.6,43,12.6,karachi
2024-03-18 21:00:00,26.7,53.8,26.0,41,15.3,karachi
2024-03-18 22:00:00,24.2,51.5,25.3,43,13.1,karachi
2024-03-18 23:00:00,22.5,48.4,24.4,53,11.2,karachi
2024-03-19 00:00:00,21.1,46.2,23.5,61,13.1,karachi
2024-03-19 01:00:00,19.2,42.7,22.8,68,16.4,karachi
2024-03-19 02:00:00,16.2,37.6,22.5,70,16.3,karachi
2024-03-19 03:00:00,12.6,31.8,22.0,66,15.3,karachi
2024-03-19 04:00:00,10.3,29.7,21.4,68,12.0,karachi
2024-03-19 05:00:00,10.5,33.9,21.2,77,13.1,karachi
2024-03-19 06:00:00,11.8,38.4,20.8,84,13.8,karachi
2024-03-19 07:00:00,14.3,43.0,21.0,83,13.6,karachi
2024-03-19 08:00:00,18.5,50.8,23.1,73,10.2,karachi
2024-03-19 09:00:00,20.9,58.0,26.5,56,11.2,karachi
2024-03-19 10:00:00,20.0,65.7,30.0,34,12.8,karachi
2024-03-19 11:00:00,18.8,67.8,32.4,23,14.0,karachi
2024-03-19 12:00:00,18.2,66.6,34.0,18,17.0,karachi
2024-03-19 13:00:00,17.5,64.3,34.8,17,20.3,karachi
2024-03-19 14:00:00,17.0,64.3,34.5,20,21.6,karachi
2024-03-19 15:00:00,16.6,65.9,33.3,27,22.4,karachi
2024-03-19 16:00:00,15.9,67.3,32.2,33,20.6,karachi
2024-03-19 17:00:00,15.8,68.5,30.9,40,18.1,karachi
2024-03-19 18:00:00,16.5,68.2,27.8,57,18.9,karachi
2024-03-19 19:00:00,17.5,61.0,25.9,66,17.2,karachi
2024-03-19 20:00:00,17.9,60.5,25.1,73,15.5,karachi
2024-03-19 21:00:00,17.7,63.1,24.9,76,13.6,karachi
2024-03-19 22:00:00,17.5,61.5,24.5,73,10.5,karachi
2024-03-19 23:00:00,17.3,59.8,23.9,75,8.4,karachi
2024-03-20 00:00:00,17.2,58.7,23.0,79,9.8,karachi
2024-03-20 01:00:00,16.9,57.9,22.5,80,11.3,karachi
2024-03-20 02:00:00,16.2,55.9,22.4,80,11.0,karachi
2024-03-20 03:00:00,15.4,54.6,22.1,79,10.5,karachi
2024-03-20 04:00:00,14.8,54.4,21.4,81,8.5,karachi
2024-03-20 05:00:00,15.0,51.3,20.7,85,6.9,karachi
2024-03-20 06:00:00,15.7,52.3,19.8,90,7.4,karachi
2024-03-20 07:00:00,18.7,56.6,20.2,91,6.8,karachi
2024-03-20 08:00:00,26.1,65.4,22.7,77,6.8,karachi
2024-03-20 09:00:00,27.9,76.8,25.3,68,4.8,karachi
2024-03-20 10:00:00,25.8,84.8,27.9,56,5.8,karachi
2024-03-20 11:00:00,26.0,86.1,30.2,46,6.8,karachi
2024-03-20 12:00:00,27.5,88.9,31.5,44,13.3,karachi
2024-03-20 13:00:00,28.3,90.6,32.3,43,16.8,karachi
2024-03-20 14:00:00,28.8,90.3,33.0,35,21.7,karachi
2024-03-20 15:00:00,28.1,86.8,32.7,35,21.7,karachi
2024-03-20 16:00:00,25.6,80.1,31.1,44,22.7,karachi
2024-03-20 17:00:00,25.8,86.1,30.2,49,22.7,karachi
2024-03-20 18:00:00,24.7,81.0,27.6,63,18.8,karachi
2024-03-20 19:00:00,24.5,75.4,26.1,67,16.6,karachi
2024-03-20 20:00:00,25.1,72.6,25.2,72,14.3,karachi
2024-03-20 21:00:00,25.6,72.2,24.5,75,12.5,karachi
2024-03-20 22:00:00,25.1,81.0,23.9,76,10.8,karachi
2024-03-20 23:00:00,25.0,78.5,23.0,79,10.1,karachi
2024-03-21 00:00:00,24.2,75.2,22.6,80,12.2,karachi
2024-03-21 01:00:00,22.5,70.3,22.8,76,12.2,karachi
2024-03-21 02:00:00,20.7,65.4,22.6,72,12.0,karachi
2024-03-21 03:00:00,19.2,61.0,22.6,72,10.5,karachi
2024-03-21 04:00:00,18.2,57.4,22.5,71,11.3,karachi
2024-03-21 05:00:00,18.0,57.3,22.2,72,10.5,karachi
2024-03-21 06:00:00,18.3,55.8,23.3,68,13.7,karachi
2024-03-21 07:00:00,20.0,56.1,23.2,68,13.7,karachi
2024-03-21 08:00:00,23.6,60.3,24.6,61,13.2,karachi
2024-03-21 09:00:00,25.1,65.2,26.8,51,15.1,karachi
2024-03-21 10:00:00,24.6,65.0,28.0,44,13.8,karachi
2024-03-21 11:00:00,24.0,61.2,31.9,26,18.8,karachi
2024-03-21 12:00:00,23.6,58.9,32.7,23,23.4,karachi
2024-03-21 13:00:00,23.6,57.9,33.2,22,25.2,karachi
2024-03-21 14:00:00,24.8,58.2,33.1,22,26.4,karachi
2024-03-21 15:00:00,26.7,59.1,32.0,27,26.8,karachi
2024-03-21 16:00:00,28.7,59.8,31.0,31,26.8,karachi
2024-03-21 17:00:00,29.2,59.3,29.5,38,26.6,karachi
2024-03-21 18:00:00,32.0,61.2,27.8,48,22.9,karachi
2024-03-21 19:00:00,33.6,61.5,26.2,55,18.5,karachi
2024-03-21 20:00:00,34.3,62.2,25.7,59,17.7,karachi
2024-03-21 21:00:00,34.0,62.9,25.4,62,16.7,karachi
2024-03-21 22:00:00,33.4,61.5,25.0,65,17.0,karachi
2024-03-21 23:00:00,32.5,59.5,24.6,64,14.8,karachi
2024-03-22 00:00:00,30.6,55.8,24.0,67,14.5,karachi
2024-03-22 01:00:00,28.1,50.8,23.7,70,17.1,karachi
2024-03-22 02:00:00,25.5,45.8,23.4,71,16.3,karachi
2024-03-22 03:00:00,23.5,41.3,23.0,74,17.4,karachi
2024-03-22 04:00:00,22.2,38.6,23.0,77,19.1,karachi
2024-03-22 05:00:00,21.8,39.6,23.1,76,20.6,karachi
2024-03-22 06:00:00,21.7,38.8,23.5,77,21.6,karachi
2024-03-22 07:00:00,22.2,39.7,23.5,80,20.8,karachi
2024-03-22 08:00:00,23.8,43.0,25.3,74,21.4,karachi
2024-03-22 09:00:00,23.7,49.0,27.3,66,26.9,karachi
2024-03-22 10:00:00,23.9,56.1,28.9,61,26.8,karachi
2024-03-22 11:00:00,24.5,63.1,30.0,56,26.1,karachi
2024-03-22 12:00:00,25.1,67.8,30.8,52,26.1,karachi
2024-03-22 13:00:00,25.4,69.8,31.6,46,26.1,karachi
2024-03-22 14:00:00,25.4,70.3,31.8,45,25.6,karachi
2024-03-22 15:00:00,25.4,69.4,31.1,49,24.7,karachi
2024-03-22 16:00:00,25.4,69.6,29.8,56,24.1,karachi
2024-03-22 17:00:00,22.8,64.7,28.2,63,23.0,karachi
2024-03-22 18:00:00,23.6,69.2,26.3,72,21.7,karachi
2024-03-22 19:00:00,23.3,66.6,25.4,82,19.5,karachi
2024-03-22 20:00:00,22.4,62.9,24.8,86,20.2,karachi
2024-03-22 21:00:00,21.5,58.1,24.5,89,18.4,karachi
2024-03-22 22:00:00,21.1,57.5,24.2,91,13.8,karachi
2024-03-22 23:00:00,21.1,58.6,24.0,92,12.2,karachi
2024-03-23 00:00:00,20.5,56.2,23.7,93,12.3,karachi
2024-03-23 01:00:00,19.2,51.9,23.4,95,12.2,karachi
2024-03-23 02:00:00,17.4,46.7,23.1,95,12.2,karachi
2024-03-23 03:00:00,15.9,42.0,23.0,95,13.1,karachi
2024-03-23 04:00:00,14.8,38.6,23.0,95,13.6,karachi
2024-03-23 05:00:00,15.2,37.6,22.8,96,12.6,karachi
2024-03-23 06:00:00,15.4,38.3,23.0,94,11.5,karachi
2024-03-23 07:00:00,16.9,41.3,23.1,94,10.4,karachi
2024-03-23 08:00:00,19.0,50.8,24.6,88,10.1,karachi
2024-03-23 09:00:00,20.7,65.9,26.5,76,15.7,karachi
2024-03-23 10:00:00,22.9,80.8,28.0,69,16.6,karachi
2024-03-23 11:00:00,25.0,94.5,29.1,64,19.9,karachi
2024-03-23 12:00:00,26.9,103.8,29.5,64,23.0,karachi
2024-03-23 13:00:00,28.5,110.4,30.1,60,24.6,karachi
2024-03-23 14:00:00,29.0,111.3,30.7,55,25.3,karachi
2024-03-23 15:00:00,29.0,109.7,30.6,53,25.8,karachi
2024-03-23 16:00:00,28.6,106.9,29.5,60,25.7,karachi
2024-03-23 17:00:00,29.7,109.2,28.1,67,24.9,karachi
2024-03-23 18:00:00,27.6,97.6,26.8,75,19.8,karachi
2024-03-23 19:00:00,24.7,80.3,25.4,85,18.2,karachi
2024-03-23 20:00:00,22.5,67.3,25.0,89,17.7,karachi
2024-03-23 21:00:00,21.8,60.5,24.8,90,20.3,karachi
2024-03-23 22:00:00,21.3,54.2,24.5,92,18.9,karachi
2024-03-23 23:00:00,19.8,48.5,24.1,94,16.5,karachi
2024-03-24 00:00:00,17.6,40.4,23.9,94,14.2,karachi
2024-03-24 01:00:00,16.2,35.6,24.0,93,13.2,karachi
2024-03-24 02:00:00,15.5,33.8,24.0,92,17.0,karachi
2024-03-24 03:00:00,15.4,33.5,23.5,93,15.5,karachi
2024-03-24 04:00:00,15.4,34.0,23.4,93,12.4,karachi
2024-03-24 05:00:00,17.1,41.8,24.0,89,10.9,karachi
2024-03-24 06:00:00,17.8,44.1,23.5,93,9.2,karachi
2024-03-24 07:00:00,18.8,45.5,23.8,91,9.4,karachi
2024-03-24 08:00:00,21.3,53.8,25.3,82,10.7,karachi
2024-03-24 09:00:00,22.9,70.3,27.8,67,17.0,karachi
2024-03-24 10:00:00,25.6,92.4,29.6,55,22.0,karachi
2024-03-24 11:00:00,28.1,108.0,30.5,50,27.1,karachi
2024-03-24 12:00:00,29.5,112.9,31.1,49,28.7,karachi
2024-03-24 13:00:00,29.7,111.3,31.5,47,29.0,karachi
2024-03-24 14:00:00,29.0,103.4,31.5,47,29.9,karachi
2024-03-24 15:00:00,27.8,91.7,31.5,46,28.0,karachi
2024-03-24 16:00:00,25.7,77.1,30.8,49,27.3,karachi
2024-03-24 17:00:00,18.2,47.1,29.4,54,24.4,karachi
2024-03-24 18:00:00,17.2,40.6,27.5,66,19.5,karachi
2024-03-24 19:00:00,17.0,36.4,26.1,74,16.1,karachi
2024-03-24 20:00:00,17.2,35.2,25.5,78,15.4,karachi
2024-03-24 21:00:00,17.3,35.0,25.1,80,14.7,karachi
2024-03-24 22:00:00,17.0,34.9,24.7,82,15.1,karachi
2024-03-24 23:00:00,17.1,34.7,24.3,84,7.1,karachi
2024-03-25 00:00:00,17.4,35.3,23.7,85,6.2,karachi
2024-03-25 01:00:00,17.8,36.3,23.2,87,6.8,karachi
2024-03-25 02:00:00,18.1,37.3,22.8,89,7.6,karachi
2024-03-25 03:00:00,17.8,37.8,22.6,90,9.6,karachi
2024-03-25 04:00:00,17.5,38.5,22.9,88,12.2,karachi
2024-03-25 05:00:00,19.0,46.4,22.6,88,9.0,karachi
2024-03-25 06:00:00,19.5,48.4,22.6,88,10.2,karachi
2024-03-25 07:00:00,21.1,51.3,22.8,87,9.7,karachi
2024-03-25 08:00:00,24.6,56.9,25.1,77,8.4,karachi
2024-03-25 09:00:00,23.6,66.6,27.5,65,12.1,karachi
2024-03-25 10:00:00,23.7,72.6,29.9,54,11.7,karachi
2024-03-25 11:00:00,25.4,78.9,31.6,47,12.3,karachi
2024-03-25 12:00:00,27.7,84.5,32.6,46,18.4,karachi
2024-03-25 13:00:00,29.3,89.6,33.2,43,21.1,karachi
2024-03-25 14:00:00,29.6,93.1,33.1,42,24.7,karachi
2024-03-25 15:00:00,28.9,96.6,32.5,43,25.1,karachi
2024-03-25 16:00:00,27.8,98.0,31.6,45,27.2,karachi
2024-03-25 17:00:00,22.5,79.4,30.1,50,30.1,karachi
2024-03-25 18:00:00,18.9,65.4,28.5,55,23.4,karachi
2024-03-25 19:00:00,14.8,43.9,27.3,63,20.9,karachi
2024-03-25 20:00:00,11.9,29.9,26.5,66,17.5,karachi
2024-03-25 21:00:00,10.3,21.7,26.1,71,12.4,karachi
2024-03-25 22:00:00,10.0,19.3,25.8,72,13.2,karachi
2024-03-25 23:00:00,9.7,19.9,25.4,75,13.6,karachi
2024-03-26 00:00:00,10.4,22.8,24.9,79,15.0,karachi
2024-03-26 01:00:00,11.6,26.5,24.6,82,11.7,karachi
2024-03-26 02:00:00,12.7,30.3,24.3,84,10.0,karachi
2024-03-26 03:00:00,13.6,33.1,24.2,85,11.2,karachi
2024-03-26 04:00:00,14.4,34.9,23.6,86,10.5,karachi
2024-03-26 05:00:00,16.5,40.7,23.3,86,9.2,karachi
2024-03-26 06:00:00,17.3,41.1,23.6,85,10.2,karachi
2024-03-26 07:00:00,19.0,42.3,23.6,84,9.6,karachi
2024-03-26 08:00:00,21.2,44.8,25.6,73,8.2,karachi
2024-03-26 09:00:00,19.8,46.1,28.5,60,13.6,karachi
2024-03-26 10:00:00,19.2,49.4,30.7,48,21.0,karachi
2024-03-26 11:00:00,19.2,55.1,32.5,38,22.6,karachi
2024-03-26 12:00:00,19.1,57.9,33.8,33,24.7,karachi
2024-03-26 13:00:00,18.2,54.5,34.4,29,22.3,karachi
2024-03-26 14:00:00,16.6,48.0,34.2,30,23.3,karachi
2024-03-26 15:00:00,14.7,39.9,33.4,35,23.6,karachi
2024-03-26 16:00:00,13.0,32.2,32.2,41,25.5,karachi
2024-03-26 17:00:00,19.2,39.5,30.5,48,27.1,karachi
2024-03-26 18:00:00,19.8,38.5,27.6,68,22.7,karachi
2024-03-26 19:00:00,20.4,36.2,26.2,78,17.7,karachi
2024-03-26 20:00:00,21.0,36.8,25.8,82,15.5,karachi
2024-03-26 21:00:00,20.8,39.0,25.5,83,14.7,karachi
2024-03-26 22:00:00,20.5,41.9,25.1,86,13.6,karachi
2024-03-26 23:00:00,20.0,45.1,24.8,87,12.8,karachi
2024-03-27 00:00:00,18.5,44.1,24.3,90,13.1,karachi
2024-03-27 01:00:00,16.8,42.7,24.0,92,13.3,karachi
2024-03-27 02:00:00,15.3,41.4,24.0,92,12.7,karachi
2024-03-27 03:00:00,14.3,40.9,23.6,94,12.0,karachi
2024-03-27 04:00:00,13.3,40.3,23.6,95,11.5,karachi
2024-03-27 05:00:00,12.7,37.8,23.5,95,13.0,karachi
2024-03-27 06:00:00,12.6,37.4,23.7,95,13.3,karachi
2024-03-27 07:00:00,13.6,39.8,23.8,96,12.3,karachi
2024-03-27 08:00:00,14.6,46.8,25.5,88,13.0,karachi
2024-03-27 09:00:00,15.0,48.0,27.4,75,17.7,karachi
2024-03-27 10:00:00,15.5,49.9,29.1,64,20.0,karachi
2024-03-27 11:00:00,16.5,58.7,30.1,58,23.5,karachi
2024-03-27 12:00:00,17.5,67.1,31.0,54,25.6,karachi
2024-03-27 13:00:00,18.0,72.4,31.6,51,26.3,karachi
2024-03-27 14:00:00,18.3,74.5,31.7,52,26.7,karachi
2024-03-27 15:00:00,19.1,78.9,31.4,53,27.4,karachi
2024-03-27 16:00:00,21.0,85.7,31.0,51,26.2,karachi
2024-03-27 17:00:00,28.1,108.7,30.0,50,25.2,karachi
2024-03-27 18:00:00,31.2,109.7,28.1,55,18.9,karachi
2024-03-27 19:00:00,32.2,97.3,26.9,61,16.1,karachi
2024-03-27 20:00:00,30.9,85.0,26.4,66,14.5,karachi
2024-03-27 21:00:00,27.9,70.3,25.9,71,11.9,karachi
2024-03-27 22:00:00,22.4,56.1,25.3,76,10.9,karachi
2024-03-27 23:00:00,18.2,40.9,25.0,77,10.8,karachi
2024-03-28 00:00:00,15.0,30.0,24.7,77,10.0,karachi
2024-03-28 01:00:00,12.2,23.5,24.4,78,10.0,karachi
2024-03-28 02:00:00,10.7,21.9,24.1,78,12.3,karachi
2024-03-28 03:00:00,10.1,23.0,23.9,80,12.7,karachi
2024-03-28 04:00:00,9.9,24.9,23.5,84,13.4,karachi
2024-03-28 05:00:00,10.0,25.8,23.5,86,15.5,karachi
2024-03-28 06:00:00,10.4,26.4,24.0,84,17.3,karachi
2024-03-28 07:00:00,12.3,28.1,24.2,77,18.1,karachi
2024-03-28 08:00:00,14.3,31.3,26.3,64,18.9,karachi
2024-03-28 09:00:00,12.4,33.5,28.4,51,26.3,karachi
2024-03-28 10:00:00,12.3,44.7,30.9,36,25.6,karachi
2024-03-28 11:00:00,14.2,64.0,32.9,24,25.9,karachi
2024-03-28 12:00:00,16.5,84.3,34.0,20,26.2,karachi
2024-03-28 13:00:00,17.4,92.7,34.6,19,24.4,karachi
2024-03-28 14:00:00,16.9,90.1,34.4,20,24.8,karachi
2024-03-28 15:00:00,15.3,78.0,33.2,22,26.7,karachi
2024-03-28 16:00:00,13.1,60.8,32.0,25,25.3,karachi
2024-03-28 17:00:00,10.3,40.0,30.0,39,23.7,karachi
2024-03-28 18:00:00,9.4,31.9,27.7,53,23.4,karachi
2024-03-28 19:00:00,9.5,24.0,26.5,58,20.5,karachi
2024-03-28 20:00:00,10.0,22.8,26.0,62,16.6,karachi
2024-03-28 21:00:00,10.8,24.7,25.5,69,13.7,karachi
2024-03-28 22:00:00,11.5,32.2,25.2,68,13.7,karachi
2024-03-28 23:00:00,12.9,40.0,24.7,71,14.2,karachi
2024-03-29 00:00:00,14.8,48.7,24.2,75,14.3,karachi
2024-03-29 01:00:00,17.1,57.4,23.7,79,13.5,karachi
2024-03-29 02:00:00,19.2,63.8,23.2,84,12.0,karachi
2024-03-29 03:00:00,21.0,68.0,22.8,86,11.1,karachi
2024-03-29 04:00:00,22.6,71.2,22.5,86,10.8,karachi
2024-03-29 05:00:00,23.9,71.5,22.1,87,9.7,karachi
2024-03-29 06:00:00,25.3,74.0,22.2,87,9.0,karachi
2024-03-29 07:00:00,28.6,78.0,22.7,83,9.7,karachi
2024-03-29 08:00:00,31.5,92.0,24.8,72,11.2,karachi
2024-03-29 09:00:00,28.4,105.5,26.4,64,15.8,karachi
2024-03-29 10:00:00,27.9,114.8,27.4,58,18.6,karachi
2024-03-29 11:00:00,28.2,115.9,28.0,54,22.1,karachi
2024-03-29 12:00:00,27.4,110.1,28.6,50,24.5,karachi
2024-03-29 13:00:00,26.0,102.2,29.0,46,25.5,karachi
2024-03-29 14:00:00,24.4,95.5,29.1,42,26.6,karachi
2024-03-29 15:00:00,22.9,88.7,28.8,43,26.3,karachi
2024-03-29 16:00:00,21.5,81.3,28.2,46,26.1,karachi
2024-03-29 17:00:00,20.7,73.1,27.1,53,24.7,karachi
2024-03-29 18:00:00,20.6,66.4,25.9,57,21.7,karachi
2024-03-29 19:00:00,22.1,63.1,24.5,70,19.7,karachi
2024-03-29 20:00:00,23.9,64.7,24.2,70,18.8,karachi
2024-03-29 21:00:00,25.0,64.5,24.0,74,17.0,karachi
2024-03-29 22:00:00,25.3,62.6,23.7,76,16.4,karachi
2024-03-29 23:00:00,25.7,61.2,23.4,79,16.8,karachi
2024-03-30 00:00:00,25.4,60.5,23.1,82,16.5,karachi
2024-03-30 01:00:00,24.9,60.1,22.8,85,16.9,karachi
2024-03-30 02:00:00,24.4,61.5,22.5,88,16.6,karachi
2024-03-30 03:00:00,24.4,65.2,22.4,89,16.7,karachi
2024-03-30 04:00:00,24.7,70.3,22.2,89,17.5,karachi
2024-03-30 05:00:00,26.1,83.4,22.2,89,17.5,karachi
2024-03-30 06:00:00,26.8,85.7,22.4,88,16.1,karachi
2024-03-30 07:00:00,28.2,88.9,22.6,84,15.1,karachi
2024-03-30 08:00:00,29.3,114.1,24.7,71,17.3,karachi
2024-03-30 09:00:00,29.0,121.5,26.2,60,21.0,karachi
2024-03-30 10:00:00,29.3,130.4,27.3,55,24.5,karachi
2024-03-30 11:00:00,28.9,128.5,28.2,53,27.4,karachi
2024-03-30 12:00:00,28.9,124.8,28.8,51,29.4,karachi
2024-03-30 13:00:00,29.6,125.7,29.1,50,30.7,karachi
2024-03-30 14:00:00,31.1,132.7,29.1,50,30.5,karachi
2024-03-30 15:00:00,33.4,144.8,28.8,51,30.7,karachi
2024-03-30 16:00:00,36.4,157.4,28.4,52,30.2,karachi
2024-03-30 17:00:00,36.2,149.5,27.6,54,27.5,karachi
2024-03-30 18:00:00,38.0,149.5,26.3,64,24.7,karachi
2024-03-30 19:00:00,37.5,134.6,25.1,73,22.9,karachi
2024-03-30 20:00:00,35.5,117.3,24.9,76,22.9,karachi
2024-03-30 21:00:00,33.3,100.8,24.5,81,19.1,karachi
2024-03-30 22:00:00,31.9,92.9,24.2,83,17.7,karachi
2024-03-30 23:00:00,31.4,87.5,24.0,84,16.2,karachi
2024-03-31 00:00:00,31.4,85.2,23.6,85,13.3,karachi
2024-03-31 01:00:00,32.4,86.8,23.3,85,12.5,karachi
2024-03-31 02:00:00,34.1,93.1,22.8,85,10.0,karachi
2024-03-31 03:00:00,36.3,102.4,22.6,87,10.9,karachi
2024-03-31 04:00:00,38.8,110.8,22.4,89,10.8,karachi
2024-03-31 05:00:00,42.0,132.2,21.3,91,6.1,karachi
2024-03-31 06:00:00,43.4,126.2,21.5,93,6.9,karachi
2024-03-31 07:00:00,46.6,122.9,21.6,93,5.4,karachi
2024-03-31 08:00:00,51.0,135.5,23.3,85,6.8,karachi
2024-03-31 09:00:00,57.9,192.3,26.0,69,8.4,karachi
2024-03-31 10:00:00,66.8,256.1,29.6,40,9.6,karachi
2024-03-31 11:00:00,59.6,272.9,32.0,22,10.4,karachi
2024-03-31 12:00:00,48.5,246.8,33.4,14,7.1,karachi
2024-03-31 13:00:00,42.3,219.8,33.7,15,10.0,karachi
2024-03-31 14:00:00,40.4,205.4,33.0,32,23.5,karachi
2024-03-31 15:00:00,38.3,185.3,33.4,22,25.6,karachi
2024-03-31 16:00:00,37.8,170.9,32.8,23,23.7,karachi
2024-03-31 17:00:00,45.4,179.7,31.9,24,22.9,karachi
2024-03-31 18:00:00,55.3,184.4,29.5,30,21.8,karachi
2024-03-31 19:00:00,59.6,167.2,28.0,33,17.7,karachi
2024-03-31 20:00:00,58.8,153.2,27.4,38,16.2,karachi
2024-03-31 21:00:00,54.9,138.3,26.5,45,14.8,karachi
2024-03-31 22:00:00,51.5,127.1,25.7,49,14.2,karachi
2024-03-31 23:00:00,48.3,122.0,24.8,58,16.1,karachi
2024-04-01 00:00:00,45.4,116.9,23.9,66,15.1,karachi
2024-04-01 01:00:00,42.0,110.6,23.1,72,12.5,karachi
2024-04-01 02:00:00,38.3,102.7,22.5,78,11.8,karachi
2024-04-01 03:00:00,34.9,95.0,21.8,84,11.0,karachi
2024-04-01 04:00:00,32.2,87.5,21.1,88,9.4,karachi
2024-04-01 05:00:00,30.2,76.4,20.9,86,9.3,karachi
2024-04-01 06:00:00,29.9,76.1,20.7,82,6.6,karachi
2024-04-01 07:00:00,33.6,82.7,21.0,78,5.2,karachi
2024-04-01 08:00:00,38.6,92.4,23.5,67,2.8,karachi
2024-04-01 09:00:00,32.5,95.9,26.1,57,6.1,karachi
2024-04-01 10:00:00,30.0,96.9,28.0,50,8.2,karachi
2024-04-01 11:00:00,29.8,97.8,29.4,47,11.3,karachi
2024-04-01 12:00:00,30.5,100.4,30.4,47,16.1,karachi
2024-04-01 13:00:00,30.9,102.0,31.0,44,19.8,karachi
2024-04-01 14:00:00,29.9,103.1,31.5,36,22.2,karachi
2024-04-01 15:00:00,28.8,106.2,31.8,30,22.6,karachi
2024-04-01 16:00:00,28.3,110.1,31.4,28,22.7,karachi
2024-04-01 17:00:00,28.1,101.7,30.3,32,23.1,karachi
2024-04-01 18:00:00,29.5,103.8,28.3,39,20.5,karachi
2024-04-01 19:00:00,30.6,104.1,26.0,65,19.0,karachi
2024-04-01 20:00:00,30.3,100.1,25.4,76,18.7,karachi
2024-04-01 21:00:00,28.1,89.4,25.1,76,18.1,karachi
2024-04-01 22:00:00,25.4,79.2,25.0,78,16.5,karachi
2024-04-01 23:00:00,22.6,75.0,24.9,77,17.6,karachi
2024-04-02 00:00:00,21.4,71.2,24.8,78,15.2,karachi
2024-04-02 01:00:00,20.8,68.0,24.6,78,9.4,karachi
2024-04-02 02:00:00,20.6,65.4,24.0,84,13.4,karachi
2024-04-02 03:00:00,20.5,62.6,23.5,87,13.2,karachi
2024-04-02 04:00:00,20.4,59.5,23.2,89,13.0,karachi
2024-04-02 05:00:00,20.0,53.9,23.0,89,12.5,karachi
2024-04-02 06:00:00,20.2,51.5,23.4,90,14.5,karachi
2024-04-02 07:00:00,21.3,50.1,23.6,88,14.0,karachi
2024-04-02 08:00:00,22.1,53.8,25.4,79,16.6,karachi
2024-04-02 09:00:00,21.8,56.7,27.1,68,18.4,karachi
2024-04-02 10:00:00,22.1,62.2,28.5,61,20.0,karachi
2024-04-02 11:00:00,22.5,66.6,29.5,56,23.0,karachi
2024-04-02 12:00:00,22.8,66.6,30.1,49,26.1,karachi
2024-04-02 13:00:00,22.5,65.4,30.2,47,28.4,karachi
2024-04-02 14:00:00,22.0,63.3,30.1,44,29.4,karachi
2024-04-02 15:00:00,21.8,60.3,29.4,51,30.2,karachi
2024-04-02 16:00:00,21.8,56.9,28.6,57,29.7,karachi
2024-04-02 17:00:00,22.4,54.1,27.8,60,29.5,karachi
2024-04-02 18:00:00,23.6,53.7,26.8,69,24.6,karachi
2024-04-02 19:00:00,25.1,54.7,25.7,76,20.7,karachi
2024-04-02 20:00:00,26.3,56.8,25.4,79,18.3,karachi
2024-04-02 21:00:00,27.0,58.8,25.1,81,15.6,karachi
2024-04-02 22:00:00,27.6,61.0,24.8,84,12.2,karachi
2024-04-02 23:00:00,28.4,62.6,24.5,86,12.9,karachi
2024-04-03 00:00:00,28.6,63.3,24.1,88,15.2,karachi
2024-04-03 01:00:00,28.4,63.3,23.9,90,14.0,karachi
2024-04-03 02:00:00,28.3,62.9,23.6,90,15.1,karachi
2024-04-03 03:00:00,27.9,61.2,23.4,92,15.8,karachi
2024-04-03 04:00:00,28.5,63.1,23.2,92,14.4,karachi
2024-04-03 05:00:00,30.0,64.3,23.0,93,13.7,karachi
2024-04-03 06:00:00,30.9,65.2,23.3,93,12.2,karachi
2024-04-03 07:00:00,32.6,67.1,23.7,92,12.1,karachi
2024-04-03 08:00:00,32.7,71.2,25.4,81,16.3,karachi
2024-04-03 09:00:00,31.9,76.4,26.8,72,19.1,karachi
2024-04-03 10:00:00,32.4,87.3,28.0,66,20.7,karachi
2024-04-03 11:00:00,33.4,99.2,29.0,62,21.7,karachi
2024-04-03 12:00:00,34.7,112.7,29.8,57,21.2,karachi
2024-04-03 13:00:00,36.1,126.2,30.0,57,22.0,karachi
2024-04-03 14:00:00,37.6,139.7,29.8,58,23.4,karachi
2024-04-03 15:00:00,39.7,156.9,29.4,59,24.5,karachi
2024-04-03 16:00:00,43.0,178.8,29.0,61,24.1,karachi
2024-04-03 17:00:00,39.5,170.9,28.5,63,20.6,karachi
2024-04-03 18:00:00,40.9,176.5,27.8,69,17.1,karachi
2024-04-03 19:00:00,39.7,166.2,26.1,82,16.2,karachi
2024-04-03 20:00:00,36.7,154.6,25.2,88,16.2,karachi
2024-04-03 21:00:00,32.5,135.5,25.0,90,15.6,karachi
2024-04-03 22:00:00,28.4,125.7,24.6,92,15.5,karachi
2024-04-03 23:00:00,24.7,116.6,24.4,94,15.1,karachi
2024-04-04 00:00:00,20.8,102.0,24.0,96,14.4,karachi
2024-04-04 01:00:00,18.2,91.0,23.9,96,12.6,karachi
2024-04-04 02:00:00,17.1,82.7,23.8,93,13.3,karachi
2024-04-04 03:00:00,16.8,76.6,23.5,93,13.0,karachi
2024-04-04 04:00:00,16.3,67.5,23.1,95,11.9,karachi
2024-04-04 05:00:00,15.1,54.4,23.0,95,12.6,karachi
2024-04-04 06:00:00,15.3,48.8,23.0,92,11.2,karachi
2024-04-04 07:00:00,16.8,46.3,23.5,90,10.1,karachi
2024-04-04 08:00:00,18.5,49.6,25.4,79,12.3,karachi
2024-04-04 09:00:00,19.2,56.7,27.1,66,14.8,karachi
2024-04-04 10:00:00,19.4,61.7,29.0,53,16.6,karachi
2024-04-04 11:00:00,19.0,62.6,30.1,45,21.0,karachi
2024-04-04 12:00:00,18.6,60.5,31.7,36,23.6,karachi
2024-04-04 13:00:00,17.8,57.7,32.0,35,26.3,karachi
2024-04-04 14:00:00,16.6,50.4,31.5,37,27.0,karachi
2024-04-04 15:00:00,15.9,45.3,30.6,38,27.3,karachi
2024-04-04 16:00:00,15.9,44.7,30.1,39,27.6,karachi
2024-04-04 17:00:00,14.6,37.1,28.7,46,25.8,karachi
2024-04-04 18:00:00,15.7,38.5,27.3,55,22.0,karachi
2024-04-04 19:00:00,16.9,38.9,26.2,62,19.6,karachi
2024-04-04 20:00:00,18.0,40.4,26.1,62,16.7,karachi
2024-04-04 21:00:00,19.1,43.4,25.8,68,14.8,karachi
2024-04-04 22:00:00,19.1,46.8,25.5,72,14.5,karachi
2024-04-04 23:00:00,19.4,50.9,25.3,73,15.1,karachi
2024-04-05 00:00:00,19.5,54.6,25.1,75,16.2,karachi
2024-04-05 01:00:00,19.6,58.4,25.0,75,16.6,karachi
2024-04-05 02:00:00,19.4,58.3,24.7,75,15.6,karachi
2024-04-05 03:00:00,18.6,53.1,24.5,71,15.9,karachi
2024-04-05 04:00:00,17.8,46.4,24.7,70,16.8,karachi
2024-04-05 05:00:00,16.0,38.4,24.5,72,16.9,karachi
2024-04-05 06:00:00,16.4,46.9,25.0,72,19.2,karachi
2024-04-05 07:00:00,18.6,56.0,25.4,67,19.8,karachi
2024-04-05 08:00:00,21.8,67.5,26.8,59,21.6,karachi
2024-04-05 09:00:00,23.1,85.9,28.6,46,25.6,karachi
2024-04-05 10:00:00,24.3,100.4,30.1,36,29.2,karachi
2024-04-05 11:00:00,24.0,99.0,31.1,32,30.2,karachi
2024-04-05 12:00:00,21.7,86.6,31.3,35,29.9,karachi
2024-04-05 13:00:00,18.9,72.4,31.4,36,30.4,karachi
2024-04-05 14:00:00,16.5,60.3,30.6,44,29.4,karachi
2024-04-05 15:00:00,14.8,50.5,30.9,41,28.9,karachi
2024-04-05 16:00:00,14.0,45.2,30.3,42,29.7,karachi
2024-04-05 17:00:00,13.7,54.1,29.0,48,26.9,karachi
2024-04-05 18:00:00,13.1,46.1,27.6,55,23.6,karachi
2024-04-05 19:00:00,12.9,37.3,26.4,63,18.8,karachi
2024-04-05 20:00:00,13.6,37.5,26.0,67,14.4,karachi
2024-04-05 21:00:00,13.9,38.1,25.5,69,10.9,karachi
2024-04-05 22:00:00,13.8,37.6,25.0,70,9.0,karachi
2024-04-05 23:00:00,13.6,37.6,24.5,75,12.4,karachi
2024-04-06 00:00:00,13.1,38.0,24.5,76,15.5,karachi
2024-04-06 01:00:00,12.6,38.4,24.0,78,15.1,karachi
2024-04-06 02:00:00,12.5,39.6,23.9,80,17.2,karachi
2024-04-06 03:00:00,12.8,41.8,23.8,77,17.8,karachi
2024-04-06 04:00:00,13.1,43.1,23.8,71,18.5,karachi
2024-04-06 05:00:00,13.6,44.1,23.7,66,17.5,karachi
2024-04-06 06:00:00,13.9,44.7,23.9,69,19.0,karachi
2024-04-06 07:00:00,15.3,47.4,24.2,65,17.2,karachi
2024-04-06 08:00:00,17.6,51.9,26.3,57,15.9,karachi
2024-04-06 09:00:00,17.2,57.2,28.6,41,20.9,karachi
2024-04-06 10:00:00,16.7,56.9,30.2,29,23.9,karachi
2024-04-06 11:00:00,15.5,53.8,30.6,31,25.3,karachi
2024-04-06 12:00:00,15.2,53.9,30.6,39,26.5,karachi
2024-04-06 13:00:00,15.5,56.8,30.6,42,27.2,karachi
2024-04-06 14:00:00,16.3,60.3,30.8,39,27.3,karachi
2024-04-06 15:00:00,17.0,63.3,30.7,38,25.5,karachi
2024-04-06 16:00:00,17.5,65.0,30.0,44,22.8,karachi
2024-04-06 17:00:00,15.0,53.6,28.9,53,24.4,karachi
2024-04-06 18:00:00,15.3,51.3,27.4,58,19.9,karachi
2024-04-06 19:00:00,15.8,46.0,26.0,70,18.2,karachi
2024-04-06 20:00:00,15.9,42.6,25.2,72,18.1,karachi
2024-04-06 21:00:00,16.4,41.0,24.8,80,12.5,karachi
2024-04-06 22:00:00,16.7,42.7,24.5,85,12.5,karachi
2024-04-06 23:00:00,16.8,42.6,24.1,86,15.6,karachi
2024-04-07 00:00:00,17.1,41.8,23.9,86,15.5,karachi
2024-04-07 01:00:00,16.9,40.5,23.4,88,14.7,karachi
2024-04-07 02:00:00,16.5,39.0,23.1,90,12.1,karachi
2024-04-07 03:00:00,15.9,36.9,22.6,93,10.6,karachi
2024-04-07 04:00:00,15.4,35.2,22.0,95,8.8,karachi
2024-04-07 05:00:00,13.8,29.8,21.6,96,8.9,karachi
2024-04-07 06:00:00,14.6,31.3,22.4,95,11.4,karachi
2024-04-07 07:00:00,17.3,35.4,22.9,94,11.3,karachi
2024-04-07 08:00:00,19.4,41.8,24.9,86,13.7,karachi
2024-04-07 09:00:00,19.8,48.8,27.1,73,17.5,karachi
2024-04-07 10:00:00,20.8,54.7,29.4,58,18.5,karachi
2024-04-07 11:00:00,21.4,61.5,31.0,51,19.9,karachi
2024-04-07 12:00:00,21.6,64.0,31.6,50,22.4,karachi
2024-04-07 13:00:00,21.2,64.3,31.8,49,23.3,karachi
2024-04-07 14:00:00,21.0,65.7,32.0,47,23.5,karachi
2024-04-07 15:00:00,21.5,68.7,31.5,51,24.8,karachi
2024-04-07 16:00:00,22.5,73.3,30.6,52,24.9,karachi
2024-04-07 17:00:00,20.8,67.3,29.8,56,22.5,karachi
2024-04-07 18:00:00,21.8,68.7,27.5,71,22.5,karachi
2024-04-07 19:00:00,22.3,61.0,26.0,82,21.8,karachi
2024-04-07 20:00:00,21.3,54.6,25.4,87,21.0,karachi
2024-04-07 21:00:00,20.2,48.4,24.8,90,18.7,karachi
2024-04-07 22:00:00,18.6,49.6,24.5,88,12.4,karachi
2024-04-07 23:00:00,17.6,45.5,24.0,91,9.9,karachi
2024-04-08 00:00:00,17.3,42.8,23.5,95,14.0,karachi
2024-04-08 01:00:00,17.2,42.3,23.1,95,13.8,karachi
2024-04-08 02:00:00,17.5,42.1,22.9,94,13.2,karachi
2024-04-08 03:00:00,17.8,41.9,22.5,93,11.7,karachi
2024-04-08 04:00:00,18.0,42.7,22.0,93,9.5,karachi
2024-04-08 05:00:00,17.7,44.2,21.5,94,9.5,karachi
2024-04-08 06:00:00,18.2,46.6,21.6,93,10.6,karachi
2024-04-08 07:00:00,20.9,51.5,21.7,95,7.1,karachi
2024-04-08 08:00:00,24.4,60.5,23.4,89,6.8,karachi
2024-04-08 09:00:00,24.9,67.8,26.5,75,9.2,karachi
2024-04-08 10:00:00,23.5,69.6,30.1,53,10.7,karachi
2024-04-08 11:00:00,21.1,65.7,33.0,38,12.4,karachi
2024-04-08 12:00:00,18.7,61.7,33.8,39,17.1,karachi
2024-04-08 13:00:00,16.9,59.8,34.3,37,21.3,karachi
2024-04-08 14:00:00,15.9,59.4,34.7,32,22.5,karachi
2024-04-08 15:00:00,16.5,59.6,34.7,30,22.5,karachi
2024-04-08 16:00:00,17.3,60.8,33.6,34,22.5,karachi
2024-04-08 17:00:00,18.9,55.3,31.8,42,21.2,karachi
2024-04-08 18:00:00,21.2,56.7,29.1,53,19.5,karachi
2024-04-08 19:00:00,23.3,53.9,27.2,64,13.8,karachi
2024-04-08 20:00:00,23.1,50.1,26.3,70,13.0,karachi
2024-04-08 21:00:00,20.4,44.4,25.6,72,11.5,karachi
2024-04-08 22:00:00,18.0,39.5,25.1,72,7.6,karachi
2024-04-08 23:00:00,16.2,35.9,24.1,78,6.7,karachi
2024-04-09 00:00:00,14.4,33.1,23.9,79,13.9,karachi
2024-04-09 01:00:00,12.9,30.7,23.1,82,11.3,karachi
2024-04-09 02:00:00,11.8,28.7,22.8,83,13.3,karachi
2024-04-09 03:00:00,11.3,26.5,22.5,83,11.8,karachi
2024-04-09 04:00:00,11.0,25.0,22.2,83,12.1,karachi
2024-04-09 05:00:00,10.7,23.6,22.1,81,13.5,karachi
2024-04-09 06:00:00,11.1,25.3,22.6,82,15.6,karachi
2024-04-09 07:00:00,13.4,29.2,23.5,75,16.4,karachi
2024-04-09 08:00:00,17.1,36.0,26.1,64,12.9,karachi
2024-04-09 09:00:00,18.3,40.5,28.9,51,17.0,karachi
2024-04-09 10:00:00,16.8,40.2,31.6,37,18.2,karachi
2024-04-09 11:00:00,15.0,36.8,34.0,26,19.7,karachi
2024-04-09 12:00:00,13.1,34.1,35.0,23,22.0,karachi
2024-04-09 13:00:00,12.0,31.7,35.0,24,25.7,karachi
2024-04-09 14:00:00,11.9,31.0,34.8,24,26.3,karachi
2024-04-09 15:00:00,11.9,31.1,34.5,24,26.6,karachi
2024-04-09 16:00:00,12.0,32.5,33.3,28,26.3,karachi
2024-04-09 17:00:00,11.6,30.2,31.5,37,24.6,karachi
2024-04-09 18:00:00,13.0,32.8,30.0,40,21.0,karachi
2024-04-09 19:00:00,15.2,35.0,28.0,51,16.6,karachi
2024-04-09 20:00:00,16.9,38.3,26.8,63,14.5,karachi
2024-04-09 21:00:00,17.4,42.4,26.0,70,16.2,karachi
2024-04-09 22:00:00,17.4,43.5,25.5,72,13.8,karachi
2024-04-09 23:00:00,17.5,44.9,24.9,76,11.6,karachi
2024-04-10 00:00:00,17.2,44.9,24.4,79,10.8,karachi
2024-04-10 01:00:00,16.5,43.5,23.8,85,11.8,karachi
2024-04-10 02:00:00,15.6,41.2,23.5,89,13.3,karachi
2024-04-10 03:00:00,14.8,38.4,23.3,90,13.4,karachi
2024-04-10 04:00:00,14.1,35.7,23.1,92,13.7,karachi
2024-04-10 05:00:00,14.3,36.0,23.0,92,13.6,karachi
2024-04-10 06:00:00,14.8,35.9,23.4,90,13.3,karachi
2024-04-10 07:00:00,17.0,37.6,23.8,90,13.7,karachi
2024-04-10 08:00:00,18.4,42.0,25.9,80,13.7,karachi
2024-04-10 09:00:00,18.6,44.6,28.0,66,13.5,karachi
2024-04-10 10:00:00,19.1,45.9,30.1,53,17.5,karachi
2024-04-10 11:00:00,19.0,46.1,31.5,43,18.0,karachi
2024-04-10 12:00:00,18.7,45.8,32.2,43,21.1,karachi
2024-04-10 13:00:00,18.2,44.7,30.9,52,23.2,karachi
2024-04-10 14:00:00,17.3,43.8,30.0,60,24.3,karachi
2024-04-10 15:00:00,16.3,41.7,30.4,59,23.3,karachi
2024-04-10 16:00:00,15.8,39.8,29.5,65,22.9,karachi
2024-04-10 17:00:00,17.1,43.2,27.5,80,20.7,karachi
2024-04-10 18:00:00,17.1,41.0,26.5,81,16.6,karachi
2024-04-10 19:00:00,17.3,38.1,25.9,86,18.1,karachi
2024-04-10 20:00:00,17.5,37.0,25.6,86,16.9,karachi
2024-04-10 21:00:00,17.6,36.2,25.5,86,14.2,karachi
2024-04-10 22:00:00,18.5,35.7,25.1,88,10.8,karachi
2024-04-10 23:00:00,19.2,36.3,24.8,90,7.6,karachi
2024-04-11 00:00:00,19.2,36.2,24.1,94,7.3,karachi
2024-04-11 01:00:00,18.8,35.5,23.6,96,6.5,karachi
2024-04-11 02:00:00,18.4,34.7,23.2,97,7.9,karachi
2024-04-11 03:00:00,18.2,34.5,22.7,97,6.9,karachi
2024-04-11 04:00:00,18.7,35.9,22.5,98,8.4,karachi
2024-04-11 05:00:00,16.1,30.3,22.4,97,8.7,karachi
2024-04-11 06:00:00,17.5,31.5,22.6,98,7.2,karachi
2024-04-11 07:00:00,19.4,34.3,22.7,99,6.6,karachi
2024-04-11 08:00:00,20.0,38.3,23.5,96,7.6,karachi
2024-04-11 09:00:00,18.1,42.6,26.4,79,9.1,karachi
2024-04-11 10:00:00,18.0,49.0,28.6,67,10.5,karachi
2024-04-11 11:00:00,18.5,55.4,30.0,62,14.6,karachi
2024-04-11 12:00:00,19.0,61.2,30.8,57,16.7,karachi
2024-04-11 13:00:00,19.6,66.8,31.2,54,20.3,karachi
2024-04-11 14:00:00,20.0,71.0,31.0,54,20.9,karachi
2024-04-11 15:00:00,20.0,72.4,30.4,58,20.4,karachi
2024-04-11 16:00:00,19.9,71.7,29.8,62,21.0,karachi
2024-04-11 17:00:00,13.7,44.4,29.0,64,17.6,karachi
2024-04-11 18:00:00,13.9,43.4,27.5,70,14.4,karachi
2024-04-11 19:00:00,14.4,41.6,26.5,78,14.4,karachi
2024-04-11 20:00:00,14.9,41.6,25.9,84,14.6,karachi
2024-04-11 21:00:00,15.4,41.9,25.5,86,13.0,karachi
2024-04-11 22:00:00,16.8,42.0,25.2,88,9.1,karachi
2024-04-11 23:00:00,18.2,42.4,24.8,90,8.0,karachi
2024-04-12 00:00:00,18.3,40.5,24.2,93,8.8,karachi
2024-04-12 01:00:00,17.6,38.4,23.7,96,9.8,karachi
2024-04-12 02:00:00,16.3,36.4,23.5,97,12.3,karachi
2024-04-12 03:00:00,15.0,34.5,23.4,97,14.8,karachi
2024-04-12 04:00:00,13.8,31.8,23.3,97,16.4,karachi
2024-04-12 05:00:00,13.3,30.3,23.0,98,14.8,karachi
2024-04-12 06:00:00,13.6,29.6,23.6,96,13.0,karachi
2024-04-12 07:00:00,15.8,32.2,23.5,95,12.8,karachi
2024-04-12 08:00:00,16.5,36.8,24.7,88,13.5,karachi
2024-04-12 09:00:00,16.5,42.3,27.1,74,16.1,karachi
2024-04-12 10:00:00,16.0,43.0,29.4,61,19.8,karachi
2024-04-12 11:00:00,15.7,43.8,31.2,50,21.9,karachi
2024-04-12 12:00:00,15.1,44.8,32.8,41,19.1,karachi
2024-04-12 13:00:00,14.4,44.8,33.6,36,19.2,karachi
2024-04-12 14:00:00,13.5,44.7,33.0,41,19.7,karachi
2024-04-12 15:00:00,12.7,44.0,31.0,55,21.5,karachi
2024-04-12 16:00:00,12.0,43.3,29.9,60,23.3,karachi
2024-04-12 17:00:00,8.6,30.5,28.4,71,21.6,karachi
2024-04-12 18:00:00,8.7,29.5,27.2,74,20.2,karachi
2024-04-12 19:00:00,8.7,26.8,26.2,82,20.7,karachi
2024-04-12 20:00:00,9.0,25.4,26.1,84,17.1,karachi
2024-04-12 21:00:00,9.3,25.6,26.1,85,17.1,karachi
2024-04-12 22:00:00,9.9,26.4,26.0,85,17.2,karachi
2024-04-12 23:00:00,10.8,27.5,26.0,85,17.0,karachi
2024-04-13 00:00:00,11.0,28.5,26.0,86,16.1,karachi
2024-04-13 01:00:00,10.3,26.7,25.6,88,13.7,karachi
2024-04-13 02:00:00,9.8,26.3,25.2,92,11.3,karachi
2024-04-13 03:00:00,9.8,27.0,25.0,94,10.1,karachi
2024-04-13 04:00:00,10.0,27.2,25.0,95,9.4,karachi
2024-04-13 05:00:00,9.8,27.4,25.0,95,10.9,karachi
2024-04-13 06:00:00,10.8,27.5,25.2,95,10.1,karachi
2024-04-13 07:00:00,12.6,30.5,25.9,93,11.2,karachi
2024-04-13 08:00:00,13.9,33.6,27.5,82,17.8,karachi
2024-04-13 09:00:00,14.5,39.6,28.8,72,19.0,karachi
2024-04-13 10:00:00,15.7,44.8,29.9,65,17.9,karachi
2024-04-13 11:00:00,16.8,50.9,31.0,60,18.3,karachi
2024-04-13 12:00:00,17.8,57.2,32.0,55,18.6,karachi
2024-04-13 13:00:00,18.3,60.1,31.2,59,20.9,karachi
2024-04-13 14:00:00,17.8,58.6,31.1,58,21.7,karachi
2024-04-13 15:00:00,17.1,57.5,30.6,60,22.1,karachi
2024-04-13 16:00:00,17.6,72.9,29.8,65,23.8,karachi
2024-04-13 17:00:00,15.3,67.1,29.8,64,20.1,karachi
2024-04-13 18:00:00,16.5,70.5,28.5,75,13.5,karachi
2024-04-13 19:00:00,16.5,62.2,28.0,74,6.1,karachi
2024-04-13 20:00:00,16.4,56.9,28.0,74,5.9,karachi
2024-04-13 21:00:00,16.3,52.3,27.1,82,11.2,karachi
2024-04-13 22:00:00,15.9,50.1,26.6,88,9.6,karachi
2024-04-13 23:00:00,15.3,47.0,26.2,92,11.9,karachi
2024-04-14 00:00:00,14.5,48.9,26.0,95,13.0,karachi
2024-04-14 01:00:00,14.3,46.3,25.8,95,10.4,karachi
2024-04-14 02:00:00,13.8,43.0,25.4,98,5.4,karachi
2024-04-14 03:00:00,13.4,39.3,25.0,99,2.3,karachi
2024-04-14 04:00:00,13.3,36.3,25.1,99,1.1,karachi
2024-04-14 05:00:00,14.2,35.6,24.9,99,2.7,karachi
2024-04-14 06:00:00,15.1,34.8,24.5,100,3.3,karachi
2024-04-14 07:00:00,17.6,36.8,24.9,96,2.7,karachi
2024-04-14 08:00:00,14.6,37.1,25.2,95,3.7,karachi
2024-04-14 09:00:00,17.3,61.7,26.5,86,7.2,karachi
2024-04-14 10:00:00,17.1,53.6,27.2,76,10.7,karachi
2024-04-14 11:00:00,24.2,122.0,27.0,72,3.8,karachi
2024-04-14 12:00:00,28.4,155.1,28.6,63,5.1,karachi
2024-04-14 13:00:00,32.2,184.9,29.4,60,7.3,karachi
2024-04-14 14:00:00,34.2,191.4,29.0,58,7.0,karachi
2024-04-14 15:00:00,35.0,189.5,29.5,57,13.6,karachi
2024-04-14 16:00:00,37.8,216.1,28.4,65,13.0,karachi
2024-04-14 17:00:00,34.7,193.7,28.0,67,14.8,karachi
2024-04-14 18:00:00,35.0,188.6,27.5,63,12.2,karachi
2024-04-14 19:00:00,37.1,183.9,27.0,69,9.4,karachi
2024-04-14 20:00:00,38.1,167.6,26.1,76,7.1,karachi
2024-04-14 21:00:00,38.8,149.9,26.0,78,11.2,karachi
2024-04-14 22:00:00,37.8,140.6,25.9,82,3.2,karachi
2024-04-14 23:00:00,36.6,130.9,25.1,84,10.6,karachi
2024-04-15 00:00:00,37.1,128.1,24.6,84,10.4,karachi
2024-04-15 01:00:00,36.6,130.9,24.4,84,10.7,karachi
2024-04-15 02:00:00,36.3,113.9,24.0,85,9.1,karachi
2024-04-15 03:00:00,34.5,99.9,24.0,86,7.2,karachi
2024-04-15 04:00:00,32.4,91.0,23.8,87,6.2,karachi
2024-04-15 05:00:00,28.4,88.7,23.7,87,4.1,karachi
2024-04-15 06:00:00,26.8,78.2,23.1,88,7.9,karachi
2024-04-15 07:00:00,27.8,73.3,23.5,88,5.2,karachi
2024-04-15 08:00:00,28.6,76.1,24.9,83,7.0,karachi
2024-04-15 09:00:00,24.6,68.7,26.2,75,6.4,karachi
2024-04-15 10:00:00,21.0,56.7,27.7,68,6.4,karachi
2024-04-15 11:00:00,18.5,53.1,29.1,62,6.2,karachi
2024-04-15 12:00:00,17.6,57.6,30.2,57,9.7,karachi
2024-04-15 13:00:00,18.0,68.9,30.3,56,16.3,karachi
2024-04-15 14:00:00,19.2,80.1,29.9,59,17.1,karachi
2024-04-15 15:00:00,18.9,82.7,29.9,58,19.7,karachi
2024-04-15 16:00:00,17.8,77.5,29.5,58,19.4,karachi
2024-04-15 17:00:00,14.8,71.2,28.5,64,18.4,karachi
2024-04-15 18:00:00,14.0,63.1,27.4,72,19.1,karachi
2024-04-15 19:00:00,13.2,49.5,26.5,77,17.2,karachi
2024-04-15 20:00:00,12.6,40.7,25.9,81,13.5,karachi
2024-04-15 21:00:00,12.5,37.0,25.6,84,10.7,karachi
2024-04-15 22:00:00,12.7,35.3,25.2,88,9.0,karachi
2024-04-15 23:00:00,12.5,34.9,24.8,91,6.9,karachi
2024-04-16 00:00:00,12.6,33.4,24.8,91,6.6,karachi
2024-04-16 01:00:00,12.5,32.0,24.5,92,3.9,karachi
2024-04-16 02:00:00,11.9,29.2,24.5,92,5.2,karachi
2024-04-16 03:00:00,11.4,26.3,23.9,95,7.7,karachi
2024-04-16 04:00:00,11.0,23.9,24.0,94,9.2,karachi
2024-04-16 05:00:00,11.0,21.7,23.6,95,9.3,karachi
2024-04-16 06:00:00,11.4,21.4,23.9,94,8.9,karachi
2024-04-16 07:00:00,13.2,23.6,24.6,92,8.6,karachi
2024-04-16 08:00:00,13.9,27.8,26.1,85,12.0,karachi
2024-04-16 09:00:00,14.1,42.3,27.3,78,12.8,karachi
2024-04-16 10:00:00,16.9,65.4,28.8,72,14.1,karachi
2024-04-16 11:00:00,21.0,90.1,29.1,68,10.7,karachi
2024-04-16 12:00:00,24.8,112.7,31.8,53,11.1,karachi
2024-04-16 13:00:00,25.2,114.3,33.5,43,13.9,karachi
2024-04-16 14:00:00,26.7,115.3,33.9,40,18.6,karachi
2024-04-16 15:00:00,29.7,126.2,33.6,41,24.5,karachi
2024-04-16 16:00:00,32.0,133.6,32.8,44,18.6,karachi
2024-04-16 17:00:00,25.6,94.1,32.2,49,18.1,karachi
2024-04-16 18:00:00,26.8,94.5,31.1,57,17.5,karachi
2024-04-16 19:00:00,29.2,92.0,29.2,69,16.9,karachi
2024-04-16 20:00:00,32.2,96.2,28.0,76,15.0,karachi
2024-04-16 21:00:00,34.7,105.2,27.5,80,15.3,karachi
2024-04-16 22:00:00,36.2,106.2,27.5,79,12.8,karachi
2024-04-16 23:00:00,36.4,102.0,27.5,73,11.3,karachi
2024-04-17 00:00:00,35.9,94.1,27.0,69,8.9,karachi
2024-04-17 01:00:00,33.9,82.7,26.4,69,6.9,karachi
2024-04-17 02:00:00,31.2,71.7,26.0,69,6.5,karachi
2024-04-17 03:00:00,27.1,60.8,25.5,69,8.0,karachi
2024-04-17 04:00:00,24.3,53.7,25.8,66,8.1,karachi
2024-04-17 05:00:00,18.6,45.2,25.6,69,6.6,karachi
2024-04-17 06:00:00,19.6,46.2,24.6,78,4.7,karachi
2024-04-17 07:00:00,23.2,52.0,25.1,71,6.2,karachi
2024-04-17 08:00:00,27.4,59.1,26.3,66,3.1,karachi
2024-04-17 09:00:00,27.7,63.1,28.0,58,2.7,karachi
2024-04-17 10:00:00,27.2,64.5,30.6,48,2.3,karachi
2024-04-17 11:00:00,27.2,63.8,32.8,40,6.0,karachi
2024-04-17 12:00:00,28.1,70.3,33.6,37,13.5,karachi
2024-04-17 13:00:00,26.1,72.4,33.8,35,17.7,karachi
2024-04-17 14:00:00,23.3,69.4,33.8,32,18.9,karachi
2024-04-17 15:00:00,20.5,66.1,33.6,32,18.1,karachi
2024-04-17 16:00:00,19.3,64.5,32.8,35,15.7,karachi
2024-04-17 17:00:00,15.9,52.9,31.4,39,14.4,karachi
2024-04-17 18:00:00,16.5,52.0,31.2,45,16.5,karachi
2024-04-17 19:00:00,20.5,56.9,29.5,51,14.1,karachi
2024-04-17 20:00:00,24.1,61.9,28.4,58,13.3,karachi
2024-04-17 21:00:00,25.1,62.9,27.4,68,13.6,karachi
2024-04-17 22:00:00,24.2,61.5,26.6,77,12.9,karachi
2024-04-17 23:00:00,23.4,60.5,26.4,76,14.1,karachi
2024-04-18 00:00:00,22.3,57.5,26.0,77,12.6,karachi
2024-04-18 01:00:00,20.4,52.7,25.9,78,10.2,karachi
2024-04-18 02:00:00,18.3,46.7,25.7,81,10.2,karachi
2024-04-18 03:00:00,16.8,42.3,25.5,83,10.7,karachi
2024-04-18 04:00:00,15.9,41.7,25.5,85,7.6,karachi
2024-04-18 05:00:00,18.4,55.1,25.3,87,7.9,karachi
2024-04-18 06:00:00,17.4,54.9,26.1,85,14.1,karachi
2024-04-18 07:00:00,16.3,50.8,26.2,84,16.2,karachi
2024-04-18 08:00:00,15.0,47.1,26.9,81,17.4,karachi
2024-04-18 09:00:00,13.6,43.8,27.5,78,19.8,karachi
2024-04-18 10:00:00,13.1,44.1,27.8,75,10.1,karachi
2024-04-18 11:00:00,13.4,51.8,28.5,72,13.2,karachi
2024-04-18 12:00:00,15.7,67.5,29.2,69,20.3,karachi
2024-04-18 13:00:00,19.6,89.2,29.6,68,22.0,karachi
2024-04-18 14:00:00,22.5,104.1,29.7,68,26.4,karachi
2024-04-18 15:00:00,25.5,116.2,29.7,68,27.1,karachi
2024-04-18 16:00:00,27.8,125.3,29.5,68,27.2,karachi
2024-04-18 17:00:00,32.2,142.0,29.0,67,28.0,karachi
2024-04-18 18:00:00,33.8,144.8,28.0,77,25.7,karachi
2024-04-18 19:00:00,34.8,144.8,27.1,83,24.6,karachi
2024-04-18 20:00:00,35.4,145.8,26.6,85,23.3,karachi
2024-04-18 21:00:00,35.0,142.5,26.2,85,22.7,karachi
2024-04-18 22:00:00,33.4,137.4,25.8,86,21.2,karachi
2024-04-18 23:00:00,30.4,118.7,25.5,84,20.3,karachi
2024-04-19 00:00:00,26.4,95.0,25.1,84,21.2,karachi
2024-04-19 01:00:00,22.4,71.9,24.7,84,22.0,karachi
2024-04-19 02:00:00,19.6,53.6,24.5,88,22.1,karachi
2024-04-19 03:00:00,18.6,43.0,24.4,86,20.6,karachi
2024-04-19 04:00:00,19.2,39.6,24.2,86,19.9,karachi
2024-04-19 05:00:00,21.4,43.2,24.1,84,19.4,karachi
2024-04-19 06:00:00,23.5,48.1,24.2,80,21.3,karachi
2024-04-19 07:00:00,26.1,54.6,24.9,78,20.9,karachi
2024-04-19 08:00:00,27.0,61.7,26.4,70,26.5,karachi
2024-04-19 09:00:00,26.6,61.9,27.5,65,29.4,karachi
2024-04-19 10:00:00,26.3,61.2,28.3,60,31.6,karachi
2024-04-19 11:00:00,25.7,59.1,29.0,56,32.0,karachi
2024-04-19 12:00:00,25.1,56.7,29.5,53,32.8,karachi
2024-04-19 13:00:00,24.9,54.9,29.7,52,33.4,karachi
2024-04-19 14:00:00,24.6,53.2,29.8,52,32.4,karachi
2024-04-19 15:00:00,24.6,52.5,29.4,54,31.5,karachi
2024-04-19 16:00:00,24.6,52.0,28.9,56,31.0,karachi
2024-04-19 17:00:00,28.2,60.1,28.0,62,31.3,karachi
2024-04-19 18:00:00,28.9,60.1,27.5,66,28.5,karachi
2024-04-19 19:00:00,29.8,59.8,26.6,72,26.4,karachi
2024-04-19 20:00:00,30.5,59.8,26.3,75,25.4,karachi
2024-04-19 21:00:00,30.5,59.0,26.0,76,24.1,karachi
2024-04-19 22:00:00,30.4,58.6,25.8,77,23.2,karachi
2024-04-19 23:00:00,29.9,57.7,25.5,80,20.6,karachi
2024-04-20 00:00:00,29.2,56.6,25.3,82,19.6,karachi
2024-04-20 01:00:00,28.1,54.8,25.1,82,20.8,karachi
2024-04-20 02:00:00,26.8,52.2,25.0,83,20.9,karachi
2024-04-20 03:00:00,25.6,49.4,24.9,84,21.1,karachi
2024-04-20 04:00:00,24.3,46.1,25.0,84,20.0,karachi
2024-04-20 05:00:00,25.1,48.4,24.6,87,19.8,karachi
2024-04-20 06:00:00,23.5,44.2,24.9,87,20.2,karachi
2024-04-20 07:00:00,22.4,41.3,25.3,85,19.5,karachi
2024-04-20 08:00:00,20.8,41.0,27.0,73,22.1,karachi
2024-04-20 09:00:00,18.5,43.7,28.7,61,21.7,karachi
2024-04-20 10:00:00,16.8,49.9,29.9,52,20.1,karachi
2024-04-20 11:00:00,15.8,51.1,31.1,43,19.2,karachi
2024-04-20 12:00:00,14.8,48.3,32.1,36,20.0,karachi
2024-04-20 13:00:00,14.3,45.2,32.5,33,21.6,karachi
2024-04-20 14:00:00,14.0,43.7,32.8,32,23.9,karachi
2024-04-20 15:00:00,14.3,43.9,31.9,35,25.6,karachi
2024-04-20 16:00:00,15.0,44.4,30.8,39,25.0,karachi
2024-04-20 17:00:00,19.2,52.9,29.9,43,24.7,karachi
2024-04-20 18:00:00,21.3,52.4,28.0,61,22.9,karachi
2024-04-20 19:00:00,23.6,50.3,26.9,72,22.0,karachi
2024-04-20 20:00:00,25.5,50.4,26.5,79,21.4,karachi
2024-04-20 21:00:00,26.7,51.3,26.2,81,20.8,karachi
2024-04-20 22:00:00,27.6,53.1,25.9,86,19.7,karachi
2024-04-20 23:00:00,27.4,53.7,25.5,87,18.5,karachi
2024-04-21 00:00:00,27.1,53.4,25.2,88,17.6,karachi
2024-04-21 01:00:00,26.6,52.9,25.0,90,17.3,karachi
2024-04-21 02:00:00,26.2,52.4,24.8,90,15.9,karachi
2024-04-21 03:00:00,26.0,52.5,24.5,91,14.6,karachi
2024-04-21 04:00:00,25.7,52.7,24.5,91,15.3,karachi
2024-04-21 05:00:00,26.1,55.8,24.3,91,14.4,karachi
2024-04-21 06:00:00,26.4,56.9,24.5,89,14.5,karachi
2024-04-21 07:00:00,28.0,60.3,25.4,84,14.2,karachi
2024-04-21 08:00:00,27.8,67.1,27.2,71,19.7,karachi
2024-04-21 09:00:00,25.8,65.7,28.5,66,22.8,karachi
2024-04-21 10:00:00,24.3,62.6,29.5,63,25.3,karachi
2024-04-21 11:00:00,22.0,58.0,30.4,58,27.8,karachi
2024-04-21 12:00:00,20.7,55.4,31.0,53,30.2,karachi
2024-04-21 13:00:00,20.1,54.5,31.5,48,31.2,karachi
2024-04-21 14:00:00,19.6,53.7,31.2,51,32.2,karachi
2024-04-21 15:00:00,19.3,53.1,31.0,49,31.7,karachi
2024-04-21 16:00:00,19.4,52.0,30.6,50,31.3,karachi
2024-04-21 17:00:00,19.0,48.2,30.0,50,29.5,karachi
2024-04-21 18:00:00,19.3,47.1,29.1,52,23.4,karachi
2024-04-21 19:00:00,20.6,45.8,27.5,65,18.8,karachi
2024-04-21 20:00:00,21.7,47.0,26.6,75,15.9,karachi
2024-04-21 21:00:00,22.4,49.2,26.0,87,17.1,karachi
2024-04-21 22:00:00,22.8,51.8,26.0,84,20.6,karachi
2024-04-21 23:00:00,22.6,55.5,25.6,83,21.7,karachi
2024-04-22 00:00:00,22.1,57.0,25.3,84,21.2,karachi
2024-04-22 01:00:00,21.6,56.8,25.0,85,20.7,karachi
2024-04-22 02:00:00,21.4,56.0,24.8,88,20.4,karachi
2024-04-22 03:00:00,21.7,55.5,24.7,89,21.6,karachi
2024-04-22 04:00:00,22.5,54.2,24.7,90,23.8,karachi
2024-04-22 05:00:00,22.1,50.2,24.7,92,23.8,karachi
2024-04-22 06:00:00,21.6,49.2,24.9,89,17.6,karachi
2024-04-22 07:00:00,21.2,50.6,25.6,86,18.0,karachi
2024-04-22 08:00:00,21.5,59.6,27.1,79,24.2,karachi
2024-04-22 09:00:00,21.2,62.4,28.5,71,25.9,karachi
2024-04-22 10:00:00,21.1,65.9,29.8,64,28.4,karachi
2024-04-22 11:00:00,21.0,68.2,30.7,59,29.9,karachi
2024-04-22 12:00:00,20.6,68.2,31.5,55,31.0,karachi
2024-04-22 13:00:00,20.1,67.3,31.9,51,31.7,karachi
2024-04-22 14:00:00,19.7,66.6,32.0,49,33.3,karachi
2024-04-22 15:00:00,19.4,65.0,31.6,50,33.4,karachi
2024-04-22 16:00:00,19.2,63.6,30.8,55,32.8,karachi
2024-04-22 17:00:00,17.6,55.2,29.5,61,31.6,karachi
2024-04-22 18:00:00,17.9,54.4,28.0,73,24.8,karachi
2024-04-22 19:00:00,18.6,52.2,26.7,84,21.5,karachi
2024-04-22 20:00:00,19.2,51.2,26.0,91,15.8,karachi
2024-04-22 21:00:00,19.7,49.7,25.9,89,14.6,karachi
2024-04-22 22:00:00,19.9,51.1,25.6,89,14.5,karachi
2024-04-22 23:00:00,20.1,51.1,25.4,90,11.9,karachi
2024-04-23 00:00:00,20.3,51.3,25.0,94,11.2,karachi
2024-04-23 01:00:00,20.1,51.2,24.8,94,11.4,karachi
2024-04-23 02:00:00,19.9,51.1,24.6,95,12.2,karachi
2024-04-23 03:00:00,20.1,51.5,24.5,95,13.5,karachi
2024-04-23 04:00:00,19.9,50.5,24.4,93,14.4,karachi
2024-04-23 05:00:00,18.7,40.6,24.4,92,15.5,karachi
2024-04-23 06:00:00,18.5,43.1,24.9,93,20.2,karachi
2024-04-23 07:00:00,19.2,51.9,25.5,91,21.3,karachi
2024-04-23 08:00:00,19.8,58.3,27.0,80,24.9,karachi
2024-04-23 09:00:00,20.2,62.9,28.6,69,24.5,karachi
2024-04-23 10:00:00,21.0,67.8,29.8,64,23.4,karachi
2024-04-23 11:00:00,21.6,71.7,30.7,59,24.5,karachi
2024-04-23 12:00:00,21.7,72.6,31.4,55,25.9,karachi
2024-04-23 13:00:00,21.3,71.5,31.8,54,26.7,karachi
2024-04-23 14:00:00,21.0,69.4,31.7,54,27.7,karachi
2024-04-23 15:00:00,20.8,68.5,31.0,57,27.0,karachi
2024-04-23 16:00:00,20.7,67.1,29.9,64,26.7,karachi
2024-04-23 17:00:00,19.6,61.5,28.8,71,25.4,karachi
2024-04-23 18:00:00,19.1,57.2,27.6,76,19.9,karachi
2024-04-23 19:00:00,18.5,51.1,26.5,83,17.5,karachi
2024-04-23 20:00:00,18.3,47.7,26.1,86,17.6,karachi
2024-04-23 21:00:00,18.4,46.4,25.9,88,16.9,karachi
2024-04-23 22:00:00,18.1,46.6,25.5,89,14.2,karachi
2024-04-23 23:00:00,18.3,45.8,25.1,92,12.6,karachi
2024-04-24 00:00:00,19.0,46.6,24.8,94,11.9,karachi
2024-04-24 01:00:00,18.9,46.6,24.5,95,13.8,karachi
2024-04-24 02:00:00,18.0,44.8,24.5,95,15.9,karachi
2024-04-24 03:00:00,17.2,43.1,24.5,94,17.0,karachi
2024-04-24 04:00:00,16.7,41.4,24.4,95,16.3,karachi
2024-04-24 05:00:00,16.1,39.5,24.2,95,15.3,karachi
2024-04-24 06:00:00,16.5,39.5,24.2,95,13.7,karachi
2024-04-24 07:00:00,18.4,41.4,24.9,93,12.3,karachi
2024-04-24 08:00:00,18.7,47.1,26.7,80,16.2,karachi
2024-04-24 09:00:00,18.7,50.4,28.2,70,17.6,karachi
2024-04-24 10:00:00,19.4,54.7,29.5,64,18.9,karachi
2024-04-24 11:00:00,20.0,58.2,30.5,60,21.2,karachi
2024-04-24 12:00:00,20.2,59.8,31.2,55,22.7,karachi
2024-04-24 13:00:00,20.0,59.5,31.8,54,24.4,karachi
2024-04-24 14:00:00,19.5,57.6,31.6,54,25.0,karachi
2024-04-24 15:00:00,19.2,56.0,31.3,56,25.9,karachi
2024-04-24 16:00:00,18.7,53.4,30.5,61,23.7,karachi
2024-04-24 17:00:00,22.1,63.1,29.6,62,21.3,karachi
2024-04-24 18:00:00,22.2,62.2,28.3,73,22.0,karachi
2024-04-24 19:00:00,21.8,57.9,27.0,79,21.1,karachi
2024-04-24 20:00:00,21.3,54.2,26.4,85,19.7,karachi
2024-04-24 21:00:00,20.7,51.7,26.0,87,17.4,karachi
2024-04-24 22:00:00,20.4,49.5,25.7,89,14.9,karachi
2024-04-24 23:00:00,20.0,48.4,25.2,93,11.9,karachi
2024-04-25 00:00:00,20.1,46.3,24.9,95,10.9,karachi
2024-04-25 01:00:00,20.1,45.2,24.5,96,10.5,karachi
2024-04-25 02:00:00,20.0,44.2,24.4,97,9.7,karachi
2024-04-25 03:00:00,19.7,43.3,24.2,97,10.4,karachi
2024-04-25 04:00:00,18.4,40.9,24.1,96,10.7,karachi
2024-04-25 05:00:00,16.3,36.0,24.1,95,11.1,karachi
2024-04-25 06:00:00,16.2,36.6,24.6,94,14.9,karachi
2024-04-25 07:00:00,17.1,37.6,25.5,88,16.7,karachi
2024-04-25 08:00:00,16.6,40.3,27.0,79,19.1,karachi
2024-04-25 09:00:00,16.2,41.9,28.5,71,22.0,karachi
2024-04-25 10:00:00,16.9,43.9,29.6,66,24.8,karachi
2024-04-25 11:00:00,17.3,45.8,30.5,61,28.1,karachi
2024-04-25 12:00:00,17.1,46.8,31.1,58,29.6,karachi
2024-04-25 13:00:00,16.4,47.7,31.6,53,29.5,karachi
2024-04-25 14:00:00,15.7,50.4,31.5,55,30.1,karachi
2024-04-25 15:00:00,15.3,54.6,31.1,56,31.4,karachi
2024-04-25 16:00:00,15.1,58.9,30.4,61,29.7,karachi
2024-04-25 17:00:00,13.8,54.7,29.4,66,28.1,karachi
2024-04-25 18:00:00,14.2,57.6,28.3,73,23.8,karachi
2024-04-25 19:00:00,14.5,53.3,27.0,82,23.6,karachi
2024-04-25 20:00:00,14.8,48.2,26.5,86,22.5,karachi
2024-04-25 21:00:00,15.5,45.4,26.2,90,23.2,karachi
2024-04-25 22:00:00,15.5,44.6,26.0,91,23.6,karachi
2024-04-25 23:00:00,15.4,43.2,26.0,92,22.1,karachi
2024-04-26 00:00:00,15.3,40.6,25.9,91,18.8,karachi
2024-04-26 01:00:00,14.8,38.8,25.5,93,17.3,karachi
2024-04-26 02:00:00,14.2,38.3,25.4,93,19.7,karachi
2024-04-26 03:00:00,13.8,38.6,25.7,89,19.9,karachi
2024-04-26 04:00:00,13.4,38.9,25.9,89,18.8,karachi
2024-04-26 05:00:00,12.5,35.4,25.9,88,19.2,karachi
2024-04-26 06:00:00,12.7,38.4,25.8,92,19.5,karachi
2024-04-26 07:00:00,13.5,46.4,26.5,86,19.7,karachi
2024-04-26 08:00:00,13.8,58.2,28.0,76,21.6,karachi
2024-04-26 09:00:00,14.9,69.2,29.5,66,24.1,karachi
2024-04-26 10:00:00,16.5,76.8,30.4,60,25.3,karachi
2024-04-26 11:00:00,17.8,82.0,31.2,56,26.7,karachi
2024-04-26 12:00:00,19.0,86.8,31.5,56,27.4,karachi
2024-04-26 13:00:00,20.1,91.0,31.8,55,28.9,karachi
2024-04-26 14:00:00,20.8,91.5,31.8,55,27.7,karachi
2024-04-26 15:00:00,21.8,98.7,31.5,57,28.4,karachi
2024-04-26 16:00:00,22.4,103.4,31.1,57,28.5,karachi
2024-04-26 17:00:00,21.4,98.5,30.2,59,28.2,karachi
2024-04-26 18:00:00,20.9,95.5,28.5,66,23.8,karachi
2024-04-26 19:00:00,19.1,80.1,27.0,78,22.2,karachi
2024-04-26 20:00:00,17.3,66.6,26.6,81,22.9,karachi
2024-04-26 21:00:00,16.2,59.5,26.3,85,21.7,karachi
2024-04-26 22:00:00,15.7,53.1,26.1,86,21.2,karachi
2024-04-26 23:00:00,15.7,50.1,25.8,89,21.7,karachi
2024-04-27 00:00:00,15.1,47.4,25.5,91,21.3,karachi
2024-04-27 01:00:00,14.2,44.5,25.2,92,20.5,karachi
2024-04-27 02:00:00,13.7,42.6,25.0,93,18.6,karachi
2024-04-27 03:00:00,13.4,41.6,24.8,94,17.8,karachi
2024-04-27 04:00:00,13.4,41.1,24.6,94,15.6,karachi
2024-04-27 05:00:00,13.3,39.8,24.3,95,10.5,karachi
2024-04-27 06:00:00,14.1,41.7,24.8,96,10.8,karachi
2024-04-27 07:00:00,15.2,49.0,25.6,92,11.1,karachi
2024-04-27 08:00:00,15.4,55.6,27.3,79,16.3,karachi
2024-04-27 09:00:00,16.2,59.5,28.8,69,18.4,karachi
2024-04-27 10:00:00,17.2,65.9,30.0,62,20.3,karachi
2024-04-27 11:00:00,18.5,74.5,30.7,59,21.7,karachi
2024-04-27 12:00:00,19.3,82.7,31.4,56,24.0,karachi
2024-04-27 13:00:00,19.8,89.6,31.8,54,25.4,karachi
2024-04-27 14:00:00,20.1,92.7,32.0,52,25.3,karachi
2024-04-27 15:00:00,20.1,92.4,31.9,51,26.2,karachi
2024-04-27 16:00:00,20.1,91.7,31.4,54,26.8,karachi
2024-04-27 17:00:00,17.5,78.0,30.5,59,24.7,karachi
2024-04-27 18:00:00,16.8,70.3,28.8,69,19.9,karachi
2024-04-27 19:00:00,15.5,57.4,27.5,74,18.9,karachi
2024-04-27 20:00:00,14.1,49.1,26.4,84,18.0,karachi
2024-04-27 21:00:00,13.3,45.2,26.1,87,18.4,karachi
2024-04-27 22:00:00,12.9,44.0,25.9,89,16.5,karachi
2024-04-27 23:00:00,12.7,44.5,25.5,93,10.7,karachi
2024-04-28 00:00:00,12.3,44.0,25.1,95,10.9,karachi
2024-04-28 01:00:00,11.9,43.1,24.9,96,13.3,karachi
2024-04-28 02:00:00,11.7,42.3,24.8,95,14.8,karachi
2024-04-28 03:00:00,11.8,41.7,24.7,94,15.2,karachi
2024-04-28 04:00:00,12.1,41.9,24.6,94,15.5,karachi
2024-04-28 05:00:00,12.3,40.6,24.8,93,16.9,karachi
2024-04-28 06:00:00,12.7,43.5,25.0,93,17.7,karachi
2024-04-28 07:00:00,14.2,45.5,26.0,88,19.8,karachi
2024-04-28 08:00:00,15.3,52.5,27.6,78,22.9,karachi
2024-04-28 09:00:00,16.5,59.8,28.8,74,24.1,karachi
2024-04-28 10:00:00,18.9,72.4,30.4,64,23.9,karachi
2024-04-28 11:00:00,21.5,85.9,32.5,51,25.2,karachi
2024-04-28 12:00:00,23.2,95.5,33.3,48,25.2,karachi
2024-04-28 13:00:00,23.7,100.4,33.9,46,25.3,karachi
2024-04-28 14:00:00,23.9,101.7,33.9,45,26.3,karachi
2024-04-28 15:00:00,23.9,99.4,33.7,45,25.3,karachi
2024-04-28 16:00:00,23.5,92.0,32.7,49,25.8,karachi
2024-04-28 17:00:00,20.6,77.5,31.5,50,24.1,karachi
2024-04-28 18:00:00,20.4,73.3,29.4,67,21.5,karachi
2024-04-28 19:00:00,20.1,65.2,27.6,82,19.9,karachi
2024-04-28 20:00:00,19.8,63.6,27.1,85,18.9,karachi
2024-04-28 21:00:00,20.1,63.1,26.8,86,15.4,karachi
2024-04-28 22:00:00,20.6,69.8,26.4,90,16.5,karachi
2024-04-28 23:00:00,21.4,75.7,26.4,87,18.4,karachi
2024-04-29 00:00:00,21.5,77.3,26.3,85,20.9,karachi
2024-04-29 01:00:00,21.7,77.5,26.2,82,22.1,karachi
2024-04-29 02:00:00,21.7,74.5,26.5,77,22.0,karachi
2024-04-29 03:00:00,21.8,70.1,26.6,64,20.5,karachi
2024-04-29 04:00:00,23.0,73.3,26.2,59,19.0,karachi
2024-04-29 05:00:00,21.8,61.5,25.8,52,17.6,karachi
2024-04-29 06:00:00,22.1,65.0,25.6,69,16.3,karachi
2024-04-29 07:00:00,23.9,72.2,26.5,63,14.6,karachi
2024-04-29 08:00:00,27.0,85.0,29.1,50,13.3,karachi
2024-04-29 09:00:00,29.0,135.0,32.7,26,18.0,karachi
2024-04-29 10:00:00,30.2,177.9,35.1,12,24.2,karachi
2024-04-29 11:00:00,28.7,179.7,36.3,11,24.7,karachi
2024-04-29 12:00:00,27.6,170.9,37.0,11,22.7,karachi
2024-04-29 13:00:00,26.1,154.6,37.4,12,22.7,karachi
2024-04-29 14:00:00,25.0,149.0,37.4,13,23.8,karachi
2024-04-29 15:00:00,24.2,151.3,37.0,12,24.2,karachi
2024-04-29 16:00:00,23.3,153.2,36.0,12,23.4,karachi
2024-04-29 17:00:00,21.7,123.9,34.0,20,24.3,karachi
2024-04-29 18:00:00,27.0,138.8,31.9,27,23.8,karachi
2024-04-29 19:00:00,32.2,129.9,29.5,40,20.5,karachi
2024-04-29 20:00:00,34.9,115.9,28.8,48,19.8,karachi
2024-04-29 21:00:00,36.6,118.0,28.3,49,17.9,karachi
2024-04-29 22:00:00,36.7,143.4,27.6,54,16.1,karachi
2024-04-29 23:00:00,37.4,142.0,27.1,58,15.0,karachi
2024-04-30 00:00:00,38.0,141.1,26.5,59,13.7,karachi
2024-04-30 01:00:00,37.4,133.2,26.2,60,16.2,karachi
2024-04-30 02:00:00,35.0,118.0,26.2,60,19.8,karachi
2024-04-30 03:00:00,32.7,100.6,26.0,62,23.9,karachi
2024-04-30 04:00:00,31.5,92.0,25.5,66,21.2,karachi
2024-04-30 05:00:00,30.0,89.2,25.0,65,18.6,karachi
2024-04-30 06:00:00,29.5,89.9,25.5,64,19.2,karachi
2024-04-30 07:00:00,30.4,93.6,26.2,59,17.1,karachi
2024-04-30 08:00:00,32.7,109.4,28.6,43,13.7,karachi
2024-04-30 09:00:00,35.9,185.3,31.9,23,17.1,karachi
2024-04-30 10:00:00,40.5,258.9,34.7,11,22.6,karachi
2024-04-30 11:00:00,33.3,205.4,36.5,7,25.2,karachi
2024-04-30 12:00:00,25.3,140.2,37.5,7,25.9,karachi
2024-04-30 13:00:00,21.4,112.0,38.0,6,26.8,karachi
2024-04-30 14:00:00,20.1,106.2,38.0,6,27.2,karachi
2024-04-30 15:00:00,21.0,116.6,37.5,6,26.5,karachi
2024-04-30 16:00:00,24.0,137.4,36.3,9,25.9,karachi
2024-04-30 17:00:00,23.2,121.5,33.8,22,25.0,karachi
2024-04-30 18:00:00,25.3,105.7,31.6,32,22.9,karachi
2024-04-30 19:00:00,27.7,92.4,30.0,40,19.1,karachi
2024-04-30 20:00:00,29.5,94.8,29.5,42,26.7,karachi
2024-04-30 21:00:00,31.0,125.3,29.0,43,24.9,karachi
2024-04-30 22:00:00,33.4,139.7,28.8,40,19.9,karachi
2024-04-30 23:00:00,36.2,147.6,28.4,47,23.6,karachi
2024-05-01 00:00:00,36.2,131.3,27.5,51,20.8,karachi
2024-05-01 01:00:00,37.1,130.9,27.3,26,20.5,karachi
2024-05-01 02:00:00,38.9,139.7,26.3,10,20.2,karachi
2024-05-01 03:00:00,38.1,134.6,25.3,10,19.6,karachi
2024-05-01 04:00:00,36.3,130.4,24.4,15,18.1,karachi
2024-05-01 05:00:00,33.6,125.3,23.6,12,17.6,karachi
2024-05-01 06:00:00,34.8,139.7,23.8,15,17.9,karachi
2024-05-01 07:00:00,38.4,158.3,24.8,11,17.9,karachi
2024-05-01 08:00:00,43.2,183.9,27.7,10,17.1,karachi
2024-05-01 09:00:00,44.1,252.4,30.8,8,22.3,karachi
2024-05-01 10:00:00,35.3,209.5,33.2,6,28.0,karachi
2024-05-01 11:00:00,27.3,156.9,34.7,6,27.8,karachi
2024-05-01 12:00:00,21.9,121.5,36.0,5,24.2,karachi
2024-05-01 13:00:00,18.4,98.7,36.8,5,23.6,karachi
2024-05-01 14:00:00,16.6,87.3,36.6,6,24.1,karachi
2024-05-01 15:00:00,17.3,91.7,35.9,7,25.3,karachi
2024-05-01 16:00:00,21.8,115.5,34.8,11,25.3,karachi
2024-05-01 17:00:00,27.0,130.4,32.7,18,24.5,karachi
2024-05-01 18:00:00,35.2,156.5,31.6,18,20.0,karachi
2024-05-01 19:00:00,42.6,157.4,29.2,34,19.1,karachi
2024-05-01 20:00:00,48.8,166.7,27.9,48,16.7,karachi
2024-05-01 21:00:00,50.9,177.9,27.3,48,13.9,karachi
2024-05-01 22:00:00,50.2,169.0,26.7,56,11.3,karachi
2024-05-01 23:00:00,48.7,158.3,26.1,66,10.0,karachi
2024-05-02 00:00:00,46.4,149.0,25.6,71,10.9,karachi
2024-05-02 01:00:00,44.0,132.7,25.5,73,12.2,karachi
2024-05-02 02:00:00,41.7,115.9,25.6,75,11.3,karachi
2024-05-02 03:00:00,38.8,100.6,24.8,75,9.6,karachi
2024-05-02 04:00:00,35.7,86.4,23.4,77,9.7,karachi
2024-05-02 05:00:00,42.8,108.5,22.0,80,11.0,karachi
2024-05-02 06:00:00,44.7,110.6,22.1,93,11.2,karachi
2024-05-02 07:00:00,49.2,111.5,22.9,79,10.9,karachi
2024-05-02 08:00:00,50.1,121.5,26.0,61,10.3,karachi
2024-05-02 09:00:00,46.0,125.7,29.2,40,11.3,karachi
2024-05-02 10:00:00,43.3,125.3,32.8,19,11.3,karachi
2024-05-02 11:00:00,42.5,130.4,35.6,11,8.7,karachi
2024-05-02 12:00:00,43.0,138.8,36.3,9,1.9,karachi
2024-05-02 13:00:00,43.4,144.8,35.5,24,17.6,karachi
2024-05-02 14:00:00,43.3,143.0,34.5,30,23.8,karachi
2024-05-02 15:00:00,42.5,138.3,34.0,32,27.6,karachi
2024-05-02 16:00:00,41.3,135.5,32.2,42,29.5,karachi
2024-05-02 17:00:00,37.3,125.3,31.8,40,29.0,karachi
2024-05-02 18:00:00,34.2,117.8,30.9,41,23.1,karachi
2024-05-02 19:00:00,29.0,99.4,29.5,48,20.0,karachi
2024-05-02 20:00:00,23.7,85.7,28.4,65,15.7,karachi
2024-05-02 21:00:00,20.0,75.4,27.7,75,11.9,karachi
2024-05-02 22:00:00,17.6,69.4,27.1,80,12.3,karachi
2024-05-02 23:00:00,15.7,65.4,26.9,83,12.7,karachi
2024-05-03 00:00:00,13.7,57.7,26.4,89,12.8,karachi
2024-05-03 01:00:00,11.3,52.4,26.2,89,12.5,karachi
2024-05-03 02:00:00,10.1,42.6,26.2,88,13.1,karachi
2024-05-03 03:00:00,9.3,35.3,26.2,86,15.2,karachi
2024-05-03 04:00:00,9.3,29.7,26.1,88,17.3,karachi
2024-05-03 05:00:00,9.3,24.6,26.0,91,17.7,karachi
2024-05-03 06:00:00,10.0,23.5,26.1,95,15.1,karachi
2024-05-03 07:00:00,12.3,28.2,27.1,89,17.7,karachi
2024-05-03 08:00:00,14.3,33.5,28.5,80,23.1,karachi
2024-05-03 09:00:00,15.0,36.2,30.1,71,24.1,karachi
2024-05-03 10:00:00,15.1,41.3,31.1,68,24.2,karachi
2024-05-03 11:00:00,15.8,52.4,31.5,66,25.9,karachi
2024-05-03 12:00:00,17.2,70.3,32.9,57,26.8,karachi
2024-05-03 13:00:00,19.3,92.7,33.0,47,26.8,karachi
2024-05-03 14:00:00,21.7,97.3,32.8,38,29.4,karachi
2024-05-03 15:00:00,23.1,77.1,31.9,44,26.7,karachi
2024-05-03 16:00:00,23.2,59.8,32.0,47,30.7,karachi
2024-05-03 17:00:00,23.8,59.8,31.5,50,29.4,karachi
2024-05-03 18:00:00,24.2,61.2,30.1,58,25.3,karachi
2024-05-03 19:00:00,24.6,62.2,28.9,67,22.6,karachi
2024-05-03 20:00:00,24.9,61.0,28.5,70,21.9,karachi
2024-05-03 21:00:00,24.6,58.9,28.4,70,24.7,karachi
2024-05-03 22:00:00,23.8,57.4,28.0,74,22.6,karachi
2024-05-03 23:00:00,24.3,56.3,27.8,80,21.6,karachi
2024-05-04 00:00:00,24.6,55.8,27.4,83,21.5,karachi
2024-05-04 01:00:00,25.0,55.1,27.2,85,21.0,karachi
2024-05-04 02:00:00,25.7,54.9,27.0,86,20.2,karachi
2024-05-04 03:00:00,26.4,54.8,26.9,87,19.9,karachi
2024-05-04 04:00:00,26.8,54.4,26.8,86,22.0,karachi
2024-05-04 05:00:00,27.2,53.7,26.6,86,23.3,karachi
2024-05-04 06:00:00,27.6,53.7,26.7,85,25.7,karachi
2024-05-04 07:00:00,27.5,55.4,27.3,79,25.7,karachi
2024-05-04 08:00:00,25.8,54.4,28.4,74,27.1,karachi
2024-05-04 09:00:00,23.9,53.6,29.8,63,31.4,karachi
2024-05-04 10:00:00,22.1,53.4,30.9,56,31.9,karachi
2024-05-04 11:00:00,21.0,52.0,31.4,52,30.6,karachi
2024-05-04 12:00:00,20.0,49.0,32.8,43,32.0,karachi
2024-05-04 13:00:00,18.7,45.1,33.1,41,32.6,karachi
2024-05-04 14:00:00,18.2,44.6,33.5,40,32.8,karachi
2024-05-04 15:00:00,18.4,47.4,33.0,44,31.4,karachi
2024-05-04 16:00:00,19.0,52.3,31.5,54,29.3,karachi
2024-05-04 17:00:00,14.4,34.5,30.5,62,28.2,karachi
2024-05-04 18:00:00,15.3,36.1,29.6,64,23.2,karachi
2024-05-04 19:00:00,16.6,38.3,28.4,73,21.2,karachi
2024-05-04 20:00:00,18.1,40.5,27.7,80,18.6,karachi
2024-05-04 21:00:00,18.8,41.6,27.3,85,17.7,karachi
2024-05-04 22:00:00,17.6,43.7,27.2,83,19.2,karachi
2024-05-04 23:00:00,16.5,41.2,27.1,82,19.4,karachi
2024-05-05 00:00:00,15.1,36.8,26.9,84,19.7,karachi
2024-05-05 01:00:00,14.2,31.5,26.5,87,18.6,karachi
2024-05-05 02:00:00,15.2,31.3,26.2,90,15.2,karachi
2024-05-05 03:00:00,17.5,33.3,25.9,93,13.3,karachi
2024-05-05 04:00:00,19.5,35.9,26.0,91,16.3,karachi
2024-05-05 05:00:00,20.5,43.2,26.2,87,21.2,karachi
2024-05-05 06:00:00,21.5,44.7,26.4,85,23.6,karachi
2024-05-05 07:00:00,22.6,50.5,27.2,79,25.1,karachi
2024-05-05 08:00:00,22.4,57.6,28.5,71,27.2,karachi
2024-05-05 09:00:00,22.1,67.5,29.7,67,27.1,karachi
2024-05-05 10:00:00,22.3,81.0,30.8,61,27.4,karachi
2024-05-05 11:00:00,22.2,85.2,31.6,59,29.5,karachi
2024-05-05 12:00:00,21.5,77.3,32.2,56,31.4,karachi
2024-05-05 13:00:00,20.6,67.5,32.6,53,32.5,karachi
2024-05-05 14:00:00,20.3,60.8,32.7,53,32.1,karachi
2024-05-05 15:00:00,20.1,58.7,32.3,55,30.9,karachi
2024-05-05 16:00:00,20.0,57.5,31.7,59,30.0,karachi
2024-05-05 17:00:00,17.5,48.3,30.7,63,29.7,karachi
2024-05-05 18:00:00,16.6,45.3,29.5,70,24.7,karachi
2024-05-05 19:00:00,15.2,38.3,28.3,78,20.4,karachi
2024-05-05 20:00:00,14.1,33.2,27.7,84,16.7,karachi
2024-05-05 21:00:00,13.4,29.6,27.4,87,12.3,karachi
2024-05-05 22:00:00,11.9,30.0,27.2,84,13.8,karachi
2024-05-05 23:00:00,11.1,30.0,27.0,84,11.9,karachi
2024-05-06 00:00:00,10.6,29.2,26.8,82,12.4,karachi
2024-05-06 01:00:00,10.2,29.1,26.6,81,13.3,karachi
2024-05-06 02:00:00,10.0,29.9,26.7,79,15.6,karachi
2024-05-06 03:00:00,10.0,31.0,26.7,77,16.7,karachi
2024-05-06 04:00:00,9.8,31.2,26.6,76,16.6,karachi
2024-05-06 05:00:00,10.4,34.0,26.6,75,17.7,karachi
2024-05-06 06:00:00,9.8,30.2,27.0,79,21.7,karachi
2024-05-06 07:00:00,9.6,27.9,28.1,72,19.6,karachi
2024-05-06 08:00:00,9.2,28.5,30.0,63,22.7,karachi
2024-05-06 09:00:00,9.1,33.3,31.5,54,25.5,karachi
2024-05-06 10:00:00,12.9,57.7,32.8,49,26.8,karachi
2024-05-06 11:00:00,18.8,89.2,34.0,45,27.4,karachi
2024-05-06 12:00:00,24.0,115.3,34.7,42,28.0,karachi
2024-05-06 13:00:00,27.1,129.9,35.1,40,28.8,karachi
2024-05-06 14:00:00,27.4,128.5,35.0,41,29.7,karachi
2024-05-06 15:00:00,25.5,117.3,34.3,44,29.9,karachi
2024-05-06 16:00:00,21.9,99.4,33.2,51,28.2,karachi
2024-05-06 17:00:00,18.5,80.3,32.0,60,25.1,karachi
2024-05-06 18:00:00,15.4,66.8,30.5,66,21.9,karachi
2024-05-06 19:00:00,12.5,52.6,29.0,76,18.7,karachi
2024-05-06 20:00:00,12.5,50.5,28.5,78,17.6,karachi
2024-05-06 21:00:00,14.2,51.5,28.1,81,14.3,karachi
2024-05-06 22:00:00,16.1,55.8,27.9,82,12.8,karachi
2024-05-06 23:00:00,17.2,57.4,27.7,80,14.3,karachi
2024-05-07 00:00:00,17.6,55.3,27.3,81,10.9,karachi
2024-05-07 01:00:00,17.7,53.2,27.0,81,9.0,karachi
2024-05-07 02:00:00,18.2,52.5,26.8,80,11.2,karachi
2024-05-07 03:00:00,18.6,51.3,26.8,78,14.5,karachi
2024-05-07 04:00:00,18.6,50.4,27.0,72,17.6,karachi
2024-05-07 05:00:00,17.2,49.9,27.1,70,18.1,karachi
2024-05-07 06:00:00,17.4,50.1,26.9,76,16.8,karachi
2024-05-07 07:00:00,18.5,50.9,28.0,73,15.9,karachi
2024-05-07 08:00:00,19.2,54.5,30.1,64,18.2,karachi
2024-05-07 09:00:00,19.4,62.6,32.2,54,20.1,karachi
2024-05-07 10:00:00,21.9,81.5,33.6,47,23.4,karachi
2024-05-07 11:00:00,25.1,101.5,34.4,45,25.2,karachi
2024-05-07 12:00:00,27.7,116.2,34.8,43,26.2,karachi
2024-05-07 13:00:00,29.0,123.4,35.0,42,27.1,karachi
2024-05-07 14:00:00,28.1,121.5,34.8,43,27.4,karachi
2024-05-07 15:00:00,24.5,105.5,34.0,47,28.5,karachi
2024-05-07 16:00:00,20.3,87.1,33.2,54,28.4,karachi
2024-05-07 17:00:00,13.8,59.6,32.0,61,27.1,karachi
2024-05-07 18:00:00,10.4,41.9,30.4,71,21.3,karachi
2024-05-07 19:00:00,8.8,28.9,29.0,79,17.1,karachi
2024-05-07 20:00:00,7.9,23.1,28.4,83,14.0,karachi
2024-05-07 21:00:00,7.8,22.2,28.0,86,11.8,karachi
2024-05-07 22:00:00,8.5,23.3,27.7,88,10.8,karachi
2024-05-07 23:00:00,9.0,23.7,27.4,91,9.1,karachi
2024-05-08 00:00:00,9.0,23.6,27.0,94,9.6,karachi
2024-05-08 01:00:00,8.8,22.6,26.6,96,10.4,karachi
2024-05-08 02:00:00,8.2,21.0,26.5,96,13.3,karachi
2024-05-08 03:00:00,7.7,20.0,26.2,97,12.3,karachi
2024-05-08 04:00:00,7.2,19.4,26.0,97,10.7,karachi
2024-05-08 05:00:00,7.0,18.6,26.0,97,12.0,karachi
2024-05-08 06:00:00,7.2,19.0,26.0,97,12.6,karachi
2024-05-08 07:00:00,8.6,21.7,26.8,92,14.2,karachi
2024-05-08 08:00:00,8.6,24.8,28.6,81,17.3,karachi
2024-05-08 09:00:00,9.5,29.3,30.7,68,17.9,karachi
2024-05-08 10:00:00,10.6,34.1,32.7,56,17.7,karachi
2024-05-08 11:00:00,11.6,39.2,34.2,50,20.6,karachi
2024-05-08 12:00:00,12.1,42.3,34.8,48,21.7,karachi
2024-05-08 13:00:00,11.9,44.2,34.8,50,23.1,karachi
2024-05-08 14:00:00,11.6,46.2,33.7,57,25.9,karachi
2024-05-08 15:00:00,11.5,48.7,33.0,58,26.4,karachi
2024-05-08 16:00:00,11.4,49.6,32.3,63,26.3,karachi
2024-05-08 17:00:00,9.5,45.5,31.2,68,24.8,karachi
2024-05-08 18:00:00,9.4,41.9,30.8,71,20.4,karachi
2024-05-08 19:00:00,8.8,34.8,29.5,78,19.8,karachi
2024-05-08 20:00:00,8.5,28.9,28.6,83,18.5,karachi
2024-05-08 21:00:00,8.1,28.5,28.2,87,17.7,karachi
2024-05-08 22:00:00,8.0,31.5,27.8,92,13.9,karachi
2024-05-08 23:00:00,8.9,31.1,27.4,94,10.8,karachi
2024-05-09 00:00:00,9.1,28.9,27.1,96,11.7,karachi
2024-05-09 01:00:00,9.0,27.0,26.9,97,14.1,karachi
2024-05-09 02:00:00,8.1,25.0,26.8,96,16.2,karachi
2024-05-09 03:00:00,7.7,23.9,26.9,94,14.4,karachi
2024-05-09 04:00:00,7.9,23.5,26.8,95,13.0,karachi
2024-05-09 05:00:00,6.0,20.1,26.4,95,15.5,karachi
2024-05-09 06:00:00,6.0,17.1,27.2,95,11.9,karachi
2024-05-09 07:00:00,6.7,21.3,27.9,89,16.6,karachi
2024-05-09 08:00:00,8.0,34.7,29.3,80,21.3,karachi
2024-05-09 09:00:00,9.3,38.2,30.8,71,22.0,karachi
2024-05-09 10:00:00,10.5,41.2,32.1,64,23.4,karachi
2024-05-09 11:00:00,11.8,43.9,33.2,59,22.6,karachi
2024-05-09 12:00:00,12.5,43.9,34.2,54,22.3,karachi
2024-05-09 13:00:00,12.6,43.2,34.3,53,22.3,karachi
2024-05-09 14:00:00,12.5,42.3,34.0,55,22.8,karachi
2024-05-09 15:00:00,11.9,39.6,33.0,59,23.9,karachi
2024-05-09 16:00:00,11.2,37.1,31.9,65,23.9,karachi
2024-05-09 17:00:00,12.5,42.7,30.5,75,24.6,karachi
2024-05-09 18:00:00,11.8,39.9,29.9,80,22.1,karachi
2024-05-09 19:00:00,10.9,36.0,28.8,86,20.4,karachi
2024-05-09 20:00:00,10.3,33.9,28.3,89,16.8,karachi
2024-05-09 21:00:00,10.1,33.3,28.0,91,15.6,karachi
2024-05-09 22:00:00,10.4,33.5,27.9,91,14.0,karachi
2024-05-09 23:00:00,10.9,34.5,27.7,90,12.4,karachi
2024-05-10 00:00:00,11.4,33.4,27.6,90,10.1,karachi
2024-05-10 01:00:00,11.5,32.2,27.4,91,8.0,karachi
2024-05-10 02:00:00,11.7,31.1,26.9,94,6.2,karachi
2024-05-10 03:00:00,11.7,30.3,26.7,95,6.6,karachi
2024-05-10 04:00:00,11.5,29.4,26.7,93,7.7,karachi
2024-05-10 05:00:00,9.0,26.8,26.6,92,8.4,karachi
2024-05-10 06:00:00,10.1,27.5,27.0,95,7.6,karachi
2024-05-10 07:00:00,11.0,33.3,27.5,90,10.6,karachi
2024-05-10 08:00:00,10.4,37.0,28.7,81,12.0,karachi
2024-05-10 09:00:00,10.6,41.4,30.4,70,13.0,karachi
2024-05-10 10:00:00,11.5,43.7,31.8,63,17.0,karachi
2024-05-10 11:00:00,12.5,45.9,32.7,59,19.0,karachi
2024-05-10 12:00:00,12.7,46.7,33.0,59,20.0,karachi
2024-05-10 13:00:00,12.3,46.4,32.8,61,22.2,karachi
2024-05-10 14:00:00,11.9,46.0,32.2,63,24.0,karachi
2024-05-10 15:00:00,11.8,46.1,31.6,66,24.8,karachi
2024-05-10 16:00:00,11.6,45.1,31.0,68,24.5,karachi
2024-05-10 17:00:00,12.1,49.9,30.4,71,23.1,karachi
2024-05-10 18:00:00,12.4,51.3,29.4,76,21.9,karachi
2024-05-10 19:00:00,12.7,51.1,28.6,79,20.6,karachi
2024-05-10 20:00:00,13.1,51.3,28.4,80,18.1,karachi
2024-05-10 21:00:00,13.6,52.3,28.4,80,15.9,karachi
2024-05-10 22:00:00,14.2,53.7,28.2,81,13.3,karachi
2024-05-10 23:00:00,15.2,54.5,28.0,82,12.8,karachi
2024-05-11 00:00:00,16.6,55.2,27.7,84,10.0,karachi
2024-05-11 01:00:00,17.2,55.6,27.4,86,7.3,karachi
2024-05-11 02:00:00,17.3,56.7,26.9,89,5.8,karachi
2024-05-11 03:00:00,17.2,61.0,26.4,92,5.1,karachi
2024-05-11 04:00:00,18.0,69.2,25.8,95,3.1,karachi
2024-05-11 05:00:00,16.2,53.0,25.6,96,3.1,karachi
2024-05-11 06:00:00,17.5,63.6,26.9,91,9.7,karachi
2024-05-11 07:00:00,17.6,65.4,28.1,83,10.4,karachi
2024-05-11 08:00:00,17.3,69.6,29.3,76,13.1,karachi
2024-05-11 09:00:00,17.5,70.5,30.4,70,16.1,karachi
2024-05-11 10:00:00,17.6,68.7,31.3,65,18.6,karachi
2024-05-11 11:00:00,17.6,66.4,31.9,62,19.9,karachi
2024-05-11 12:00:00,17.3,64.3,32.0,62,21.2,karachi
2024-05-11 13:00:00,16.7,62.2,32.3,60,21.1,karachi
2024-05-11 14:00:00,16.1,59.8,32.0,62,20.9,karachi
2024-05-11 15:00:00,15.8,59.3,31.7,63,20.9,karachi
2024-05-11 16:00:00,14.7,53.6,31.0,65,19.7,karachi
2024-05-11 17:00:00,16.6,62.6,30.6,66,18.2,karachi
2024-05-11 18:00:00,16.1,59.1,30.1,67,19.5,karachi
2024-05-11 19:00:00,15.3,52.9,29.1,73,19.5,karachi
2024-05-11 20:00:00,14.6,47.8,28.8,76,16.6,karachi
2024-05-11 21:00:00,14.1,44.7,28.5,79,13.1,karachi
2024-05-11 22:00:00,13.9,43.7,28.4,80,11.5,karachi
2024-05-11 23:00:00,14.1,42.5,28.1,82,10.3,karachi
2024-05-12 00:00:00,13.9,40.0,27.8,83,9.7,karachi
2024-05-12 01:00:00,13.8,38.1,27.5,85,8.1,karachi
2024-05-12 02:00:00,13.6,36.3,27.0,88,7.9,karachi
2024-05-12 03:00:00,13.2,34.6,26.8,90,8.1,karachi
2024-05-12 04:00:00,13.0,33.1,26.5,92,7.8,karachi
2024-05-12 05:00:00,11.6,27.5,26.1,94,7.0,karachi
2024-05-12 06:00:00,12.6,28.9,26.9,91,5.4,karachi
2024-05-12 07:00:00,12.9,35.7,27.5,88,5.2,karachi
2024-05-12 08:00:00,13.2,43.5,29.0,80,8.3,karachi
2024-05-12 09:00:00,13.9,54.6,30.5,70,10.5,karachi
2024-05-12 10:00:00,15.3,65.9,32.0,63,11.1,karachi
2024-05-12 11:00:00,16.9,76.4,32.8,62,17.1,karachi
2024-05-12 12:00:00,17.8,85.4,32.9,62,22.6,karachi
2024-05-12 13:00:00,18.0,93.6,33.0,61,24.0,karachi
2024-05-12 14:00:00,17.9,100.6,33.0,61,23.7,karachi
2024-05-12 15:00:00,18.0,108.3,32.8,63,24.1,karachi
2024-05-12 16:00:00,19.0,116.6,32.3,64,21.4,karachi
2024-05-12 17:00:00,15.7,89.9,31.6,68,23.6,karachi
2024-05-12 18:00:00,16.0,93.6,30.1,72,20.4,karachi
2024-05-12 19:00:00,16.1,91.3,29.2,77,18.6,karachi
2024-05-12 20:00:00,16.2,89.2,28.8,82,15.9,karachi
2024-05-12 21:00:00,16.4,86.4,28.6,84,16.4,karachi
2024-05-12 22:00:00,16.8,83.8,28.4,84,14.5,karachi
2024-05-12 23:00:00,17.3,82.4,28.0,87,14.5,karachi
2024-05-13 00:00:00,17.5,81.7,27.9,88,15.1,karachi
2024-05-13 01:00:00,17.1,77.1,27.6,89,14.5,karachi
2024-05-13 02:00:00,16.4,72.9,27.4,91,13.5,karachi
2024-05-13 03:00:00,15.7,67.8,26.9,93,11.6,karachi
2024-05-13 04:00:00,15.3,63.3,26.4,96,7.8,karachi
2024-05-13 05:00:00,14.3,60.3,25.8,98,4.9,karachi
2024-05-13 06:00:00,15.9,71.7,25.9,99,5.6,karachi
2024-05-13 07:00:00,17.0,88.2,26.8,96,8.4,karachi
2024-05-13 08:00:00,18.6,119.7,28.4,86,9.0,karachi
2024-05-13 09:00:00,21.3,137.8,30.3,73,7.2,karachi
2024-05-13 10:00:00,23.6,146.2,31.9,66,10.2,karachi
2024-05-13 11:00:00,25.8,152.3,32.6,66,15.0,karachi
2024-05-13 12:00:00,26.9,153.2,33.0,65,18.2,karachi
2024-05-13 13:00:00,26.7,151.3,32.8,63,21.0,karachi
2024-05-13 14:00:00,26.1,148.5,32.7,62,23.0,karachi
2024-05-13 15:00:00,25.6,143.4,31.7,67,23.7,karachi
2024-05-13 16:00:00,24.5,134.6,31.7,66,24.3,karachi
2024-05-13 17:00:00,22.6,116.2,31.1,68,24.7,karachi
2024-05-13 18:00:00,19.7,99.0,29.9,69,19.2,karachi
2024-05-13 19:00:00,17.0,81.5,29.0,75,18.8,karachi
2024-05-13 20:00:00,14.8,67.8,28.4,79,15.6,karachi
2024-05-13 21:00:00,13.4,60.3,28.0,81,11.6,karachi
2024-05-13 22:00:00,13.1,57.2,27.8,82,6.4,karachi
2024-05-13 23:00:00,13.3,55.8,27.2,87,4.8,karachi
2024-05-14 00:00:00,14.1,53.6,26.5,91,3.3,karachi
2024-05-14 01:00:00,14.3,48.8,26.0,94,4.3,karachi
2024-05-14 02:00:00,14.7,46.1,25.6,96,6.2,karachi
2024-05-14 03:00:00,14.6,42.5,25.2,98,6.8,karachi
2024-05-14 04:00:00,14.1,40.3,25.0,98,8.7,karachi
2024-05-14 05:00:00,17.3,48.5,24.9,98,9.7,karachi
2024-05-14 06:00:00,20.7,55.3,25.6,98,4.7,karachi
2024-05-14 07:00:00,18.4,58.3,26.1,95,5.2,karachi
2024-05-14 08:00:00,17.9,73.1,27.6,84,5.0,karachi
2024-05-14 09:00:00,20.9,89.9,29.4,70,7.2,karachi
2024-05-14 10:00:00,23.1,94.1,30.9,61,9.2,karachi
2024-05-14 11:00:00,24.6,92.7,32.2,55,11.8,karachi
2024-05-14 12:00:00,25.3,89.2,33.0,53,14.5,karachi
2024-05-14 13:00:00,25.0,85.4,33.3,53,18.1,karachi
2024-05-14 14:00:00,24.3,83.1,33.0,54,20.3,karachi
2024-05-14 15:00:00,23.4,81.5,32.5,56,21.2,karachi
2024-05-14 16:00:00,22.0,78.0,31.8,59,21.4,karachi
2024-05-14 17:00:00,20.9,73.6,30.9,65,21.9,karachi
2024-05-14 18:00:00,20.0,71.0,31.2,64,22.2,karachi
2024-05-14 19:00:00,18.3,64.7,30.1,69,22.5,karachi
2024-05-14 20:00:00,17.0,60.3,29.5,73,20.5,karachi
2024-05-14 21:00:00,16.3,58.2,29.4,74,18.1,karachi
2024-05-14 22:00:00,16.0,56.6,28.9,78,14.2,karachi
2024-05-14 23:00:00,15.9,54.4,28.6,79,12.4,karachi
2024-05-15 00:00:00,16.1,51.0,28.3,82,12.7,karachi
2024-05-15 01:00:00,16.1,47.3,27.9,85,12.8,karachi
2024-05-15 02:00:00,15.7,44.9,27.5,88,12.9,karachi
2024-05-15 03:00:00,14.9,42.5,27.0,91,11.1,karachi
2024-05-15 04:00:00,13.9,39.0,26.6,93,10.9,karachi
2024-05-15 05:00:00,14.0,38.6,26.3,94,11.0,karachi
2024-05-15 06:00:00,13.4,36.7,26.5,96,13.7,karachi
2024-05-15 07:00:00,13.1,40.2,27.4,90,13.3,karachi
2024-05-15 08:00:00,13.7,40.3,29.0,78,13.9,karachi
2024-05-15 09:00:00,13.8,39.6,31.1,63,16.6,karachi
2024-05-15 10:00:00,13.9,38.5,33.0,51,22.0,karachi
2024-05-15 11:00:00,13.8,37.3,34.2,46,21.8,karachi
2024-05-15 12:00:00,13.7,36.3,35.3,39,20.3,karachi
2024-05-15 13:00:00,13.7,36.0,36.0,35,20.5,karachi
2024-05-15 14:00:00,13.6,35.6,36.5,33,20.5,karachi
2024-05-15 15:00:00,13.8,36.1,36.6,33,19.8,karachi
2024-05-15 16:00:00,13.9,36.6,35.3,39,21.4,karachi
2024-05-15 17:00:00,12.8,35.0,33.0,52,21.5,karachi
2024-05-15 18:00:00,13.1,35.6,31.7,51,19.7,karachi
2024-05-15 19:00:00,13.2,36.1,30.0,63,18.3,karachi
2024-05-15 20:00:00,13.5,36.3,29.1,72,16.6,karachi
2024-05-15 21:00:00,13.6,37.1,28.7,77,17.4,karachi
2024-05-15 22:00:00,14.0,37.7,28.4,81,15.2,karachi
2024-05-15 23:00:00,14.5,38.8,28.0,83,13.0,karachi
2024-05-16 00:00:00,15.2,39.3,27.5,86,11.9,karachi
2024-05-16 01:00:00,15.5,40.5,27.2,88,12.1,karachi
2024-05-16 02:00:00,15.3,39.7,26.9,89,13.2,karachi
2024-05-16 03:00:00,15.3,39.9,26.5,91,15.5,karachi
2024-05-16 04:00:00,15.4,40.6,26.3,92,15.8,karachi
2024-05-16 05:00:00,15.8,40.7,26.1,93,16.4,karachi
2024-05-16 06:00:00,17.1,44.0,26.3,94,14.0,karachi
2024-05-16 07:00:00,18.1,47.8,27.5,86,17.3,karachi
2024-05-16 08:00:00,17.6,45.9,29.0,75,18.5,karachi
2024-05-16 09:00:00,16.4,42.3,31.0,64,20.0,karachi
2024-05-16 10:00:00,16.2,40.2,32.5,57,19.4,karachi
2024-05-16 11:00:00,15.9,38.4,33.5,52,23.0,karachi
2024-05-16 12:00:00,15.5,36.4,34.1,48,25.0,karachi
2024-05-16 13:00:00,15.1,35.6,34.8,42,25.3,karachi
2024-05-16 14:00:00,15.1,36.0,35.2,39,25.7,karachi
2024-05-16 15:00:00,14.9,36.0,34.8,41,24.5,karachi
2024-05-16 16:00:00,14.9,36.6,34.0,47,24.1,karachi
2024-05-16 17:00:00,12.3,30.3,33.0,50,22.7,karachi
2024-05-16 18:00:00,13.0,32.8,31.4,61,20.2,karachi
2024-05-16 19:00:00,14.2,36.8,29.9,67,17.7,karachi
2024-05-16 20:00:00,15.7,40.2,29.0,73,13.3,karachi
2024-05-16 21:00:00,16.3,42.0,28.6,79,14.2,karachi
2024-05-16 22:00:00,16.5,42.0,28.2,83,10.3,karachi
2024-05-16 23:00:00,16.4,41.1,27.9,86,11.3,karachi
2024-05-17 00:00:00,15.7,39.7,27.5,88,12.4,karachi
2024-05-17 01:00:00,15.2,38.3,27.0,92,11.2,karachi
2024-05-17 02:00:00,14.8,38.1,26.8,94,12.1,karachi
2024-05-17 03:00:00,14.3,38.6,26.6,94,13.3,karachi
2024-05-17 04:00:00,14.2,40.4,26.4,95,14.2,karachi
2024-05-17 05:00:00,15.0,43.4,26.4,94,15.3,karachi
2024-05-17 06:00:00,15.4,45.3,26.9,95,14.1,karachi
2024-05-17 07:00:00,17.2,52.5,27.9,90,15.3,karachi
2024-05-17 08:00:00,17.9,56.2,30.0,75,22.1,karachi
2024-05-17 09:00:00,18.6,57.0,31.7,66,23.2,karachi
2024-05-17 10:00:00,18.6,55.6,34.0,51,26.5,karachi
2024-05-17 11:00:00,17.3,52.0,34.8,48,29.1,karachi
2024-05-17 12:00:00,16.6,52.0,35.3,45,28.1,karachi
2024-05-17 13:00:00,16.1,54.0,35.9,42,26.4,karachi
2024-05-17 14:00:00,16.7,59.8,36.2,39,27.1,karachi
2024-05-17 15:00:00,17.9,64.7,36.2,35,27.4,karachi
2024-05-17 16:00:00,19.1,67.1,35.6,37,28.1,karachi
2024-05-17 17:00:00,16.9,54.6,34.5,40,27.4,karachi
2024-05-17 18:00:00,17.2,51.8,32.3,56,25.2,karachi
2024-05-17 19:00:00,17.5,46.4,30.9,65,21.0,karachi
2024-05-17 20:00:00,17.1,41.3,30.0,74,16.6,karachi
2024-05-17 21:00:00,16.9,38.4,29.5,79,11.9,karachi
2024-05-17 22:00:00,15.5,38.1,29.0,82,10.5,karachi
2024-05-17 23:00:00,15.0,36.0,28.5,83,10.1,karachi
2024-05-18 00:00:00,14.3,33.9,28.0,85,10.1,karachi
2024-05-18 01:00:00,13.4,31.3,27.5,89,9.5,karachi
2024-05-18 02:00:00,12.8,29.3,27.3,93,11.4,karachi
2024-05-18 03:00:00,12.4,27.5,27.1,93,11.9,karachi
2024-05-18 04:00:00,12.0,26.0,26.8,94,12.0,karachi
2024-05-18 05:00:00,10.7,20.5,26.5,95,11.5,karachi
2024-05-18 06:00:00,10.7,20.3,27.5,92,16.9,karachi
2024-05-18 07:00:00,12.1,22.2,28.5,85,16.9,karachi
2024-05-18 08:00:00,12.8,26.8,30.5,72,19.6,karachi
2024-05-18 09:00:00,12.8,29.7,32.7,58,22.5,karachi
2024-05-18 10:00:00,12.4,34.0,34.7,45,25.0,karachi
2024-05-18 11:00:00,11.6,35.9,36.7,30,28.4,karachi
2024-05-18 12:00:00,10.8,36.1,37.5,27,30.1,karachi
2024-05-18 13:00:00,10.3,35.0,38.0,24,30.3,karachi
2024-05-18 14:00:00,10.2,34.2,37.7,27,29.7,karachi
2024-05-18 15:00:00,10.1,32.8,36.7,34,29.6,karachi
2024-05-18 16:00:00,9.6,29.7,35.7,41,29.6,karachi
2024-05-18 17:00:00,8.6,25.7,34.1,53,26.6,karachi
2024-05-18 18:00:00,9.0,26.0,32.0,63,23.4,karachi
2024-05-18 19:00:00,9.4,24.4,30.2,73,21.3,karachi
2024-05-18 20:00:00,9.8,22.9,29.4,81,18.7,karachi
2024-05-18 21:00:00,10.1,22.3,29.0,84,17.6,karachi
2024-05-18 22:00:00,10.4,21.3,28.6,89,15.5,karachi
2024-05-18 23:00:00,9.8,21.2,28.2,90,11.6,karachi
2024-05-19 00:00:00,9.7,20.2,27.9,91,10.3,karachi
2024-05-19 01:00:00,9.3,19.1,27.4,93,10.5,karachi
2024-05-19 02:00:00,8.4,17.7,27.1,95,10.9,karachi
2024-05-19 03:00:00,7.9,16.9,27.1,96,10.1,karachi
2024-05-19 04:00:00,7.7,16.6,26.9,96,10.1,karachi
2024-05-19 05:00:00,7.3,17.2,26.5,95,11.1,karachi
2024-05-19 06:00:00,7.7,17.7,26.4,94,10.5,karachi
2024-05-19 07:00:00,8.0,20.8,28.0,85,16.8,karachi
2024-05-19 08:00:00,7.5,21.9,29.5,75,19.6,karachi
2024-05-19 09:00:00,7.7,24.5,30.9,68,22.1,karachi
2024-05-19 10:00:00,7.8,28.1,32.0,62,24.2,karachi
2024-05-19 11:00:00,8.2,31.5,32.9,58,25.4,karachi
2024-05-19 12:00:00,8.7,33.9,33.5,56,27.0,karachi
2024-05-19 13:00:00,9.0,35.0,33.9,53,27.2,karachi
2024-05-19 14:00:00,9.2,35.7,34.1,53,27.3,karachi
2024-05-19 15:00:00,9.1,35.5,33.9,53,27.3,karachi
2024-05-19 16:00:00,9.0,33.9,33.3,56,27.8,karachi
2024-05-19 17:00:00,9.0,33.8,32.7,57,26.9,karachi
2024-05-19 18:00:00,8.7,30.7,31.4,68,23.9,karachi
2024-05-19 19:00:00,8.5,25.4,30.1,75,21.9,karachi
2024-05-19 20:00:00,8.6,22.4,29.6,79,19.4,karachi
2024-05-19 21:00:00,8.8,21.0,29.3,82,17.6,karachi
2024-05-19 22:00:00,9.2,20.6,29.0,85,13.5,karachi
2024-05-19 23:00:00,9.5,21.0,28.9,87,13.4,karachi
2024-05-20 00:00:00,9.3,20.9,28.6,88,13.4,karachi
2024-05-20 01:00:00,9.0,20.6,28.4,90,14.4,karachi
2024-05-20 02:00:00,8.6,20.3,28.1,92,11.8,karachi
2024-05-20 03:00:00,8.4,20.1,28.1,93,13.8,karachi
2024-05-20 04:00:00,8.0,19.7,28.2,92,15.2,karachi
2024-05-20 05:00:00,7.7,18.6,28.1,93,16.5,karachi
2024-05-20 06:00:00,7.6,19.9,28.6,90,19.6,karachi
2024-05-20 07:00:00,8.8,28.4,29.7,83,22.5,karachi
2024-05-20 08:00:00,10.1,34.5,30.8,78,25.6,karachi
2024-05-20 09:00:00,11.4,40.4,32.0,70,27.1,karachi
2024-05-20 10:00:00,12.4,46.6,33.0,63,28.9,karachi
2024-05-20 11:00:00,13.1,52.7,33.8,59,30.7,karachi
2024-05-20 12:00:00,13.4,57.5,34.5,54,32.1,karachi
2024-05-20 13:00:00,13.6,62.4,34.6,55,32.0,karachi
2024-05-20 14:00:00,13.7,63.6,34.5,54,31.3,karachi
2024-05-20 15:00:00,13.3,60.1,34.2,56,30.8,karachi
2024-05-20 16:00:00,12.5,55.6,33.8,58,29.5,karachi
2024-05-20 17:00:00,10.2,43.7,33.1,61,27.8,karachi
2024-05-20 18:00:00,9.7,41.2,31.3,72,24.6,karachi
2024-05-20 19:00:00,9.6,38.6,30.4,79,21.0,karachi
2024-05-20 20:00:00,9.7,35.4,29.8,82,21.2,karachi
2024-05-20 21:00:00,9.7,32.0,29.6,82,19.0,karachi
2024-05-20 22:00:00,9.4,32.5,29.3,85,17.4,karachi
2024-05-20 23:00:00,8.5,31.3,29.0,85,15.6,karachi
2024-05-21 00:00:00,8.1,29.9,28.8,87,14.8,karachi
2024-05-21 01:00:00,7.8,29.3,28.5,89,15.5,karachi
2024-05-21 02:00:00,7.6,29.2,28.0,91,14.3,karachi
2024-05-21 03:00:00,7.6,29.6,27.9,91,13.9,karachi
2024-05-21 04:00:00,7.6,30.5,27.6,91,13.7,karachi
2024-05-21 05:00:00,9.6,37.6,27.5,92,14.1,karachi
2024-05-21 06:00:00,10.1,39.9,28.0,93,17.0,karachi
2024-05-21 07:00:00,11.1,40.0,29.1,88,17.7,karachi
2024-05-21 08:00:00,12.6,53.7,30.8,78,25.3,karachi
2024-05-21 09:00:00,14.3,66.1,32.3,69,26.1,karachi
2024-05-21 10:00:00,16.5,82.0,33.7,63,26.4,karachi
2024-05-21 11:00:00,18.6,95.2,34.8,58,26.7,karachi
2024-05-21 12:00:00,20.4,104.8,35.5,53,25.6,karachi
2024-05-21 13:00:00,21.8,112.2,36.0,49,26.5,karachi
2024-05-21 14:00:00,22.6,117.1,35.8,49,30.3,karachi
2024-05-21 15:00:00,23.0,119.2,35.5,51,31.3,karachi
2024-05-21 16:00:00,22.5,115.0,34.7,56,29.7,karachi
2024-05-21 17:00:00,20.8,98.7,34.0,60,29.8,karachi
2024-05-21 18:00:00,19.2,87.1,32.5,68,28.9,karachi
2024-05-21 19:00:00,16.5,67.1,31.1,74,24.9,karachi
2024-05-21 20:00:00,14.8,54.8,30.7,77,17.6,karachi
2024-05-21 21:00:00,13.8,49.4,30.2,79,15.3,karachi
2024-05-21 22:00:00,12.7,43.0,29.8,83,16.4,karachi
2024-05-21 23:00:00,12.0,43.5,29.6,83,19.1,karachi
2024-05-22 00:00:00,11.3,42.5,29.4,83,18.8,karachi
2024-05-22 01:00:00,10.5,40.4,29.0,85,17.4,karachi
2024-05-22 02:00:00,10.1,39.2,28.9,86,17.4,karachi
2024-05-22 03:00:00,9.8,38.4,28.7,85,17.5,karachi
2024-05-22 04:00:00,9.6,37.7,28.5,85,16.9,karachi
2024-05-22 05:00:00,11.3,44.4,28.5,85,16.5,karachi
2024-05-22 06:00:00,11.9,44.5,28.9,87,22.3,karachi
2024-05-22 07:00:00,13.4,47.3,30.0,81,21.3,karachi
2024-05-22 08:00:00,14.8,55.8,31.5,73,25.3,karachi
2024-05-22 09:00:00,16.1,62.6,32.6,67,26.5,karachi
2024-05-22 10:00:00,16.9,68.9,33.7,63,27.5,karachi
2024-05-22 11:00:00,17.6,75.9,34.7,58,29.6,karachi
2024-05-22 12:00:00,18.3,80.1,35.5,54,30.7,karachi
2024-05-22 13:00:00,18.9,81.7,36.0,50,30.9,karachi
2024-05-22 14:00:00,19.4,81.7,35.7,51,31.6,karachi
2024-05-22 15:00:00,19.5,79.4,35.4,50,31.3,karachi
2024-05-22 16:00:00,18.6,71.5,34.4,55,30.3,karachi
2024-05-22 17:00:00,16.8,62.4,33.3,60,26.8,karachi
2024-05-22 18:00:00,16.2,56.0,32.4,63,23.1,karachi
2024-05-22 19:00:00,15.8,50.4,31.1,68,22.0,karachi
2024-05-22 20:00:00,15.5,47.6,30.4,73,21.3,karachi
2024-05-22 21:00:00,15.3,46.0,29.9,78,15.9,karachi
2024-05-22 22:00:00,15.1,46.7,29.5,79,14.0,karachi
2024-05-22 23:00:00,14.9,47.1,29.2,79,13.3,karachi
2024-05-23 00:00:00,14.4,47.3,28.9,81,14.1,karachi
2024-05-23 01:00:00,13.6,45.3,28.5,84,13.8,karachi
2024-05-23 02:00:00,12.5,41.6,28.1,87,14.4,karachi
2024-05-23 03:00:00,11.8,39.0,28.1,88,17.2,karachi
2024-05-23 04:00:00,11.8,37.5,27.8,89,16.6,karachi
2024-05-23 05:00:00,12.1,39.1,27.6,88,16.1,karachi
2024-05-23 06:00:00,12.7,39.5,27.9,92,14.3,karachi
2024-05-23 07:00:00,14.2,41.2,29.0,87,12.2,karachi
2024-05-23 08:00:00,15.5,47.6,30.8,75,17.4,karachi
2024-05-23 09:00:00,16.2,50.8,32.3,67,24.1,karachi
2024-05-23 10:00:00,16.9,52.4,33.5,61,24.9,karachi
2024-05-23 11:00:00,17.2,54.7,34.2,60,26.2,karachi
2024-05-23 12:00:00,17.1,55.4,34.7,59,28.5,karachi
2024-05-23 13:00:00,17.1,56.8,34.8,58,30.4,karachi
2024-05-23 14:00:00,16.9,59.1,34.8,58,30.7,karachi
2024-05-23 15:00:00,16.7,57.4,34.2,60,31.4,karachi
2024-05-23 16:00:00,15.8,51.8,33.7,61,30.8,karachi
2024-05-23 17:00:00,15.9,50.3,32.9,62,29.9,karachi
2024-05-23 18:00:00,15.4,48.1,31.9,65,23.6,karachi
2024-05-23 19:00:00,15.2,45.2,30.9,69,19.6,karachi
2024-05-23 20:00:00,15.3,41.8,30.2,74,16.3,karachi
2024-05-23 21:00:00,15.1,39.5,29.6,80,15.5,karachi
2024-05-23 22:00:00,15.3,37.3,29.1,86,15.5,karachi
2024-05-23 23:00:00,14.9,36.8,28.8,87,14.8,karachi
2024-05-24 00:00:00,13.9,34.3,28.5,91,16.3,karachi
2024-05-24 01:00:00,12.7,30.6,28.2,93,17.4,karachi
2024-05-24 02:00:00,11.9,27.8,28.1,93,16.3,karachi
2024-05-24 03:00:00,10.9,25.1,28.0,92,17.7,karachi
2024-05-24 04:00:00,10.5,23.7,27.8,93,18.4,karachi
2024-05-24 05:00:00,10.2,23.4,27.8,88,20.2,karachi
2024-05-24 06:00:00,10.4,24.0,28.0,86,17.7,karachi
2024-05-24 07:00:00,11.7,26.5,29.0,82,19.1,karachi
2024-05-24 08:00:00,12.9,32.0,30.5,75,23.2,karachi
2024-05-24 09:00:00,14.3,39.1,32.0,66,22.3,karachi
2024-05-24 10:00:00,15.7,45.6,33.3,58,21.7,karachi
2024-05-24 11:00:00,16.2,46.7,33.9,59,22.9,karachi
2024-05-24 12:00:00,15.7,43.4,34.2,60,25.9,karachi
2024-05-24 13:00:00,14.6,40.3,34.7,55,27.3,karachi
2024-05-24 14:00:00,13.8,38.2,34.5,56,27.9,karachi
2024-05-24 15:00:00,13.4,37.7,34.2,58,28.9,karachi
2024-05-24 16:00:00,13.5,40.0,33.6,60,29.7,karachi
2024-05-24 17:00:00,13.1,41.4,32.3,69,27.4,karachi
2024-05-24 18:00:00,14.5,47.5,31.0,77,23.2,karachi
2024-05-24 19:00:00,15.4,48.3,30.0,85,20.6,karachi
2024-05-24 20:00:00,15.4,46.0,29.5,88,20.9,karachi
2024-05-24 21:00:00,15.3,43.8,29.5,87,18.5,karachi
2024-05-24 22:00:00,15.1,41.8,29.2,87,17.3,karachi
2024-05-24 23:00:00,15.1,40.7,29.0,88,14.5,karachi
2024-05-25 00:00:00,15.7,38.4,28.8,89,15.2,karachi
2024-05-25 01:00:00,14.8,35.9,28.4,92,13.1,karachi
2024-05-25 02:00:00,13.8,34.8,28.0,94,10.9,karachi
2024-05-25 03:00:00,13.3,36.0,27.7,96,12.3,karachi
2024-05-25 04:00:00,13.2,37.5,27.6,95,13.7,karachi
2024-05-25 05:00:00,12.5,38.5,27.6,95,14.9,karachi
2024-05-25 06:00:00,12.9,42.0,28.1,94,16.2,karachi
2024-05-25 07:00:00,14.2,50.6,29.2,84,18.4,karachi
2024-05-25 08:00:00,16.0,61.9,30.5,78,18.0,karachi
2024-05-25 09:00:00,17.8,67.5,31.8,71,20.9,karachi
2024-05-25 10:00:00,19.3,72.6,33.0,65,23.7,karachi
2024-05-25 11:00:00,20.8,77.5,33.8,62,24.8,karachi
2024-05-25 12:00:00,21.7,79.6,34.2,62,26.0,karachi
2024-05-25 13:00:00,21.9,79.4,34.2,61,27.1,karachi
2024-05-25 14:00:00,21.8,78.0,34.2,62,27.3,karachi
2024-05-25 15:00:00,21.1,74.7,34.0,62,27.0,karachi
2024-05-25 16:00:00,20.0,69.6,33.7,64,25.6,karachi
2024-05-25 17:00:00,20.0,73.3,33.0,64,22.2,karachi
2024-05-25 18:00:00,19.6,68.7,31.5,72,20.5,karachi
2024-05-25 19:00:00,18.9,61.9,30.4,81,18.6,karachi
2024-05-25 20:00:00,18.3,57.4,29.6,85,17.4,karachi
2024-05-25 21:00:00,18.0,54.8,29.2,89,16.0,karachi
2024-05-25 22:00:00,17.8,53.7,29.0,90,15.9,karachi
2024-05-25 23:00:00,17.9,50.9,28.9,90,16.2,karachi
2024-05-26 00:00:00,18.0,48.9,28.9,89,14.8,karachi
2024-05-26 01:00:00,17.4,48.2,28.7,91,15.0,karachi
2024-05-26 02:00:00,16.3,45.6,28.5,92,16.1,karachi
2024-05-26 03:00:00,15.5,43.5,28.5,91,16.6,karachi
2024-05-26 04:00:00,15.1,42.6,28.5,89,17.8,karachi
2024-05-26 05:00:00,14.6,44.2,28.5,87,16.9,karachi
2024-05-26 06:00:00,14.6,44.2,28.1,89,16.6,karachi
2024-05-26 07:00:00,14.9,47.7,29.0,86,16.3,karachi
2024-05-26 08:00:00,14.9,50.1,30.5,78,21.9,karachi
2024-05-26 09:00:00,15.3,51.5,32.0,71,25.2,karachi
2024-05-26 10:00:00,16.0,53.4,33.2,65,24.8,karachi
2024-05-26 11:00:00,16.8,54.9,34.1,61,25.9,karachi
2024-05-26 12:00:00,17.3,56.2,34.5,59,28.6,karachi
2024-05-26 13:00:00,17.9,59.4,34.8,58,30.1,karachi
2024-05-26 14:00:00,18.5,63.1,34.8,57,30.1,karachi
2024-05-26 15:00:00,19.6,67.3,34.7,58,30.1,karachi
2024-05-26 16:00:00,21.1,70.1,33.8,64,29.1,karachi
2024-05-26 17:00:00,22.7,75.4,33.0,68,28.0,karachi
2024-05-26 18:00:00,23.9,75.0,31.0,76,27.1,karachi
2024-05-26 19:00:00,24.3,70.8,30.0,82,26.0,karachi
2024-05-26 20:00:00,24.2,65.4,29.5,86,22.8,karachi
2024-05-26 21:00:00,23.5,59.8,29.2,88,18.6,karachi
2024-05-26 22:00:00,22.8,55.9,29.2,88,16.6,karachi
2024-05-26 23:00:00,22.4,53.9,29.1,86,17.9,karachi
2024-05-27 00:00:00,22.2,54.2,28.8,90,19.8,karachi
2024-05-27 01:00:00,22.3,58.0,28.6,90,19.1,karachi
2024-05-27 02:00:00,21.7,61.9,28.4,91,20.5,karachi
2024-05-27 03:00:00,21.2,66.1,28.4,91,21.6,karachi
2024-05-27 04:00:00,21.0,64.5,28.1,93,21.6,karachi
2024-05-27 05:00:00,20.1,60.3,28.0,95,22.8,karachi
2024-05-27 06:00:00,20.0,59.5,28.5,92,23.4,karachi
2024-05-27 07:00:00,21.1,64.5,29.7,83,27.4,karachi
2024-05-27 08:00:00,21.9,72.4,31.0,76,29.9,karachi
2024-05-27 09:00:00,22.2,78.2,32.0,71,28.9,karachi
2024-05-27 10:00:00,22.7,85.0,33.0,65,32.2,karachi
2024-05-27 11:00:00,23.1,89.9,33.8,63,33.9,karachi
2024-05-27 12:00:00,23.2,94.1,34.3,61,36.0,karachi
2024-05-27 13:00:00,23.8,97.1,34.5,61,36.4,karachi
2024-05-27 14:00:00,23.9,95.0,34.5,62,36.4,karachi
2024-05-27 15:00:00,23.0,89.2,34.2,63,35.0,karachi
2024-05-27 16:00:00,21.5,78.7,33.8,64,35.0,karachi
2024-05-27 17:00:00,21.4,77.5,32.8,69,35.9,karachi
2024-05-27 18:00:00,21.7,68.9,31.5,72,31.7,karachi
2024-05-27 19:00:00,22.1,63.3,30.5,77,22.4,karachi
2024-05-27 20:00:00,22.6,60.1,29.8,83,20.1,karachi
2024-05-27 21:00:00,23.2,58.4,29.5,87,17.5,karachi
2024-05-27 22:00:00,22.8,58.3,29.4,88,16.6,karachi
2024-05-27 23:00:00,21.4,55.9,29.2,88,20.2,karachi
2024-05-28 00:00:00,20.4,54.7,29.0,89,20.4,karachi
2024-05-28 01:00:00,20.3,54.0,28.8,90,23.8,karachi
2024-05-28 02:00:00,19.8,52.5,28.8,89,26.0,karachi
2024-05-28 03:00:00,18.8,49.9,28.6,89,26.6,karachi
2024-05-28 04:00:00,18.4,49.8,28.5,89,26.5,karachi
2024-05-28 05:00:00,17.9,49.4,28.5,89,26.1,karachi
2024-05-28 06:00:00,17.6,47.8,29.0,88,27.8,karachi
2024-05-28 07:00:00,18.5,51.3,29.9,85,28.7,karachi
2024-05-28 08:00:00,18.6,55.2,31.0,77,31.1,karachi
2024-05-28 09:00:00,18.6,61.2,32.3,69,33.1,karachi
2024-05-28 10:00:00,19.0,66.8,33.3,65,35.3,karachi
2024-05-28 11:00:00,20.3,73.1,33.8,64,35.7,karachi
2024-05-28 12:00:00,21.2,78.0,34.4,61,37.9,karachi
2024-05-28 13:00:00,21.6,81.0,34.6,61,38.7,karachi
2024-05-28 14:00:00,20.6,77.3,34.7,59,38.9,karachi
2024-05-28 15:00:00,19.4,65.9,34.2,61,39.5,karachi
2024-05-28 16:00:00,19.3,59.8,33.3,64,38.8,karachi
2024-05-28 17:00:00,17.8,59.1,32.8,66,32.8,karachi
2024-05-28 18:00:00,18.0,51.5,32.1,68,32.5,karachi
2024-05-28 19:00:00,17.9,47.5,31.0,72,28.3,karachi
2024-05-28 20:00:00,17.5,42.3,30.4,76,26.8,karachi
2024-05-28 21:00:00,17.4,40.4,30.0,80,27.4,karachi
2024-05-28 22:00:00,16.3,38.8,30.0,78,22.5,karachi
2024-05-28 23:00:00,15.6,37.4,29.9,77,22.1,karachi
2024-05-29 00:00:00,15.1,36.3,29.8,75,23.4,karachi
2024-05-29 01:00:00,14.4,34.9,29.5,77,32.1,karachi
2024-05-29 02:00:00,14.0,33.9,29.4,77,34.6,karachi
2024-05-29 03:00:00,14.1,33.6,29.2,76,33.9,karachi
2024-05-29 04:00:00,14.5,34.2,29.0,77,29.9,karachi
2024-05-29 05:00:00,13.4,34.8,28.8,80,27.4,karachi
2024-05-29 06:00:00,14.0,37.3,29.0,85,26.0,karachi
2024-05-29 07:00:00,15.1,41.7,30.0,82,25.6,karachi
2024-05-29 08:00:00,18.3,63.1,31.6,72,34.0,karachi
2024-05-29 09:00:00,21.9,97.6,33.5,62,36.1,karachi
2024-05-29 10:00:00,27.1,141.6,35.8,50,36.2,karachi
2024-05-29 11:00:00,33.3,189.1,37.7,39,36.2,karachi
2024-05-29 12:00:00,35.9,203.5,39.7,28,33.8,karachi
2024-05-29 13:00:00,34.9,188.1,41.1,22,31.8,karachi
2024-05-29 14:00:00,34.2,169.0,41.5,19,31.1,karachi
2024-05-29 15:00:00,33.5,152.3,39.8,30,29.7,karachi
2024-05-29 16:00:00,31.3,132.7,35.8,52,31.8,karachi
2024-05-29 17:00:00,22.1,93.8,33.9,62,33.6,karachi
2024-05-29 18:00:00,16.9,57.9,32.0,70,29.0,karachi
2024-05-29 19:00:00,14.9,40.6,31.1,72,28.8,karachi
2024-05-29 20:00:00,15.4,40.6,30.5,77,28.2,karachi
2024-05-29 21:00:00,15.9,40.2,30.4,78,25.3,karachi
2024-05-29 22:00:00,15.9,38.9,29.8,80,28.5,karachi
2024-05-29 23:00:00,15.3,41.4,29.5,83,28.4,karachi
2024-05-30 00:00:00,15.0,42.1,29.4,85,29.2,karachi
2024-05-30 01:00:00,14.9,42.4,29.1,85,28.4,karachi
2024-05-30 02:00:00,14.8,41.8,29.0,85,26.7,karachi
2024-05-30 03:00:00,14.7,41.4,28.8,85,23.7,karachi
2024-05-30 04:00:00,14.4,41.0,28.5,85,21.5,karachi
2024-05-30 05:00:00,14.7,40.7,28.4,86,19.9,karachi
2024-05-30 06:00:00,15.1,40.9,28.8,89,14.1,karachi
2024-05-30 07:00:00,16.3,43.4,29.7,83,11.2,karachi
2024-05-30 08:00:00,17.3,49.5,31.2,74,13.7,karachi
2024-05-30 09:00:00,18.6,61.5,33.3,63,13.7,karachi
2024-05-30 10:00:00,20.5,79.6,35.8,52,17.1,karachi
2024-05-30 11:00:00,22.5,94.8,38.3,43,20.3,karachi
2024-05-30 12:00:00,22.8,96.2,41.2,30,23.8,karachi
2024-05-30 13:00:00,23.0,97.1,41.5,26,28.1,karachi
2024-05-30 14:00:00,24.0,106.4,40.7,30,29.4,karachi
2024-05-30 15:00:00,24.7,111.5,40.8,29,28.0,karachi
2024-05-30 16:00:00,24.6,110.6,38.8,36,29.3,karachi
2024-05-30 17:00:00,19.5,82.0,36.7,43,29.2,karachi
2024-05-30 18:00:00,18.3,71.7,32.1,70,22.0,karachi
2024-05-30 19:00:00,17.0,59.8,30.5,81,21.7,karachi
2024-05-30 20:00:00,16.5,50.4,29.8,86,13.6,karachi
2024-05-30 21:00:00,16.6,46.6,29.4,89,13.6,karachi
2024-05-30 22:00:00,16.9,45.8,29.0,92,16.6,karachi
2024-05-30 23:00:00,17.3,46.2,28.8,94,17.7,karachi
2024-05-31 00:00:00,17.2,47.6,28.6,94,18.1,karachi
2024-05-31 01:00:00,16.6,46.1,28.5,93,18.1,karachi
2024-05-31 02:00:00,15.7,46.7,28.3,93,19.6,karachi
2024-05-31 03:00:00,15.0,45.9,28.2,93,13.9,karachi
2024-05-31 04:00:00,14.5,44.8,28.2,92,15.9,karachi
2024-05-31 05:00:00,14.1,50.8,28.0,92,15.5,karachi
2024-05-31 06:00:00,15.4,51.7,28.5,93,14.3,karachi
2024-05-31 07:00:00,17.2,61.5,29.4,88,11.5,karachi
2024-05-31 08:00:00,18.0,65.9,30.7,78,14.9,karachi
2024-05-31 09:00:00,19.3,80.3,31.6,73,17.4,karachi
2024-05-31 10:00:00,21.2,95.7,32.2,72,23.6,karachi
2024-05-31 11:00:00,23.9,117.3,33.0,69,26.4,karachi
2024-05-31 12:00:00,25.8,130.4,33.9,64,25.8,karachi
2024-05-31 13:00:00,28.0,147.1,34.5,61,24.5,karachi
2024-05-31 14:00:00,30.0,162.5,35.2,57,23.4,karachi
2024-05-31 15:00:00,32.6,180.7,35.3,55,23.2,karachi
2024-05-31 16:00:00,34.5,193.2,34.2,61,24.8,karachi
2024-05-31 17:00:00,20.0,107.3,33.0,66,25.2,karachi
2024-05-31 18:00:00,18.0,87.3,30.8,81,27.8,karachi
2024-05-31 19:00:00,15.9,66.1,30.1,84,20.7,karachi
2024-05-31 20:00:00,15.5,56.3,29.8,83,20.2,karachi
2024-05-31 21:00:00,16.5,65.0,29.5,86,18.0,karachi
2024-05-31 22:00:00,17.6,72.2,29.0,90,22.0,karachi
2024-05-31 23:00:00,17.9,69.6,28.9,91,20.8,karachi
2024-06-01 00:00:00,17.8,69.4,28.8,90,20.3,karachi
2024-06-01 01:00:00,17.5,69.6,28.5,91,16.6,karachi
2024-06-01 02:00:00,17.6,68.2,28.5,90,15.8,karachi
2024-06-01 03:00:00,17.5,65.0,28.4,90,15.4,karachi
2024-06-01 04:00:00,17.8,62.9,28.2,90,14.5,karachi
2024-06-01 05:00:00,17.7,59.6,27.9,90,13.1,karachi
2024-06-01 06:00:00,20.7,79.6,28.4,92,12.4,karachi
2024-06-01 07:00:00,25.1,102.2,29.2,84,13.4,karachi
2024-06-01 08:00:00,31.9,149.9,30.5,75,15.9,karachi
2024-06-01 09:00:00,41.6,216.1,32.8,64,15.5,karachi
2024-06-01 10:00:00,56.0,314.8,36.5,42,13.2,karachi
2024-06-01 11:00:00,70.3,406.1,38.2,29,15.2,karachi
2024-06-01 12:00:00,78.2,448.9,37.0,42,21.4,karachi
2024-06-01 13:00:00,81.7,447.0,36.5,44,25.0,karachi
2024-06-01 14:00:00,86.1,434.0,36.2,40,25.5,karachi
2024-06-01 15:00:00,91.5,413.5,37.3,25,24.6,karachi
2024-06-01 16:00:00,91.3,373.5,37.2,23,23.8,karachi
2024-06-01 17:00:00,58.8,285.9,35.0,40,23.2,karachi
2024-06-01 18:00:00,50.6,241.2,32.3,70,17.8,karachi
2024-06-01 19:00:00,39.2,182.1,30.8,78,18.1,karachi
2024-06-01 20:00:00,30.2,138.3,29.9,85,14.2,karachi
2024-06-01 21:00:00,24.7,107.1,29.6,88,6.5,karachi
2024-06-01 22:00:00,22.2,91.3,29.4,89,12.2,karachi
2024-06-01 23:00:00,20.8,77.8,29.0,90,14.9,karachi
2024-06-02 00:00:00,19.6,66.4,29.0,90,15.0,karachi
2024-06-02 01:00:00,18.5,59.3,28.8,90,15.5,karachi
2024-06-02 02:00:00,17.1,53.9,28.6,91,16.3,karachi
2024-06-02 03:00:00,16.5,50.6,28.4,92,12.2,karachi
2024-06-02 04:00:00,15.9,47.4,28.3,92,10.7,karachi
2024-06-02 05:00:00,15.4,41.4,28.1,91,10.4,karachi
2024-06-02 06:00:00,15.7,42.5,28.5,92,14.5,karachi
2024-06-02 07:00:00,15.4,49.1,29.4,86,18.3,karachi
2024-06-02 08:00:00,15.7,54.2,30.3,79,19.6,karachi
2024-06-02 09:00:00,15.9,58.2,31.1,74,20.1,karachi
2024-06-02 10:00:00,16.2,61.7,32.0,69,20.2,karachi
2024-06-02 11:00:00,16.7,61.7,32.6,67,21.9,karachi
2024-06-02 12:00:00,16.9,61.2,33.0,65,22.8,karachi
2024-06-02 13:00:00,17.0,61.7,33.4,62,23.7,karachi
2024-06-02 14:00:00,16.8,60.1,33.3,62,24.6,karachi
2024-06-02 15:00:00,16.8,59.0,33.0,65,25.4,karachi
2024-06-02 16:00:00,16.5,55.9,32.5,67,24.8,karachi
2024-06-02 17:00:00,18.1,65.4,31.8,70,23.6,karachi
2024-06-02 18:00:00,17.9,64.3,30.8,75,17.5,karachi
2024-06-02 19:00:00,17.8,58.6,30.0,79,17.2,karachi
2024-06-02 20:00:00,17.5,53.7,29.7,81,18.1,karachi
2024-06-02 21:00:00,17.3,52.7,29.5,81,16.5,karachi
2024-06-02 22:00:00,17.2,52.7,29.5,81,13.5,karachi
2024-06-02 23:00:00,17.1,53.0,29.3,82,14.0,karachi
2024-06-03 00:00:00,16.9,53.6,29.0,83,14.3,karachi
2024-06-03 01:00:00,16.8,52.5,28.8,85,13.4,karachi
2024-06-03 02:00:00,16.5,52.3,28.5,85,11.1,karachi
2024-06-03 03:00:00,16.2,50.6,28.3,86,10.1,karachi
2024-06-03 04:00:00,15.7,49.2,28.1,88,10.6,karachi
2024-06-03 05:00:00,13.2,46.0,28.0,89,12.3,karachi
2024-06-03 06:00:00,12.7,47.7,27.9,88,13.4,karachi
2024-06-03 07:00:00,12.6,49.5,28.6,82,17.8,karachi
2024-06-03 08:00:00,12.9,57.7,29.6,75,19.7,karachi
2024-06-03 09:00:00,14.0,76.8,30.8,68,20.9,karachi
2024-06-03 10:00:00,14.8,91.0,31.8,62,22.1,karachi
2024-06-03 11:00:00,15.9,102.4,32.2,61,22.9,karachi
2024-06-03 12:00:00,16.5,104.8,32.7,60,23.9,karachi
2024-06-03 13:00:00,16.8,106.4,32.8,59,25.9,karachi
2024-06-03 14:00:00,17.2,105.9,32.7,60,26.7,karachi
2024-06-03 15:00:00,17.6,105.7,32.4,62,27.2,karachi
2024-06-03 16:00:00,17.8,104.3,32.0,64,27.5,karachi
2024-06-03 17:00:00,17.2,103.6,31.2,68,26.7,karachi
2024-06-03 18:00:00,16.9,99.4,30.1,72,21.5,karachi
2024-06-03 19:00:00,16.6,90.3,29.5,75,22.2,karachi
2024-06-03 20:00:00,16.5,85.4,29.1,77,22.1,karachi
2024-06-03 21:00:00,16.8,84.3,29.0,78,21.3,karachi
2024-06-03 22:00:00,17.0,80.8,28.8,79,20.5,karachi
2024-06-03 23:00:00,17.3,74.7,28.6,80,20.5,karachi
2024-06-04 00:00:00,17.2,69.8,28.5,81,20.1,karachi
2024-06-04 01:00:00,17.2,64.5,28.2,83,19.7,karachi
2024-06-04 02:00:00,17.3,59.5,28.0,84,18.9,karachi
2024-06-04 03:00:00,17.6,57.7,27.8,86,19.6,karachi
2024-06-04 04:00:00,17.8,58.2,27.9,85,20.3,karachi
2024-06-04 05:00:00,17.7,60.5,28.0,82,20.9,karachi
2024-06-04 06:00:00,18.3,65.7,28.2,81,20.6,karachi
2024-06-04 07:00:00,18.5,75.9,29.1,75,24.3,karachi
2024-06-04 08:00:00,18.9,80.8,30.0,69,26.9,karachi
2024-06-04 09:00:00,19.4,84.3,31.0,64,27.9,karachi
2024-06-04 10:00:00,19.7,84.5,31.9,60,29.3,karachi
2024-06-04 11:00:00,19.9,83.1,31.9,61,30.9,karachi
2024-06-04 12:00:00,19.9,80.3,32.6,58,31.2,karachi
2024-06-04 13:00:00,19.8,78.0,32.7,58,32.6,karachi
2024-06-04 14:00:00,19.8,77.1,32.3,60,32.5,karachi
2024-06-04 15:00:00,19.9,75.9,32.0,63,31.9,karachi
2024-06-04 16:00:00,20.3,76.4,31.6,65,32.7,karachi
2024-06-04 17:00:00,19.3,74.7,31.2,66,31.9,karachi
2024-06-04 18:00:00,19.5,73.6,30.6,69,30.8,karachi
2024-06-04 19:00:00,19.6,70.8,29.9,72,28.7,karachi
2024-06-04 20:00:00,19.8,68.7,29.7,74,27.1,karachi
2024-06-04 21:00:00,19.8,67.1,29.4,76,26.6,karachi
2024-06-04 22:00:00,19.8,66.4,29.2,77,25.3,karachi
2024-06-04 23:00:00,20.0,66.6,28.9,79,21.3,karachi
2024-06-05 00:00:00,20.3,67.1,28.7,80,22.7,karachi
2024-06-05 01:00:00,20.4,65.4,28.5,81,23.5,karachi
2024-06-05 02:00:00,20.8,67.1,28.2,83,23.3,karachi
2024-06-05 03:00:00,20.8,67.8,28.1,83,23.8,karachi
2024-06-05 04:00:00,20.5,66.8,28.1,83,25.1,karachi
2024-06-05 05:00:00,19.4,59.4,28.1,84,25.2,karachi
2024-06-05 06:00:00,19.8,61.2,28.5,80,26.3,karachi
2024-06-05 07:00:00,19.8,65.7,29.1,75,31.1,karachi
2024-06-05 08:00:00,19.2,67.3,30.1,69,33.2,karachi
2024-06-05 09:00:00,19.1,69.6,31.1,63,32.8,karachi
2024-06-05 10:00:00,19.0,71.7,32.0,59,33.4,karachi
2024-06-05 11:00:00,19.0,74.3,32.1,58,34.0,karachi
2024-06-05 12:00:00,19.3,77.5,32.5,58,34.0,karachi
2024-06-05 13:00:00,19.6,81.7,32.1,60,34.0,karachi
2024-06-05 14:00:00,20.3,84.8,32.6,58,33.5,karachi
2024-06-05 15:00:00,20.9,86.8,32.5,60,33.0,karachi
2024-06-05 16:00:00,21.5,86.4,32.0,62,32.7,karachi
2024-06-05 17:00:00,20.0,80.6,31.4,65,31.1,karachi
2024-06-05 18:00:00,20.6,80.1,30.9,65,31.2,karachi
2024-06-05 19:00:00,20.5,77.8,30.1,68,29.2,karachi
2024-06-05 20:00:00,20.5,75.4,29.6,73,26.9,karachi
2024-06-05 21:00:00,20.5,73.3,29.4,75,25.6,karachi
2024-06-05 22:00:00,20.4,71.2,29.2,76,24.5,karachi
2024-06-05 23:00:00,20.3,64.5,28.9,79,22.6,karachi
2024-06-06 00:00:00,20.6,63.3,28.6,82,22.2,karachi
2024-06-06 01:00:00,20.9,62.2,28.5,83,21.0,karachi
2024-06-06 02:00:00,21.4,62.4,28.4,84,20.4,karachi
2024-06-06 03:00:00,21.7,62.6,28.4,84,21.4,karachi
2024-06-06 04:00:00,21.5,62.9,28.4,84,23.3,karachi
2024-06-06 05:00:00,20.8,58.7,28.4,83,24.4,karachi
2024-06-06 06:00:00,21.2,61.0,28.9,84,25.6,karachi
2024-06-06 07:00:00,21.8,67.8,29.7,78,29.0,karachi
2024-06-06 08:00:00,21.7,71.0,30.6,72,28.6,karachi
2024-06-06 09:00:00,21.5,74.3,31.5,68,29.4,karachi
2024-06-06 10:00:00,21.1,72.6,32.2,65,30.7,karachi
2024-06-06 11:00:00,20.8,72.4,32.3,65,30.9,karachi
2024-06-06 12:00:00,20.6,71.2,33.0,63,29.9,karachi
2024-06-06 13:00:00,20.5,70.1,32.5,66,30.1,karachi
2024-06-06 14:00:00,20.5,69.4,32.4,66,29.3,karachi
2024-06-06 15:00:00,20.5,67.3,32.2,67,26.0,karachi
2024-06-06 16:00:00,20.5,64.7,31.8,69,25.9,karachi
2024-06-06 17:00:00,23.6,79.2,31.6,70,26.4,karachi
2024-06-06 18:00:00,23.6,73.1,31.6,67,22.4,karachi
2024-06-06 19:00:00,23.1,67.5,30.6,71,21.7,karachi
2024-06-06 20:00:00,23.0,65.4,30.1,75,22.2,karachi
2024-06-06 21:00:00,22.9,64.3,29.8,78,21.9,karachi
2024-06-06 22:00:00,22.8,63.1,29.5,79,19.8,karachi
2024-06-06 23:00:00,22.5,62.4,29.3,81,18.6,karachi
2024-06-07 00:00:00,22.1,59.4,29.0,83,16.8,karachi
2024-06-07 01:00:00,21.9,58.6,28.8,84,15.3,karachi
2024-06-07 02:00:00,21.4,58.2,28.6,85,14.6,karachi
2024-06-07 03:00:00,21.3,57.7,28.4,87,13.3,karachi
2024-06-07 04:00:00,21.2,58.3,28.1,88,16.6,karachi
2024-06-07 05:00:00,20.7,63.6,28.1,88,18.4,karachi
2024-06-07 06:00:00,21.0,63.3,27.8,87,15.9,karachi
2024-06-07 07:00:00,21.2,70.8,28.8,80,21.7,karachi
2024-06-07 08:00:00,19.6,75.9,30.0,73,24.0,karachi
2024-06-07 09:00:00,19.2,83.1,31.3,65,24.7,karachi
2024-06-07 10:00:00,19.7,89.2,32.2,61,23.4,karachi
2024-06-07 11:00:00,20.0,89.4,32.8,60,23.5,karachi
2024-06-07 12:00:00,19.6,87.1,33.3,59,24.7,karachi
2024-06-07 13:00:00,18.7,85.0,33.2,60,26.9,karachi
2024-06-07 14:00:00,17.9,82.2,33.1,61,28.0,karachi
2024-06-07 15:00:00,17.3,79.4,32.8,62,29.6,karachi
2024-06-07 16:00:00,16.9,74.7,32.2,66,31.1,karachi
2024-06-07 17:00:00,18.5,78.5,32.0,67,30.6,karachi
2024-06-07 18:00:00,18.8,75.4,31.3,65,23.8,karachi
2024-06-07 19:00:00,18.8,71.2,30.6,68,16.2,karachi
2024-06-07 20:00:00,18.7,68.2,30.0,72,15.8,karachi
2024-06-07 21:00:00,18.6,66.4,29.7,75,17.7,karachi
2024-06-07 22:00:00,18.5,64.3,29.5,78,18.0,karachi
2024-06-07 23:00:00,18.5,62.6,29.2,81,19.5,karachi
2024-06-08 00:00:00,18.6,58.9,29.0,82,17.4,karachi
2024-06-08 01:00:00,18.7,57.6,29.0,83,18.5,karachi
2024-06-08 02:00:00,17.9,54.8,28.7,85,19.5,karachi
2024-06-08 03:00:00,17.3,52.3,28.5,85,18.8,karachi
2024-06-08 04:00:00,16.6,49.2,28.4,87,16.6,karachi
2024-06-08 05:00:00,15.6,47.8,28.3,88,16.9,karachi
2024-06-08 06:00:00,15.9,49.0,28.0,87,17.7,karachi
2024-06-08 07:00:00,16.6,58.4,29.0,82,22.2,karachi
2024-06-08 08:00:00,17.1,65.9,30.2,73,25.4,karachi
2024-06-08 09:00:00,17.8,71.0,31.4,66,26.7,karachi
2024-06-08 10:00:00,18.5,75.7,32.7,59,27.0,karachi
2024-06-08 11:00:00,18.9,78.7,33.2,57,27.4,karachi
2024-06-08 12:00:00,18.9,81.5,33.5,58,27.5,karachi
2024-06-08 13:00:00,19.2,88.2,33.4,58,27.9,karachi
2024-06-08 14:00:00,19.6,94.1,33.3,59,28.8,karachi
2024-06-08 15:00:00,19.5,94.1,32.8,62,30.5,karachi
2024-06-08 16:00:00,18.9,92.0,32.9,60,32.1,karachi
2024-06-08 17:00:00,12.7,62.2,32.2,65,22.1,karachi
2024-06-08 18:00:00,12.7,57.7,30.4,72,25.0,karachi
2024-06-08 19:00:00,12.5,46.8,29.5,77,27.0,karachi
2024-06-08 20:00:00,12.3,38.9,29.1,79,22.1,karachi
2024-06-08 21:00:00,11.8,36.6,29.0,80,19.9,karachi
2024-06-08 22:00:00,12.0,35.3,29.0,82,21.1,karachi
2024-06-08 23:00:00,12.5,34.3,28.9,82,22.3,karachi
2024-06-09 00:00:00,13.0,35.2,28.5,85,16.9,karachi
2024-06-09 01:00:00,13.5,35.0,28.2,87,16.2,karachi
2024-06-09 02:00:00,13.6,34.5,28.0,88,17.5,karachi
2024-06-09 03:00:00,12.9,34.1,28.0,88,17.2,karachi
2024-06-09 04:00:00,12.8,33.6,28.1,88,17.2,karachi
2024-06-09 05:00:00,12.3,36.8,28.0,89,16.9,karachi
2024-06-09 06:00:00,12.9,37.3,28.3,87,13.9,karachi
2024-06-09 07:00:00,13.4,43.9,29.1,82,19.6,karachi
2024-06-09 08:00:00,13.4,48.5,30.2,75,23.5,karachi
2024-06-09 09:00:00,13.9,54.4,31.5,67,25.2,karachi
2024-06-09 10:00:00,14.5,61.7,32.5,62,26.8,karachi
2024-06-09 11:00:00,15.0,64.5,32.9,60,27.4,karachi
2024-06-09 12:00:00,15.6,68.0,33.2,59,27.8,karachi
2024-06-09 13:00:00,16.1,71.5,33.3,58,27.8,karachi
2024-06-09 14:00:00,16.8,75.7,33.5,58,29.3,karachi
2024-06-09 15:00:00,16.8,73.8,33.2,61,30.5,karachi
2024-06-09 16:00:00,16.7,72.4,32.4,64,30.0,karachi
2024-06-09 17:00:00,15.7,71.5,32.2,66,24.1,karachi
2024-06-09 18:00:00,14.5,63.1,31.4,69,19.1,karachi
2024-06-09 19:00:00,13.5,53.8,30.0,76,20.5,karachi
2024-06-09 20:00:00,12.7,42.7,29.2,82,22.7,karachi
2024-06-09 21:00:00,12.3,35.7,29.0,85,18.2,karachi
2024-06-09 22:00:00,12.4,33.5,29.0,84,19.2,karachi
2024-06-09 23:00:00,12.9,33.2,29.0,85,18.4,karachi
2024-06-10 00:00:00,13.5,34.2,28.7,86,18.8,karachi
2024-06-10 01:00:00,13.6,34.2,28.5,89,18.4,karachi
2024-06-10 02:00:00,13.5,35.3,28.1,91,17.7,karachi
2024-06-10 03:00:00,13.7,36.4,28.0,92,20.5,karachi
2024-06-10 04:00:00,14.0,37.6,28.0,89,22.4,karachi
2024-06-10 05:00:00,14.2,37.5,27.8,90,22.7,karachi
2024-06-10 06:00:00,14.7,40.0,28.1,89,20.5,karachi
2024-06-10 07:00:00,15.0,48.9,29.0,83,23.8,karachi
2024-06-10 08:00:00,15.5,55.9,30.2,74,25.9,karachi
2024-06-10 09:00:00,15.9,61.2,31.2,67,27.4,karachi
2024-06-10 10:00:00,16.5,65.4,32.2,64,28.8,karachi
2024-06-10 11:00:00,17.1,70.8,33.0,60,30.3,karachi
2024-06-10 12:00:00,17.7,72.9,33.0,63,30.5,karachi
2024-06-10 13:00:00,18.0,71.9,33.3,62,31.1,karachi
2024-06-10 14:00:00,17.9,71.0,33.3,61,31.9,karachi
2024-06-10 15:00:00,17.8,66.8,33.2,62,32.3,karachi
2024-06-10 16:00:00,17.6,63.1,32.7,64,31.9,karachi
2024-06-10 17:00:00,13.6,44.7,32.2,67,29.9,karachi
2024-06-10 18:00:00,14.1,43.3,31.0,71,25.2,karachi
2024-06-10 19:00:00,14.4,40.7,30.1,75,24.7,karachi
2024-06-10 20:00:00,15.0,39.9,29.4,82,24.3,karachi
2024-06-10 21:00:00,15.5,39.9,29.1,84,27.1,karachi
2024-06-10 22:00:00,16.3,41.3,29.1,82,20.7,karachi
2024-06-10 23:00:00,16.8,40.7,29.3,82,21.3,karachi
2024-06-11 00:00:00,17.5,40.9,29.0,83,20.6,karachi
2024-06-11 01:00:00,17.6,41.4,28.9,85,19.8,karachi
2024-06-11 02:00:00,17.4,41.3,28.6,87,19.9,karachi
2024-06-11 03:00:00,17.3,41.4,28.4,89,21.6,karachi
2024-06-11 04:00:00,17.3,41.2,28.4,87,23.8,karachi
2024-06-11 05:00:00,17.9,42.8,28.4,86,23.0,karachi
2024-06-11 06:00:00,17.5,42.5,28.2,81,21.4,karachi
2024-06-11 07:00:00,17.8,46.0,29.0,77,21.4,karachi
2024-06-11 08:00:00,17.9,49.9,30.1,71,26.8,karachi
2024-06-11 09:00:00,18.4,53.2,31.5,63,29.3,karachi
2024-06-11 10:00:00,19.2,55.9,32.3,59,29.3,karachi
2024-06-11 11:00:00,19.7,57.9,33.0,58,28.5,karachi
2024-06-11 12:00:00,19.8,57.9,33.1,59,29.5,karachi
2024-06-11 13:00:00,19.7,57.4,33.3,59,31.9,karachi
2024-06-11 14:00:00,19.6,55.6,33.1,61,32.5,karachi
2024-06-11 15:00:00,19.7,53.9,32.7,63,33.1,karachi
2024-06-11 16:00:00,19.8,51.8,32.5,63,32.9,karachi
2024-06-11 17:00:00,17.5,45.2,31.6,68,32.9,karachi
2024-06-11 18:00:00,17.6,44.1,30.9,70,31.6,karachi
2024-06-11 19:00:00,17.4,42.4,30.2,74,29.2,karachi
2024-06-11 20:00:00,17.4,41.3,29.6,77,26.7,karachi
2024-06-11 21:00:00,17.3,40.9,29.5,79,25.2,karachi
2024-06-11 22:00:00,17.5,40.3,29.2,81,24.6,karachi
2024-06-11 23:00:00,17.7,39.7,29.1,81,24.0,karachi
2024-06-12 00:00:00,17.8,38.8,29.0,82,22.5,karachi
2024-06-12 01:00:00,18.0,38.5,28.9,83,21.6,karachi
2024-06-12 02:00:00,18.2,38.5,28.6,85,18.2,karachi
2024-06-12 03:00:00,18.3,38.5,28.5,85,19.4,karachi
2024-06-12 04:00:00,18.3,38.3,28.5,85,20.3,karachi
2024-06-12 05:00:00,17.3,36.6,28.5,85,20.6,karachi
2024-06-12 06:00:00,17.9,38.2,28.6,83,19.8,karachi
2024-06-12 07:00:00,18.6,41.6,29.5,78,24.9,karachi
2024-06-12 08:00:00,18.5,43.2,30.5,71,28.5,karachi
2024-06-12 09:00:00,18.7,45.1,31.6,65,29.1,karachi
2024-06-12 10:00:00,19.3,47.4,32.3,61,30.6,karachi
2024-06-12 11:00:00,19.8,49.4,32.8,59,31.9,karachi
2024-06-12 12:00:00,20.2,51.0,32.7,61,32.0,karachi
2024-06-12 13:00:00,20.4,51.5,33.4,57,33.0,karachi
2024-06-12 14:00:00,20.6,51.5,33.0,60,32.7,karachi
2024-06-12 15:00:00,20.6,51.5,33.2,60,32.7,karachi
2024-06-12 16:00:00,20.5,50.3,32.5,62,32.0,karachi
2024-06-12 17:00:00,20.2,48.7,32.0,64,32.4,karachi
2024-06-12 18:00:00,20.0,48.3,31.5,65,32.2,karachi
2024-06-12 19:00:00,20.1,48.3,30.6,69,31.7,karachi
2024-06-12 20:00:00,20.3,47.8,30.2,71,29.2,karachi
2024-06-12 21:00:00,20.0,46.8,30.0,73,25.7,karachi
2024-06-12 22:00:00,19.7,46.1,30.0,73,25.1,karachi
2024-06-12 23:00:00,19.3,45.5,29.9,74,23.6,karachi
2024-06-13 00:00:00,19.1,44.0,29.8,75,22.8,karachi
2024-06-13 01:00:00,19.2,43.5,29.5,77,22.8,karachi
2024-06-13 02:00:00,19.5,43.8,29.3,78,22.2,karachi
2024-06-13 03:00:00,19.3,43.2,29.0,80,21.3,karachi
2024-06-13 04:00:00,19.2,43.0,29.0,80,20.3,karachi
2024-06-13 05:00:00,19.0,43.0,28.9,81,20.3,karachi
2024-06-13 06:00:00,19.2,43.4,29.1,77,21.6,karachi
2024-06-13 07:00:00,20.4,49.1,29.7,73,25.7,karachi
2024-06-13 08:00:00,20.5,52.6,30.5,71,27.3,karachi
2024-06-13 09:00:00,20.5,56.2,31.4,67,28.9,karachi
2024-06-13 10:00:00,20.8,59.1,32.1,64,29.8,karachi
2024-06-13 11:00:00,21.1,59.6,32.7,61,30.4,karachi
2024-06-13 12:00:00,20.5,57.4,32.9,61,30.2,karachi
2024-06-13 13:00:00,19.8,54.7,33.2,61,30.3,karachi
2024-06-13 14:00:00,19.0,50.3,32.6,64,30.1,karachi
2024-06-13 15:00:00,18.3,48.3,32.6,64,30.9,karachi
2024-06-13 16:00:00,18.1,47.4,32.6,63,31.1,karachi
2024-06-13 17:00:00,25.7,71.0,32.1,65,30.8,karachi
2024-06-13 18:00:00,26.2,70.8,31.6,66,25.4,karachi
2024-06-13 19:00:00,26.4,68.0,31.1,69,26.6,karachi
2024-06-13 20:00:00,26.5,64.7,30.5,72,25.9,karachi
2024-06-13 21:00:00,26.4,63.1,30.4,73,23.6,karachi
2024-06-13 22:00:00,25.5,61.2,30.2,75,23.0,karachi
2024-06-13 23:00:00,24.3,57.5,30.0,76,21.7,karachi
2024-06-14 00:00:00,23.1,53.2,29.9,77,21.0,karachi
2024-06-14 01:00:00,22.4,51.2,29.5,79,21.6,karachi
2024-06-14 02:00:00,21.4,49.5,29.4,80,20.0,karachi
2024-06-14 03:00:00,20.7,49.4,29.3,80,20.0,karachi
2024-06-14 04:00:00,20.6,52.5,29.0,81,19.7,karachi
2024-06-14 05:00:00,19.7,49.2,29.0,82,20.3,karachi
2024-06-14 06:00:00,20.0,53.9,28.9,85,16.8,karachi
2024-06-14 07:00:00,21.0,63.6,29.6,81,20.2,karachi
2024-06-14 08:00:00,20.8,71.5,30.8,74,22.4,karachi
2024-06-14 09:00:00,20.0,71.9,31.6,70,24.0,karachi
2024-06-14 10:00:00,20.4,69.2,32.2,67,25.0,karachi
2024-06-14 11:00:00,19.4,62.2,32.5,66,26.8,karachi
2024-06-14 12:00:00,18.7,59.5,32.9,65,27.7,karachi
2024-06-14 13:00:00,18.7,60.8,33.3,62,29.2,karachi
2024-06-14 14:00:00,19.1,64.7,33.5,61,29.8,karachi
2024-06-14 15:00:00,19.3,69.4,33.3,61,29.5,karachi
2024-06-14 16:00:00,19.3,71.7,32.8,64,28.8,karachi
2024-06-14 17:00:00,25.0,95.2,32.5,65,27.6,karachi
2024-06-14 18:00:00,24.7,92.7,31.3,69,22.5,karachi
2024-06-14 19:00:00,24.3,86.4,30.9,71,21.7,karachi
2024-06-14 20:00:00,24.4,82.0,30.4,74,22.2,karachi
2024-06-14 21:00:00,24.3,81.5,30.0,77,20.1,karachi
2024-06-14 22:00:00,23.0,75.2,29.9,78,18.1,karachi
2024-06-14 23:00:00,22.1,71.0,29.7,81,16.0,karachi
2024-06-15 00:00:00,21.8,65.9,29.6,81,14.7,karachi
2024-06-15 01:00:00,20.6,62.2,29.5,82,13.9,karachi
2024-06-15 02:00:00,19.7,59.5,29.3,83,14.0,karachi
2024-06-15 03:00:00,19.6,58.3,29.2,83,14.9,karachi
2024-06-15 04:00:00,19.9,59.3,29.1,83,14.2,karachi
2024-06-15 05:00:00,19.0,52.3,29.0,84,13.3,karachi
2024-06-15 06:00:00,19.6,55.5,29.0,88,13.5,karachi
2024-06-15 07:00:00,18.5,61.9,29.5,85,15.2,karachi
2024-06-15 08:00:00,18.3,65.0,30.5,78,17.6,karachi
2024-06-15 09:00:00,18.5,68.7,31.5,73,20.7,karachi
2024-06-15 10:00:00,19.0,75.2,32.3,69,21.6,karachi
2024-06-15 11:00:00,19.7,80.3,33.0,65,22.5,karachi
2024-06-15 12:00:00,20.1,82.4,33.3,64,21.9,karachi
2024-06-15 13:00:00,19.3,80.1,33.6,63,21.8,karachi
2024-06-15 14:00:00,19.2,80.8,33.5,63,21.6,karachi
2024-06-15 15:00:00,19.1,80.1,33.3,65,21.6,karachi
2024-06-15 16:00:00,19.1,78.9,32.8,67,21.4,karachi
2024-06-15 17:00:00,21.7,82.9,32.2,69,21.4,karachi
2024-06-15 18:00:00,20.7,80.6,31.6,65,17.6,karachi
2024-06-15 19:00:00,19.7,75.7,30.9,70,17.6,karachi
2024-06-15 20:00:00,19.1,73.3,30.5,72,15.0,karachi
2024-06-15 21:00:00,18.8,72.6,30.2,75,15.9,karachi
2024-06-15 22:00:00,19.3,73.1,30.2,76,17.7,karachi
2024-06-15 23:00:00,20.0,72.6,30.1,77,17.1,karachi
2024-06-16 00:00:00,20.8,73.1,29.9,79,16.9,karachi
2024-06-16 01:00:00,21.1,71.7,29.6,81,18.2,karachi
2024-06-16 02:00:00,21.5,68.9,29.3,83,17.9,karachi
2024-06-16 03:00:00,21.7,66.6,29.1,84,16.6,karachi
2024-06-16 04:00:00,21.6,64.5,29.0,85,14.5,karachi
2024-06-16 05:00:00,19.5,57.4,28.8,86,13.8,karachi
2024-06-16 06:00:00,19.4,58.4,29.0,87,10.4,karachi
2024-06-16 07:00:00,19.4,64.3,30.0,81,14.1,karachi
2024-06-16 08:00:00,19.3,66.4,31.0,75,17.3,karachi
2024-06-16 09:00:00,19.4,68.2,32.2,69,19.3,karachi
2024-06-16 10:00:00,20.1,71.7,33.0,65,21.3,karachi
2024-06-16 11:00:00,21.3,77.3,33.6,61,23.5,karachi
2024-06-16 12:00:00,22.6,82.7,34.2,59,24.8,karachi
2024-06-16 13:00:00,23.9,86.1,33.8,61,25.3,karachi
2024-06-16 14:00:00,24.6,88.2,33.5,62,25.9,karachi
2024-06-16 15:00:00,24.7,88.0,33.1,65,26.3,karachi
2024-06-16 16:00:00,23.9,84.5,32.7,68,27.3,karachi
2024-06-16 17:00:00,23.1,76.4,32.0,70,28.2,karachi
2024-06-16 18:00:00,20.7,69.4,31.0,71,24.2,karachi
2024-06-16 19:00:00,18.9,63.8,30.4,74,23.9,karachi
2024-06-16 20:00:00,17.8,60.8,29.9,76,20.8,karachi
2024-06-16 21:00:00,17.1,60.3,29.8,77,19.6,karachi
2024-06-16 22:00:00,16.7,60.1,29.8,76,19.5,karachi
2024-06-16 23:00:00,16.4,60.5,29.8,75,18.7,karachi
2024-06-17 00:00:00,15.7,59.3,29.9,75,18.3,karachi
2024-06-17 01:00:00,15.1,55.9,29.7,77,16.4,karachi
2024-06-17 02:00:00,14.8,53.0,29.5,78,17.3,karachi
2024-06-17 03:00:00,14.4,49.0,29.3,80,17.9,karachi
2024-06-17 04:00:00,14.3,46.1,29.3,80,16.0,karachi
2024-06-17 05:00:00,14.5,48.5,29.2,80,14.3,karachi
2024-06-17 06:00:00,14.9,49.7,29.1,81,13.5,karachi
2024-06-17 07:00:00,14.8,54.7,29.8,77,16.7,karachi
2024-06-17 08:00:00,15.8,65.9,30.8,71,18.9,karachi
2024-06-17 09:00:00,16.9,79.9,31.7,66,19.7,karachi
2024-06-17 10:00:00,18.6,95.5,32.5,62,21.0,karachi
2024-06-17 11:00:00,20.8,108.3,33.2,59,22.4,karachi
2024-06-17 12:00:00,23.6,122.5,33.0,61,23.4,karachi
2024-06-17 13:00:00,26.0,136.4,33.2,61,24.2,karachi
2024-06-17 14:00:00,28.3,148.5,32.7,64,24.7,karachi
2024-06-17 15:00:00,29.7,156.9,32.4,66,25.2,karachi
2024-06-17 16:00:00,29.4,159.3,31.9,69,25.0,karachi
2024-06-17 17:00:00,23.9,149.5,31.8,70,23.7,karachi
2024-06-17 18:00:00,23.5,148.1,31.0,69,18.8,karachi
2024-06-17 19:00:00,22.6,139.7,30.5,70,17.1,karachi
2024-06-17 20:00:00,21.7,127.1,30.2,71,17.6,karachi
2024-06-17 21:00:00,20.8,112.2,30.2,71,18.6,karachi
2024-06-17 22:00:00,19.7,95.7,30.1,71,17.6,karachi
2024-06-17 23:00:00,18.6,79.4,30.1,71,15.8,karachi
2024-06-18 00:00:00,17.4,65.7,30.1,71,15.0,karachi
2024-06-18 01:00:00,16.8,55.5,30.0,72,15.1,karachi
2024-06-18 02:00:00,16.3,50.6,29.8,72,15.9,karachi
2024-06-18 03:00:00,15.9,48.9,29.8,73,17.4,karachi
2024-06-18 04:00:00,15.9,48.7,29.7,74,17.2,karachi
2024-06-18 05:00:00,15.2,43.2,29.5,76,17.7,karachi
2024-06-18 06:00:00,15.2,44.5,29.9,74,16.5,karachi
2024-06-18 07:00:00,15.1,44.5,30.5,71,20.2,karachi
2024-06-18 08:00:00,14.2,44.8,31.5,66,22.3,karachi
2024-06-18 09:00:00,14.0,48.5,31.9,66,24.5,karachi
2024-06-18 10:00:00,14.6,55.3,32.0,67,25.4,karachi
2024-06-18 11:00:00,15.0,58.8,32.7,64,26.4,karachi
2024-06-18 12:00:00,15.2,62.4,33.0,62,27.1,karachi
2024-06-18 13:00:00,15.4,65.9,33.0,63,27.4,karachi
2024-06-18 14:00:00,15.9,70.5,33.5,61,26.9,karachi
2024-06-18 15:00:00,16.1,70.8,33.2,61,27.3,karachi
2024-06-18 16:00:00,15.9,67.1,32.6,64,27.8,karachi
2024-06-18 17:00:00,16.4,71.0,32.4,65,28.1,karachi
2024-06-18 18:00:00,16.5,69.2,31.6,68,23.7,karachi
2024-06-18 19:00:00,17.3,68.9,30.8,75,25.3,karachi
2024-06-18 20:00:00,16.9,61.5,30.7,75,26.0,karachi
2024-06-18 21:00:00,16.7,59.5,30.3,78,25.7,karachi
2024-06-18 22:00:00,16.5,54.7,30.1,78,22.4,karachi
2024-06-18 23:00:00,16.3,50.4,30.2,77,21.3,karachi
2024-06-19 00:00:00,15.7,45.3,30.1,77,18.5,karachi
2024-06-19 01:00:00,15.8,46.3,30.0,78,18.8,karachi
2024-06-19 02:00:00,15.5,48.0,29.7,79,20.5,karachi
2024-06-19 03:00:00,15.3,51.5,29.5,80,20.5,karachi
2024-06-19 04:00:00,15.1,55.4,29.4,81,18.3,karachi
2024-06-19 05:00:00,15.0,59.3,29.0,82,17.4,karachi
2024-06-19 06:00:00,15.8,67.1,29.0,83,17.5,karachi
2024-06-19 07:00:00,17.1,78.7,29.7,79,20.8,karachi
2024-06-19 08:00:00,17.6,87.8,30.6,74,22.7,karachi
2024-06-19 09:00:00,18.4,92.7,31.6,69,23.9,karachi
2024-06-19 10:00:00,19.8,106.2,32.6,65,25.0,karachi
2024-06-19 11:00:00,22.1,126.7,33.2,64,27.8,karachi
2024-06-19 12:00:00,23.7,141.1,33.8,61,28.7,karachi
2024-06-19 13:00:00,23.8,143.0,34.0,62,29.0,karachi
2024-06-19 14:00:00,23.6,142.5,33.8,66,29.9,karachi
2024-06-19 15:00:00,23.1,134.6,33.3,69,31.6,karachi
2024-06-19 16:00:00,22.4,124.3,32.8,72,31.8,karachi
2024-06-19 17:00:00,20.7,117.1,32.2,76,30.8,karachi
2024-06-19 18:00:00,17.8,88.9,31.0,80,26.5,karachi
2024-06-19 19:00:00,16.1,67.5,30.5,83,24.7,karachi
2024-06-19 20:00:00,15.3,55.5,30.4,83,24.6,karachi
2024-06-19 21:00:00,15.3,53.8,30.2,83,21.6,karachi
2024-06-19 22:00:00,15.8,55.2,30.1,83,17.3,karachi
2024-06-19 23:00:00,17.0,60.3,30.0,85,15.5,karachi
2024-06-20 00:00:00,18.7,64.7,29.6,86,15.3,karachi
2024-06-20 01:00:00,20.1,72.2,29.5,87,19.2,karachi
2024-06-20 02:00:00,21.7,80.8,29.3,89,21.0,karachi
2024-06-20 03:00:00,23.6,84.5,29.1,91,18.4,karachi
2024-06-20 04:00:00,25.4,83.8,28.9,92,19.7,karachi
2024-06-20 05:00:00,27.4,86.8,28.9,92,19.0,karachi
2024-06-20 06:00:00,29.0,83.1,29.0,91,20.9,karachi
2024-06-20 07:00:00,30.2,79.4,29.8,85,24.2,karachi
2024-06-20 08:00:00,30.2,81.0,30.9,79,25.0,karachi
2024-06-20 09:00:00,29.5,92.0,31.8,75,24.7,karachi
2024-06-20 10:00:00,30.5,122.0,32.5,72,25.1,karachi
2024-06-20 11:00:00,33.8,170.4,33.2,70,26.1,karachi
2024-06-20 12:00:00,38.9,220.3,33.5,69,26.3,karachi
2024-06-20 13:00:00,45.6,266.4,33.8,69,26.4,karachi
2024-06-20 14:00:00,50.4,283.1,33.8,69,28.4,karachi
2024-06-20 15:00:00,53.8,290.6,33.8,68,28.3,karachi
2024-06-20 16:00:00,51.2,267.3,33.5,69,27.1,karachi
2024-06-20 17:00:00,30.0,166.2,32.8,73,27.9,karachi
2024-06-20 18:00:00,26.4,139.2,31.4,81,29.6,karachi
2024-06-20 19:00:00,23.8,109.2,30.6,86,27.8,karachi
2024-06-20 20:00:00,22.6,94.5,30.1,89,22.7,karachi
2024-06-20 21:00:00,22.9,93.6,30.0,88,19.4,karachi
2024-06-20 22:00:00,23.4,95.0,29.8,90,17.9,karachi
2024-06-20 23:00:00,24.4,101.3,29.6,91,17.9,karachi
2024-06-21 00:00:00,25.8,105.9,29.6,90,19.5,karachi
2024-06-21 01:00:00,27.1,110.1,29.4,92,20.1,karachi
2024-06-21 02:00:00,28.3,113.9,29.4,90,21.2,karachi
2024-06-21 03:00:00,29.4,113.4,29.3,90,19.6,karachi
2024-06-21 04:00:00,29.9,109.9,29.3,91,20.8,karachi
2024-06-21 05:00:00,29.9,103.4,29.4,89,23.8,karachi
2024-06-21 06:00:00,30.3,98.5,29.1,88,23.7,karachi
2024-06-21 07:00:00,31.0,94.8,29.9,83,25.7,karachi
2024-06-21 08:00:00,32.0,103.4,30.9,77,21.7,karachi
2024-06-21 09:00:00,32.7,117.1,31.9,71,19.2,karachi
2024-06-21 10:00:00,33.2,130.9,32.7,67,15.8,karachi
2024-06-21 11:00:00,33.2,139.2,32.7,70,17.2,karachi
2024-06-21 12:00:00,33.1,150.9,33.5,67,16.3,karachi
2024-06-21 13:00:00,32.9,160.7,33.7,67,17.9,karachi
2024-06-21 14:00:00,31.7,161.6,33.5,68,19.4,karachi
2024-06-21 15:00:00,30.2,163.4,33.3,64,20.8,karachi
2024-06-21 16:00:00,28.9,164.8,33.0,68,22.7,karachi
2024-06-21 17:00:00,24.4,139.2,32.3,72,23.0,karachi
2024-06-21 18:00:00,24.3,139.2,31.6,78,22.7,karachi
2024-06-21 19:00:00,23.9,136.0,30.7,83,17.9,karachi
2024-06-21 20:00:00,23.5,131.8,30.8,83,12.5,karachi
2024-06-21 21:00:00,23.5,136.0,30.7,84,16.9,karachi
2024-06-21 22:00:00,24.0,143.4,30.3,86,18.4,karachi
2024-06-21 23:00:00,24.2,147.1,30.1,86,16.3,karachi
2024-06-22 00:00:00,24.2,145.3,29.9,87,16.3,karachi
2024-06-22 01:00:00,24.3,148.5,29.8,87,16.9,karachi
2024-06-22 02:00:00,24.7,151.8,29.8,86,14.7,karachi
2024-06-22 03:00:00,25.5,153.2,29.6,86,12.0,karachi
2024-06-22 04:00:00,25.9,153.7,29.5,87,7.6,karachi
2024-06-22 05:00:00,24.4,139.7,29.1,89,6.2,karachi
2024-06-22 06:00:00,25.0,142.0,29.1,89,3.8,karachi
2024-06-22 07:00:00,27.4,180.7,29.6,86,4.7,karachi
2024-06-22 08:00:00,30.5,210.0,30.6,79,3.7,karachi
2024-06-22 09:00:00,34.2,231.4,31.9,73,5.9,karachi
2024-06-22 10:00:00,40.0,259.8,33.0,68,10.0,karachi
2024-06-22 11:00:00,44.7,263.6,33.8,65,14.4,karachi
2024-06-22 12:00:00,48.0,255.2,34.3,64,18.9,karachi
2024-06-22 13:00:00,48.9,246.8,34.5,62,20.1,karachi
2024-06-22 14:00:00,46.6,233.8,34.0,63,22.8,karachi
2024-06-22 15:00:00,42.7,217.9,33.9,63,23.6,karachi
2024-06-22 16:00:00,39.1,199.3,33.2,66,23.7,karachi
2024-06-22 17:00:00,41.4,211.4,33.0,68,22.4,karachi
2024-06-22 18:00:00,38.9,197.4,32.2,68,21.3,karachi
2024-06-22 19:00:00,36.8,180.7,31.1,74,21.1,karachi
2024-06-22 20:00:00,35.3,171.8,30.5,77,16.3,karachi
2024-06-22 21:00:00,32.7,156.0,30.4,79,14.8,karachi
2024-06-22 22:00:00,30.4,147.6,30.2,79,17.3,karachi
2024-06-22 23:00:00,28.1,139.2,30.0,81,18.8,karachi
2024-06-23 00:00:00,26.7,143.4,29.8,83,16.5,karachi
2024-06-23 01:00:00,24.7,129.5,29.7,83,14.2,karachi
2024-06-23 02:00:00,22.9,114.1,29.5,83,13.1,karachi
2024-06-23 03:00:00,22.8,110.8,29.2,85,13.3,karachi
2024-06-23 04:00:00,22.6,109.0,29.0,87,14.7,karachi
2024-06-23 05:00:00,23.7,117.6,28.9,88,14.8,karachi
2024-06-23 06:00:00,24.9,131.3,29.5,86,5.5,karachi
2024-06-23 07:00:00,25.7,138.3,30.0,84,8.7,karachi
2024-06-23 08:00:00,27.3,150.4,31.0,77,14.1,karachi
2024-06-23 09:00:00,30.3,168.6,32.5,69,16.6,karachi
2024-06-23 10:00:00,32.4,179.3,33.8,61,18.7,karachi
2024-06-23 11:00:00,32.6,177.0,34.8,58,18.9,karachi
2024-06-23 12:00:00,32.0,172.3,35.3,57,20.5,karachi
2024-06-23 13:00:00,31.3,169.0,35.3,58,23.3,karachi
2024-06-23 14:00:00,30.5,164.8,35.0,59,25.0,karachi
2024-06-23 15:00:00,29.5,159.7,34.5,61,24.7,karachi
2024-06-23 16:00:00,28.6,155.1,34.1,62,26.4,karachi
2024-06-23 17:00:00,26.4,138.8,33.5,63,25.6,karachi
2024-06-23 18:00:00,26.0,134.6,32.5,67,25.9,karachi
2024-06-23 19:00:00,24.9,125.7,31.2,74,23.6,karachi
2024-06-23 20:00:00,23.5,117.6,30.4,81,22.4,karachi
2024-06-23 21:00:00,22.6,112.7,30.1,82,18.8,karachi
2024-06-23 22:00:00,22.5,110.4,30.0,83,18.8,karachi
2024-06-23 23:00:00,22.9,110.8,29.9,84,21.3,karachi
2024-06-24 00:00:00,23.5,109.4,29.5,85,20.1,karachi
2024-06-24 01:00:00,23.3,107.1,29.3,85,16.7,karachi
2024-06-24 02:00:00,22.9,102.4,29.0,87,17.4,karachi
2024-06-24 03:00:00,22.6,102.0,28.8,89,17.6,karachi
2024-06-24 04:00:00,22.7,106.4,28.7,89,17.2,karachi
2024-06-24 05:00:00,25.6,122.5,28.4,91,17.5,karachi
2024-06-24 06:00:00,27.0,127.1,28.9,90,15.5,karachi
2024-06-24 07:00:00,29.4,150.4,30.0,80,16.1,karachi
2024-06-24 08:00:00,31.1,158.3,31.4,74,17.8,karachi
2024-06-24 09:00:00,33.5,170.9,33.0,66,18.8,karachi
2024-06-24 10:00:00,36.1,182.1,34.8,58,19.1,karachi
2024-06-24 11:00:00,37.5,182.5,36.7,50,20.1,karachi
2024-06-24 12:00:00,38.3,180.2,38.1,45,22.6,karachi
2024-06-24 13:00:00,37.7,172.3,38.5,44,24.8,karachi
2024-06-24 14:00:00,36.4,161.6,38.4,44,22.7,karachi
2024-06-24 15:00:00,35.0,154.1,37.0,51,26.7,karachi
2024-06-24 16:00:00,33.4,148.1,36.5,51,27.3,karachi
2024-06-24 17:00:00,28.2,120.1,34.8,57,31.4,karachi
2024-06-24 18:00:00,25.2,109.9,32.3,68,27.4,karachi
2024-06-24 19:00:00,22.5,95.7,31.4,76,22.7,karachi
2024-06-24 20:00:00,20.3,82.2,30.5,81,23.1,karachi
2024-06-24 21:00:00,18.9,73.3,30.0,84,19.0,karachi
2024-06-24 22:00:00,18.6,73.3,30.0,85,16.7,karachi
2024-06-24 23:00:00,19.4,79.9,29.6,84,18.9,karachi
2024-06-25 00:00:00,20.9,85.0,29.3,86,18.7,karachi
2024-06-25 01:00:00,22.5,90.6,29.3,85,21.4,karachi
2024-06-25 02:00:00,23.1,84.3,29.1,86,20.7,karachi
2024-06-25 03:00:00,23.5,85.7,28.8,88,15.9,karachi
2024-06-25 04:00:00,23.9,85.9,28.5,90,16.7,karachi
2024-06-25 05:00:00,21.7,79.9,28.4,91,16.6,karachi
2024-06-25 06:00:00,22.3,84.1,29.1,88,15.8,karachi
2024-06-25 07:00:00,23.8,102.9,29.8,84,20.2,karachi
2024-06-25 08:00:00,25.6,115.5,30.9,79,22.0,karachi
2024-06-25 09:00:00,28.5,141.1,32.7,70,22.1,karachi
2024-06-25 10:00:00,32.2,166.2,34.5,60,23.4,karachi
2024-06-25 11:00:00,36.0,184.4,35.7,54,23.7,karachi
2024-06-25 12:00:00,37.4,180.7,36.5,52,25.7,karachi
2024-06-25 13:00:00,36.1,163.4,37.0,51,25.6,karachi
2024-06-25 14:00:00,33.8,146.7,37.2,49,23.5,karachi
2024-06-25 15:00:00,31.5,135.5,36.8,50,27.7,karachi
2024-06-25 16:00:00,29.7,126.7,35.5,53,34.9,karachi
2024-06-25 17:00:00,26.0,108.7,33.8,65,35.8,karachi
2024-06-25 18:00:00,22.9,88.5,31.7,77,25.7,karachi
2024-06-25 19:00:00,21.0,72.4,31.0,80,19.7,karachi
2024-06-25 20:00:00,21.7,74.3,30.4,85,19.4,karachi
2024-06-25 21:00:00,23.4,80.8,30.1,85,20.7,karachi
2024-06-25 22:00:00,25.5,89.9,30.1,85,21.0,karachi
2024-06-25 23:00:00,27.2,98.7,29.9,85,18.9,karachi
2024-06-26 00:00:00,27.6,102.9,29.8,85,16.8,karachi
2024-06-26 01:00:00,26.8,102.9,29.6,85,13.9,karachi
2024-06-26 02:00:00,25.7,100.6,29.5,85,13.7,karachi
2024-06-26 03:00:00,24.8,98.3,29.4,86,12.3,karachi
2024-06-26 04:00:00,24.3,93.1,29.1,88,10.4,karachi
2024-06-26 05:00:00,23.9,92.0,28.9,89,11.3,karachi
2024-06-26 06:00:00,24.1,86.4,28.9,86,7.6,karachi
2024-06-26 07:00:00,23.3,101.3,29.4,84,9.2,karachi
2024-06-26 08:00:00,23.5,113.2,30.5,77,10.0,karachi
2024-06-26 09:00:00,24.6,123.9,31.7,69,8.9,karachi
2024-06-26 10:00:00,26.4,131.8,33.0,64,12.3,karachi
2024-06-26 11:00:00,28.8,137.8,34.0,62,16.3,karachi
2024-06-26 12:00:00,30.5,139.7,34.7,60,18.4,karachi
2024-06-26 13:00:00,30.0,136.9,34.8,60,20.7,karachi
2024-06-26 14:00:00,29.0,134.1,34.2,63,23.7,karachi
2024-06-26 15:00:00,28.8,133.2,34.6,60,21.7,karachi
2024-06-26 16:00:00,28.6,132.2,34.0,64,22.4,karachi
2024-06-26 17:00:00,27.8,122.9,32.8,69,21.2,karachi
2024-06-26 18:00:00,25.6,118.5,32.4,69,21.2,karachi
2024-06-26 19:00:00,23.4,110.8,31.5,74,17.2,karachi
2024-06-26 20:00:00,22.5,110.1,31.0,77,19.7,karachi
2024-06-26 21:00:00,22.6,112.2,30.8,78,18.7,karachi
2024-06-26 22:00:00,23.2,115.7,30.6,80,15.3,karachi
2024-06-26 23:00:00,23.5,116.6,30.5,81,15.2,karachi
2024-06-27 00:00:00,23.4,112.5,30.3,82,14.6,karachi
2024-06-27 01:00:00,22.8,106.2,30.1,83,14.5,karachi
2024-06-27 02:00:00,22.3,100.8,30.1,83,17.2,karachi
2024-06-27 03:00:00,21.9,97.3,30.1,82,15.7,karachi
2024-06-27 04:00:00,21.7,94.3,30.2,82,13.8,karachi
2024-06-27 05:00:00,22.5,93.4,30.1,82,12.8,karachi
2024-06-27 06:00:00,22.8,95.0,29.8,84,13.1,karachi
2024-06-27 07:00:00,24.1,110.4,30.2,83,10.9,karachi
2024-06-27 08:00:00,26.3,131.3,31.5,77,12.8,karachi
2024-06-27 09:00:00,29.2,149.5,32.8,68,14.4,karachi
2024-06-27 10:00:00,31.4,158.3,34.5,59,14.6,karachi
2024-06-27 11:00:00,32.5,157.9,35.8,55,17.9,karachi
2024-06-27 12:00:00,32.1,151.8,35.5,58,23.5,karachi
2024-06-27 13:00:00,31.1,146.7,35.5,59,25.0,karachi
2024-06-27 14:00:00,31.0,145.3,35.3,59,23.9,karachi
2024-06-27 15:00:00,30.4,140.6,34.8,62,25.3,karachi
2024-06-27 16:00:00,29.0,135.0,34.2,64,23.5,karachi
2024-06-27 17:00:00,24.6,117.6,34.2,63,19.4,karachi
2024-06-27 18:00:00,24.5,121.5,32.9,62,10.1,karachi
2024-06-27 19:00:00,23.0,115.7,32.2,64,10.9,karachi
2024-06-27 20:00:00,22.3,114.3,31.1,70,13.1,karachi
2024-06-27 21:00:00,22.4,115.3,31.1,70,10.9,karachi
2024-06-27 22:00:00,21.9,112.9,31.0,73,12.2,karachi
2024-06-27 23:00:00,21.3,106.9,31.0,73,8.3,karachi
2024-06-28 00:00:00,21.0,102.4,31.0,75,10.9,karachi
2024-06-28 01:00:00,21.6,100.6,30.5,81,14.6,karachi
2024-06-28 02:00:00,22.4,102.0,30.2,84,13.2,karachi
2024-06-28 03:00:00,23.1,102.9,30.3,83,13.0,karachi
2024-06-28 04:00:00,23.3,100.8,30.1,84,10.5,karachi
2024-06-28 05:00:00,22.1,95.2,30.1,85,9.2,karachi
2024-06-28 06:00:00,22.9,98.5,29.6,84,6.2,karachi
2024-06-28 07:00:00,24.0,101.7,30.0,82,6.6,karachi
2024-06-28 08:00:00,25.5,106.9,31.5,69,13.5,karachi
2024-06-28 09:00:00,27.1,108.7,31.2,66,12.3,karachi
2024-06-28 10:00:00,28.3,99.9,32.2,63,8.7,karachi
2024-06-28 11:00:00,28.1,84.8,33.6,57,11.7,karachi
2024-06-28 12:00:00,27.3,70.5,35.4,51,19.5,karachi
2024-06-28 13:00:00,26.4,58.2,37.5,45,21.4,karachi
2024-06-28 14:00:00,25.4,48.1,35.8,50,26.1,karachi
2024-06-28 15:00:00,24.7,41.6,37.5,47,19.7,karachi
2024-06-28 16:00:00,26.5,42.1,32.2,71,14.6,karachi
2024-06-28 17:00:00,25.6,38.6,32.2,73,5.5,karachi
2024-06-28 18:00:00,23.1,33.9,34.5,56,26.6,karachi
2024-06-28 19:00:00,21.0,30.9,33.8,60,23.8,karachi
2024-06-28 20:00:00,19.8,29.2,33.4,62,19.6,karachi
2024-06-28 21:00:00,19.3,32.0,33.0,64,20.9,karachi
2024-06-28 22:00:00,18.3,39.1,32.5,66,18.3,karachi
2024-06-28 23:00:00,19.2,48.3,31.8,71,16.3,karachi
2024-06-29 00:00:00,19.2,51.6,31.4,74,14.6,karachi
2024-06-29 01:00:00,20.3,53.8,31.0,78,12.4,karachi
2024-06-29 02:00:00,20.0,51.9,30.8,77,12.8,karachi
2024-06-29 03:00:00,18.0,50.2,30.2,79,11.2,karachi
2024-06-29 04:00:00,15.9,46.3,30.0,79,13.0,karachi
2024-06-29 05:00:00,18.7,42.1,29.5,81,16.9,karachi
2024-06-29 06:00:00,17.9,40.0,30.0,82,10.4,karachi
2024-06-29 07:00:00,16.1,42.4,30.6,78,11.6,karachi
2024-06-29 08:00:00,15.1,36.6,31.6,69,16.3,karachi
2024-06-29 09:00:00,15.3,31.9,32.3,67,19.3,karachi
2024-06-29 10:00:00,17.1,30.2,33.3,63,18.7,karachi
2024-06-29 11:00:00,18.0,28.8,34.8,56,17.0,karachi
2024-06-29 12:00:00,16.5,26.1,36.2,52,16.6,karachi
2024-06-29 13:00:00,15.5,26.1,36.3,51,19.2,karachi
2024-06-29 14:00:00,15.5,29.6,34.7,62,23.8,karachi
2024-06-29 15:00:00,17.2,36.4,34.3,62,23.4,karachi
2024-06-29 16:00:00,16.9,36.9,33.7,67,26.7,karachi
2024-06-29 17:00:00,18.6,36.8,32.8,71,27.4,karachi
2024-06-29 18:00:00,15.3,29.0,31.9,74,23.4,karachi
2024-06-29 19:00:00,12.3,22.4,30.9,79,20.5,karachi
2024-06-29 20:00:00,10.6,19.0,31.0,80,19.2,karachi
2024-06-29 21:00:00,9.7,17.5,30.5,83,22.9,karachi
2024-06-29 22:00:00,9.4,17.1,30.7,80,21.8,karachi
2024-06-29 23:00:00,9.8,18.3,30.7,80,18.9,karachi
2024-06-30 00:00:00,11.1,21.5,30.7,80,15.7,karachi
2024-06-30 01:00:00,13.4,26.4,30.6,79,14.7,karachi
2024-06-30 02:00:00,15.7,31.2,30.5,80,15.2,karachi
2024-06-30 03:00:00,17.0,33.9,30.1,81,11.5,karachi
2024-06-30 04:00:00,17.6,34.6,30.0,82,8.2,karachi
2024-06-30 05:00:00,20.0,40.3,29.9,83,6.5,karachi
2024-06-30 06:00:00,20.1,39.9,30.1,79,3.6,karachi
2024-06-30 07:00:00,20.1,39.5,30.5,77,2.3,karachi
2024-06-30 08:00:00,19.4,37.5,31.2,73,3.0,karachi
2024-06-30 09:00:00,18.7,36.0,32.4,67,8.4,karachi
2024-06-30 10:00:00,18.6,35.6,33.0,66,12.4,karachi
2024-06-30 11:00:00,18.9,36.0,34.2,61,12.0,karachi
2024-06-30 12:00:00,18.9,35.4,34.2,63,21.1,karachi
2024-06-30 13:00:00,18.9,35.0,34.0,61,22.7,karachi
2024-06-30 14:00:00,18.9,34.3,35.0,59,22.1,karachi
2024-06-30 15:00:00,18.6,33.6,34.6,61,23.5,karachi
2024-06-30 16:00:00,16.1,29.0,34.6,61,24.0,karachi
2024-06-30 17:00:00,15.2,29.1,33.9,66,25.5,karachi
2024-06-30 18:00:00,12.6,23.4,32.7,69,22.7,karachi
2024-06-30 19:00:00,10.9,19.4,31.9,73,18.7,karachi
2024-06-30 20:00:00,10.0,17.1,31.5,73,15.3,karachi
2024-06-30 21:00:00,9.5,16.4,31.2,78,13.8,karachi
2024-06-30 22:00:00,9.5,16.3,30.9,82,16.8,karachi
2024-06-30 23:00:00,9.5,16.2,30.6,84,17.6,karachi
2024-07-01 00:00:00,9.6,16.4,30.6,84,19.3,karachi
2024-07-01 01:00:00,10.9,21.0,30.6,83,17.6,karachi
2024-07-01 02:00:00,14.5,34.1,30.8,82,17.8,karachi
2024-07-01 03:00:00,21.1,57.7,30.8,81,17.3,karachi
2024-07-01 04:00:00,27.2,82.4,30.6,84,14.2,karachi
2024-07-01 05:00:00,25.7,77.3,30.3,88,13.7,karachi
2024-07-01 06:00:00,28.8,92.7,30.6,87,16.2,karachi
2024-07-01 07:00:00,28.9,99.0,30.9,85,18.0,karachi
2024-07-01 08:00:00,28.0,102.2,32.1,76,20.8,karachi
2024-07-01 09:00:00,26.7,100.1,33.2,69,22.4,karachi
2024-07-01 10:00:00,26.1,98.7,34.2,65,25.2,karachi
2024-07-01 11:00:00,25.8,97.1,35.0,60,25.7,karachi
2024-07-01 12:00:00,25.4,96.4,35.8,56,26.8,karachi
2024-07-01 13:00:00,24.7,95.9,35.8,56,28.7,karachi
2024-07-01 14:00:00,25.0,99.9,35.0,63,31.4,karachi
2024-07-01 15:00:00,25.1,102.4,34.5,66,29.3,karachi
2024-07-01 16:00:00,25.0,100.8,33.8,69,28.2,karachi
2024-07-01 17:00:00,24.8,102.7,33.2,71,27.7,karachi
2024-07-01 18:00:00,23.9,99.9,32.1,72,26.7,karachi
2024-07-01 19:00:00,23.7,104.5,31.3,76,24.9,karachi
2024-07-01 20:00:00,25.4,108.0,31.2,76,20.1,karachi
2024-07-01 21:00:00,27.8,108.7,31.3,76,22.5,karachi
2024-07-01 22:00:00,29.7,108.0,31.2,77,24.4,karachi
2024-07-01 23:00:00,30.2,106.4,31.1,77,23.9,karachi
2024-07-02 00:00:00,28.9,103.1,31.0,77,22.1,karachi
2024-07-02 01:00:00,27.4,97.1,31.0,78,20.3,karachi
2024-07-02 02:00:00,26.8,92.4,31.0,78,19.6,karachi
2024-07-02 03:00:00,26.6,90.1,30.9,79,20.6,karachi
2024-07-02 04:00:00,27.2,92.2,30.7,80,20.6,karachi
2024-07-02 05:00:00,26.7,83.1,30.5,81,21.0,karachi
2024-07-02 06:00:00,27.9,90.6,30.5,81,18.1,karachi
2024-07-02 07:00:00,31.3,115.7,31.3,76,21.6,karachi
2024-07-02 08:00:00,34.1,130.9,32.2,72,23.8,karachi
2024-07-02 09:00:00,35.5,136.9,33.2,67,23.7,karachi
2024-07-02 10:00:00,34.7,133.6,34.0,63,23.7,karachi
2024-07-02 11:00:00,32.5,122.5,34.7,59,26.9,karachi
2024-07-02 12:00:00,30.6,113.2,34.8,59,26.7,karachi
2024-07-02 13:00:00,29.7,108.5,34.9,58,25.6,karachi
2024-07-02 14:00:00,29.5,105.7,34.5,61,25.0,karachi
2024-07-02 15:00:00,29.0,100.4,34.2,62,25.5,karachi
2024-07-02 16:00:00,27.5,90.8,33.8,64,24.2,karachi
2024-07-02 17:00:00,25.8,87.8,33.5,65,23.2,karachi
2024-07-02 18:00:00,23.6,77.5,32.5,69,21.4,karachi
2024-07-02 19:00:00,22.0,71.2,32.1,70,20.4,karachi
2024-07-02 20:00:00,21.0,70.1,32.0,70,20.7,karachi
2024-07-02 21:00:00,20.7,77.8,31.9,71,20.4,karachi
2024-07-02 22:00:00,21.2,88.2,31.9,71,17.3,karachi
2024-07-02 23:00:00,22.0,93.1,31.9,72,16.9,karachi
2024-07-03 00:00:00,22.5,89.2,31.5,76,15.3,karachi
2024-07-03 01:00:00,23.0,88.0,31.2,78,14.8,karachi
2024-07-03 02:00:00,23.5,86.8,31.1,78,15.4,karachi
2024-07-03 03:00:00,23.8,81.5,30.7,82,17.6,karachi
2024-07-03 04:00:00,24.0,77.3,30.6,83,17.3,karachi
2024-07-03 05:00:00,22.6,71.2,30.5,84,16.6,karachi
2024-07-03 06:00:00,21.9,69.2,30.4,87,18.5,karachi
2024-07-03 07:00:00,21.4,75.4,31.0,83,22.6,karachi
2024-07-03 08:00:00,20.1,82.0,32.0,77,24.8,karachi
2024-07-03 09:00:00,20.1,90.1,32.9,72,25.4,karachi
2024-07-03 10:00:00,20.8,93.8,33.8,67,26.3,karachi
2024-07-03 11:00:00,21.8,95.7,34.7,62,26.7,karachi
2024-07-03 12:00:00,22.5,97.3,34.8,61,26.8,karachi
2024-07-03 13:00:00,22.6,97.6,34.5,64,27.0,karachi
2024-07-03 14:00:00,22.6,99.9,34.7,63,26.6,karachi
2024-07-03 15:00:00,22.5,102.2,34.3,64,25.9,karachi
2024-07-03 16:00:00,22.2,103.8,33.8,66,28.0,karachi
2024-07-03 17:00:00,23.7,113.6,33.2,69,28.3,karachi
2024-07-03 18:00:00,22.9,113.2,32.3,68,20.8,karachi
2024-07-03 19:00:00,22.2,108.7,31.5,73,23.7,karachi
2024-07-03 20:00:00,21.7,105.0,31.1,74,20.5,karachi
2024-07-03 21:00:00,21.4,104.8,31.3,74,19.8,karachi
2024-07-03 22:00:00,21.2,104.5,31.0,77,22.4,karachi
2024-07-03 23:00:00,21.2,102.0,30.8,78,22.2,karachi
2024-07-04 00:00:00,20.8,92.4,30.5,80,20.9,karachi
2024-07-04 01:00:00,20.7,82.4,30.2,82,19.1,karachi
2024-07-04 02:00:00,20.4,77.3,30.1,83,15.5,karachi
2024-07-04 03:00:00,20.4,76.6,30.0,83,14.3,karachi
2024-07-04 04:00:00,20.4,77.8,29.8,84,13.0,karachi
2024-07-04 05:00:00,20.5,78.2,29.8,84,13.0,karachi
2024-07-04 06:00:00,21.2,82.4,29.8,84,13.5,karachi
2024-07-04 07:00:00,22.9,98.5,30.2,81,17.7,karachi
2024-07-04 08:00:00,23.6,107.3,31.1,76,20.4,karachi
2024-07-04 09:00:00,24.2,114.3,32.0,72,20.6,karachi
2024-07-04 10:00:00,24.3,114.1,32.8,68,20.1,karachi
2024-07-04 11:00:00,24.7,112.7,32.8,70,19.9,karachi
2024-07-04 12:00:00,24.9,113.6,33.1,68,21.7,karachi
2024-07-04 13:00:00,24.4,112.5,34.0,63,20.9,karachi
2024-07-04 14:00:00,23.6,110.6,34.0,63,22.0,karachi
2024-07-04 15:00:00,23.3,110.1,33.9,63,22.7,karachi
2024-07-04 16:00:00,22.7,106.2,33.6,64,22.9,karachi
2024-07-04 17:00:00,24.1,114.6,33.3,64,22.7,karachi
2024-07-04 18:00:00,24.0,110.4,31.9,66,18.5,karachi
2024-07-04 19:00:00,24.0,108.0,31.4,68,17.9,karachi
2024-07-04 20:00:00,24.2,107.3,31.1,69,16.4,karachi
2024-07-04 21:00:00,24.3,107.6,31.0,70,15.5,karachi
2024-07-04 22:00:00,24.2,106.9,31.0,70,15.0,karachi
2024-07-04 23:00:00,24.0,108.5,31.0,70,16.0,karachi
2024-07-05 00:00:00,23.7,106.4,30.8,71,13.2,karachi
2024-07-05 01:00:00,23.0,99.0,30.9,71,13.8,karachi
2024-07-05 02:00:00,23.2,99.7,30.4,75,14.6,karachi
2024-07-05 03:00:00,23.8,98.7,30.2,77,15.5,karachi
2024-07-05 04:00:00,24.1,98.0,30.0,79,14.8,karachi
2024-07-05 05:00:00,24.2,101.5,29.7,82,14.4,karachi
2024-07-05 06:00:00,25.1,103.8,30.1,78,14.2,karachi
2024-07-05 07:00:00,24.8,110.1,30.4,77,16.2,karachi
2024-07-05 08:00:00,24.1,112.2,31.1,73,18.5,karachi
2024-07-05 09:00:00,23.5,111.8,31.7,71,19.7,karachi
2024-07-05 10:00:00,23.7,111.8,31.9,70,19.9,karachi
2024-07-05 11:00:00,23.9,109.2,32.0,70,20.9,karachi
2024-07-05 12:00:00,24.3,107.1,32.6,67,21.9,karachi
2024-07-05 13:00:00,23.9,100.1,33.4,62,21.4,karachi
2024-07-05 14:00:00,23.8,96.6,33.5,60,21.1,karachi
2024-07-05 15:00:00,23.8,95.2,33.3,62,22.3,karachi
2024-07-05 16:00:00,23.9,95.7,33.2,63,22.8,karachi
2024-07-05 17:00:00,25.8,107.3,33.0,63,22.9,karachi
2024-07-05 18:00:00,26.4,106.6,31.4,67,19.2,karachi
2024-07-05 19:00:00,26.7,106.2,31.5,67,20.6,karachi
2024-07-05 20:00:00,26.8,104.5,31.1,69,20.9,karachi
2024-07-05 21:00:00,27.1,103.1,31.0,71,21.4,karachi
2024-07-05 22:00:00,27.3,102.2,30.8,73,22.7,karachi
2024-07-05 23:00:00,27.7,105.0,30.5,74,21.7,karachi
2024-07-06 00:00:00,27.1,94.8,30.4,75,20.1,karachi
2024-07-06 01:00:00,27.4,96.2,30.1,75,19.6,karachi
2024-07-06 02:00:00,27.5,97.6,30.0,77,19.1,karachi
2024-07-06 03:00:00,27.3,97.6,29.9,77,17.0,karachi
2024-07-06 04:00:00,27.2,99.2,30.0,76,14.4,karachi
2024-07-06 05:00:00,26.8,98.5,30.1,75,15.4,karachi
2024-07-06 06:00:00,27.2,101.3,30.2,72,16.8,karachi
2024-07-06 07:00:00,28.8,116.9,30.5,71,20.3,karachi
2024-07-06 08:00:00,29.4,123.9,31.0,68,22.9,karachi
2024-07-06 09:00:00,30.4,125.7,32.2,63,23.1,karachi
2024-07-06 10:00:00,31.1,124.8,33.2,58,22.2,karachi
2024-07-06 11:00:00,31.7,121.5,34.0,56,24.0,karachi
2024-07-06 12:00:00,32.1,117.8,34.8,54,25.4,karachi
2024-07-06 13:00:00,32.1,116.6,35.2,54,27.7,karachi
2024-07-06 14:00:00,32.4,119.0,34.8,56,28.6,karachi
2024-07-06 15:00:00,33.2,123.4,34.4,57,28.8,karachi
2024-07-06 16:00:00,34.0,129.9,34.0,61,29.3,karachi
2024-07-06 17:00:00,38.0,147.1,33.3,66,30.6,karachi
2024-07-06 18:00:00,35.6,138.3,32.3,71,29.6,karachi
2024-07-06 19:00:00,33.1,124.3,31.7,73,31.3,karachi
2024-07-06 20:00:00,31.5,112.5,31.3,75,28.0,karachi
2024-07-06 21:00:00,30.7,103.6,31.1,76,26.4,karachi
2024-07-06 22:00:00,30.6,95.9,31.1,77,24.7,karachi
2024-07-06 23:00:00,30.7,90.8,31.0,77,24.8,karachi
2024-07-07 00:00:00,30.9,86.6,30.9,78,25.1,karachi
2024-07-07 01:00:00,30.6,83.1,30.8,79,25.8,karachi
2024-07-07 02:00:00,30.5,85.2,30.6,80,24.0,karachi
2024-07-07 03:00:00,30.9,86.8,30.5,82,23.9,karachi
2024-07-07 04:00:00,31.8,90.8,30.3,84,25.3,karachi
2024-07-07 05:00:00,32.0,94.3,30.2,86,27.4,karachi
2024-07-07 06:00:00,33.8,98.5,30.1,84,27.5,karachi
2024-07-07 07:00:00,36.0,101.3,30.8,80,30.9,karachi
2024-07-07 08:00:00,39.6,118.3,31.8,74,32.0,karachi
2024-07-07 09:00:00,43.2,141.6,32.8,69,32.3,karachi
2024-07-07 10:00:00,44.9,166.7,33.8,65,28.5,karachi
2024-07-07 11:00:00,46.8,200.2,34.7,61,24.9,karachi
2024-07-07 12:00:00,48.9,231.9,35.2,59,22.9,karachi
2024-07-07 13:00:00,48.1,229.6,34.8,63,27.3,karachi
2024-07-07 14:00:00,43.8,199.8,34.5,66,28.2,karachi
2024-07-07 15:00:00,37.5,159.3,34.0,68,25.7,karachi
2024-07-07 16:00:00,33.2,138.8,33.3,71,25.2,karachi
2024-07-07 17:00:00,27.9,115.7,33.1,72,25.2,karachi
2024-07-07 18:00:00,27.4,112.9,32.2,75,28.2,karachi
2024-07-07 19:00:00,27.5,110.8,31.4,79,22.4,karachi
2024-07-07 20:00:00,26.8,102.9,31.1,81,18.4,karachi
2024-07-07 21:00:00,25.7,96.9,30.9,82,20.9,karachi
2024-07-07 22:00:00,24.0,86.4,30.8,82,18.8,karachi
2024-07-07 23:00:00,22.9,83.6,30.6,83,16.8,karachi
2024-07-08 00:00:00,22.0,81.3,30.5,84,14.8,karachi
2024-07-08 01:00:00,21.4,82.9,30.4,84,14.6,karachi
2024-07-08 02:00:00,21.1,87.5,30.2,84,16.1,karachi
2024-07-08 03:00:00,21.3,92.0,30.0,84,13.4,karachi
2024-07-08 04:00:00,21.1,92.2,30.0,84,13.4,karachi
2024-07-08 05:00:00,22.0,92.0,30.0,85,13.4,karachi
2024-07-08 06:00:00,22.2,90.8,29.8,83,10.8,karachi
2024-07-08 07:00:00,23.1,106.2,30.4,80,9.5,karachi
2024-07-08 08:00:00,26.5,136.9,31.2,75,6.5,karachi
2024-07-08 09:00:00,31.2,165.3,32.2,70,6.9,karachi
2024-07-08 10:00:00,38.5,197.9,32.5,70,10.1,karachi
2024-07-08 11:00:00,41.3,192.8,32.8,69,13.7,karachi
2024-07-08 12:00:00,47.6,200.7,34.3,63,14.4,karachi
2024-07-08 13:00:00,58.0,242.1,34.4,63,13.8,karachi
2024-07-08 14:00:00,61.0,257.0,34.3,64,22.0,karachi
2024-07-08 15:00:00,60.1,257.0,33.9,65,17.3,karachi
2024-07-08 16:00:00,51.7,218.9,34.0,64,12.9,karachi
2024-07-08 17:00:00,67.5,270.1,34.0,64,15.6,karachi
2024-07-08 18:00:00,68.9,275.7,30.7,76,20.2,karachi
2024-07-08 19:00:00,66.1,265.4,30.6,76,17.6,karachi
2024-07-08 20:00:00,58.3,236.6,30.4,77,17.4,karachi
2024-07-08 21:00:00,47.8,194.2,30.5,77,14.6,karachi
2024-07-08 22:00:00,38.1,160.7,30.4,78,14.0,karachi
2024-07-08 23:00:00,32.5,142.0,30.1,79,12.7,karachi
2024-07-09 00:00:00,30.3,141.6,30.1,81,11.1,karachi
2024-07-09 01:00:00,28.8,140.2,30.0,81,11.4,karachi
2024-07-09 02:00:00,27.9,136.9,29.9,82,11.2,karachi
2024-07-09 03:00:00,27.5,136.0,29.9,83,12.0,karachi
2024-07-09 04:00:00,27.4,134.6,29.9,83,12.0,karachi
2024-07-09 05:00:00,29.0,137.8,29.8,84,10.9,karachi
2024-07-09 06:00:00,30.2,134.1,30.0,86,9.5,karachi
2024-07-09 07:00:00,31.5,141.6,30.5,84,7.6,karachi
2024-07-09 08:00:00,31.9,133.2,31.5,78,8.6,karachi
2024-07-09 09:00:00,30.5,113.6,32.9,70,9.7,karachi
2024-07-09 10:00:00,24.3,77.3,33.7,67,8.7,karachi
2024-07-09 11:00:00,25.2,72.2,34.5,65,8.7,karachi
2024-07-09 12:00:00,26.7,71.5,34.2,68,15.8,karachi
2024-07-09 13:00:00,31.2,79.4,34.7,66,17.6,karachi
2024-07-09 14:00:00,36.0,89.2,33.2,72,20.4,karachi
2024-07-09 15:00:00,41.0,106.2,31.4,81,19.3,karachi
2024-07-09 16:00:00,44.4,118.5,31.5,79,17.6,karachi
2024-07-09 17:00:00,56.8,157.9,31.5,78,16.8,karachi
2024-07-09 18:00:00,56.7,164.4,32.5,74,14.7,karachi
2024-07-09 19:00:00,48.5,138.3,31.9,78,15.6,karachi
2024-07-09 20:00:00,40.9,118.5,31.3,81,16.0,karachi
2024-07-09 21:00:00,35.9,116.4,31.1,81,11.4,karachi
2024-07-09 22:00:00,37.1,124.3,30.9,85,12.8,karachi
2024-07-09 23:00:00,38.0,122.9,30.7,86,12.1,karachi
2024-07-10 00:00:00,38.9,122.9,30.6,86,13.6,karachi
2024-07-10 01:00:00,39.8,122.5,30.4,87,13.2,karachi
2024-07-10 02:00:00,39.6,115.0,30.2,88,13.3,karachi
2024-07-10 03:00:00,39.5,111.8,30.2,88,15.1,karachi
2024-07-10 04:00:00,38.9,109.9,30.1,88,17.5,karachi
2024-07-10 05:00:00,29.0,90.1,30.0,89,17.4,karachi
2024-07-10 06:00:00,28.1,91.5,29.5,90,10.8,karachi
2024-07-10 07:00:00,28.1,100.6,30.0,88,12.9,karachi
2024-07-10 08:00:00,28.6,106.9,31.1,81,14.1,karachi
2024-07-10 09:00:00,30.3,112.9,32.5,74,13.8,karachi
2024-07-10 10:00:00,33.1,119.7,33.8,67,13.4,karachi
2024-07-10 11:00:00,35.6,124.8,34.5,64,16.1,karachi
2024-07-10 12:00:00,37.1,128.5,35.0,64,18.2,karachi
2024-07-10 13:00:00,36.4,127.6,34.8,64,21.4,karachi
2024-07-10 14:00:00,35.4,125.3,34.7,65,23.3,karachi
2024-07-10 15:00:00,33.4,121.1,34.4,67,23.7,karachi
2024-07-10 16:00:00,31.4,116.6,33.8,70,23.9,karachi
2024-07-10 17:00:00,33.8,117.1,33.2,73,23.0,karachi
2024-07-10 18:00:00,30.7,109.2,31.4,77,17.9,karachi
2024-07-10 19:00:00,28.9,100.8,31.0,79,17.8,karachi
2024-07-10 20:00:00,28.9,91.0,30.8,79,18.1,karachi
2024-07-10 21:00:00,28.4,90.3,30.8,80,18.6,karachi
2024-07-10 22:00:00,28.1,89.4,30.5,81,18.8,karachi
2024-07-10 23:00:00,28.1,88.7,30.2,83,20.9,karachi
2024-07-11 00:00:00,27.7,87.5,30.2,83,22.8,karachi
2024-07-11 01:00:00,27.2,86.4,30.1,83,22.4,karachi
2024-07-11 02:00:00,26.7,84.3,29.8,86,24.0,karachi
2024-07-11 03:00:00,26.1,81.0,29.5,87,23.9,karachi
2024-07-11 04:00:00,25.7,76.6,29.5,86,23.1,karachi
2024-07-11 05:00:00,26.5,76.6,29.5,86,22.4,karachi
2024-07-11 06:00:00,26.8,76.4,29.5,85,21.6,karachi
2024-07-11 07:00:00,27.6,80.1,30.3,81,24.8,karachi
2024-07-11 08:00:00,28.0,84.8,31.2,75,25.6,karachi
2024-07-11 09:00:00,27.2,84.1,32.2,70,27.5,karachi
2024-07-11 10:00:00,26.4,81.7,33.0,65,27.8,karachi
2024-07-11 11:00:00,25.9,79.6,33.8,61,28.6,karachi
2024-07-11 12:00:00,25.4,78.2,34.2,60,29.6,karachi
2024-07-11 13:00:00,25.3,76.8,34.2,60,30.4,karachi
2024-07-11 14:00:00,25.3,76.1,34.4,59,30.9,karachi
2024-07-11 15:00:00,25.3,75.2,33.9,61,31.3,karachi
2024-07-11 16:00:00,25.6,75.0,32.8,67,33.1,karachi
2024-07-11 17:00:00,24.4,75.7,32.1,70,34.0,karachi
2024-07-11 18:00:00,24.6,72.2,31.8,71,30.3,karachi
2024-07-11 19:00:00,23.8,65.0,31.0,74,32.0,karachi
2024-07-11 20:00:00,23.6,63.8,30.6,75,31.1,karachi
2024-07-11 21:00:00,22.6,64.5,30.6,75,32.8,karachi
2024-07-11 22:00:00,22.1,65.0,30.6,75,32.6,karachi
2024-07-11 23:00:00,22.2,65.9,30.4,78,32.9,karachi
2024-07-12 00:00:00,22.5,66.8,30.2,78,30.5,karachi
2024-07-12 01:00:00,22.9,66.6,30.0,80,31.0,karachi
2024-07-12 02:00:00,23.4,66.4,29.8,81,31.4,karachi
2024-07-12 03:00:00,23.2,65.0,29.6,82,31.0,karachi
2024-07-12 04:00:00,23.0,62.9,29.5,83,31.2,karachi
2024-07-12 05:00:00,22.3,56.7,29.5,84,30.5,karachi
2024-07-12 06:00:00,23.0,58.3,29.8,83,30.9,karachi
2024-07-12 07:00:00,24.1,59.3,30.3,80,34.0,karachi
2024-07-12 08:00:00,25.6,65.2,31.0,75,37.7,karachi
2024-07-12 09:00:00,26.3,65.4,31.6,72,38.3,karachi
2024-07-12 10:00:00,26.0,64.5,32.8,64,39.1,karachi
2024-07-12 11:00:00,27.4,76.1,32.7,65,39.6,karachi
2024-07-12 12:00:00,25.7,68.7,33.2,64,39.8,karachi
2024-07-12 13:00:00,25.3,69.4,33.0,66,39.2,karachi
2024-07-12 14:00:00,25.6,72.9,33.1,66,39.2,karachi
2024-07-12 15:00:00,27.1,80.6,33.0,66,38.7,karachi
2024-07-12 16:00:00,26.7,78.0,32.3,69,39.6,karachi
2024-07-12 17:00:00,29.0,87.8,32.0,70,38.3,karachi
2024-07-12 18:00:00,28.9,84.8,31.1,73,36.7,karachi
2024-07-12 19:00:00,27.2,72.2,30.2,78,34.4,karachi
2024-07-12 20:00:00,26.9,68.5,29.8,80,31.9,karachi
2024-07-12 21:00:00,26.7,66.1,29.9,81,29.3,karachi
2024-07-12 22:00:00,28.9,71.2,30.0,79,29.0,karachi
2024-07-12 23:00:00,27.1,64.0,29.8,81,30.0,karachi
2024-07-13 00:00:00,26.5,62.9,29.7,82,27.9,karachi
2024-07-13 01:00:00,26.0,63.1,29.6,82,28.2,karachi
2024-07-13 02:00:00,26.2,65.9,29.5,83,29.4,karachi
2024-07-13 03:00:00,25.9,66.4,29.4,84,29.3,karachi
2024-07-13 04:00:00,25.6,66.4,29.3,84,30.0,karachi
2024-07-13 05:00:00,26.3,69.2,29.2,85,28.7,karachi
2024-07-13 06:00:00,26.8,70.3,29.5,85,26.5,karachi
2024-07-13 07:00:00,27.6,72.2,30.2,81,28.5,karachi
2024-07-13 08:00:00,29.5,81.7,31.1,74,30.7,karachi
2024-07-13 09:00:00,28.3,79.4,31.2,73,31.6,karachi
2024-07-13 10:00:00,28.5,83.6,31.9,71,32.5,karachi
2024-07-13 11:00:00,29.4,91.5,32.5,68,30.4,karachi
2024-07-13 12:00:00,30.0,105.5,32.6,69,30.6,karachi
2024-07-13 13:00:00,28.9,102.7,33.0,67,29.7,karachi
2024-07-13 14:00:00,27.5,92.4,32.8,69,30.8,karachi
2024-07-13 15:00:00,24.5,76.1,32.8,69,31.1,karachi
2024-07-13 16:00:00,24.2,73.8,32.5,71,30.5,karachi
2024-07-13 17:00:00,26.5,95.5,32.0,73,29.1,karachi
2024-07-13 18:00:00,27.2,95.9,30.7,78,27.7,karachi
2024-07-13 19:00:00,25.1,72.4,30.0,83,27.0,karachi
2024-07-13 20:00:00,25.8,68.7,29.6,85,26.0,karachi
2024-07-13 21:00:00,26.4,69.8,29.6,84,23.6,karachi
2024-07-13 22:00:00,27.0,71.7,29.6,85,20.6,karachi
2024-07-13 23:00:00,27.4,71.7,29.4,88,19.4,karachi
2024-07-14 00:00:00,26.8,68.5,29.4,87,21.3,karachi
2024-07-14 01:00:00,25.5,65.0,29.1,90,23.5,karachi
2024-07-14 02:00:00,24.6,63.1,29.0,90,23.1,karachi
2024-07-14 03:00:00,24.2,62.4,29.0,90,22.7,karachi
2024-07-14 04:00:00,23.1,59.6,28.8,90,22.2,karachi
2024-07-14 05:00:00,22.1,57.7,28.9,90,21.8,karachi
2024-07-14 06:00:00,21.4,57.9,29.2,89,21.3,karachi
2024-07-14 07:00:00,22.1,60.5,29.6,86,23.0,karachi
2024-07-14 08:00:00,22.5,66.1,30.7,80,24.2,karachi
2024-07-14 09:00:00,21.9,68.5,31.5,75,26.3,karachi
2024-07-14 10:00:00,22.4,74.3,32.1,71,26.4,karachi
2024-07-14 11:00:00,21.9,73.1,32.9,66,27.4,karachi
2024-07-14 12:00:00,21.9,75.2,33.0,65,28.0,karachi
2024-07-14 13:00:00,22.9,85.2,33.0,66,28.1,karachi
2024-07-14 14:00:00,27.9,121.1,32.7,67,27.2,karachi
2024-07-14 15:00:00,23.8,97.8,32.5,68,26.4,karachi
2024-07-14 16:00:00,24.0,100.1,32.2,70,27.8,karachi
2024-07-14 17:00:00,24.9,111.5,32.0,71,27.0,karachi
2024-07-14 18:00:00,24.4,107.6,31.0,71,19.1,karachi
2024-07-14 19:00:00,23.8,98.3,30.5,75,19.9,karachi
2024-07-14 20:00:00,24.2,87.1,30.4,75,18.3,karachi
2024-07-14 21:00:00,24.5,84.3,30.2,76,20.2,karachi
2024-07-14 22:00:00,24.7,83.6,30.0,79,15.7,karachi
2024-07-14 23:00:00,25.4,88.7,29.9,81,13.2,karachi
2024-07-15 00:00:00,26.6,97.8,29.7,83,12.9,karachi
2024-07-15 01:00:00,27.8,106.9,29.8,81,14.7,karachi
2024-07-15 02:00:00,29.1,119.0,29.5,82,15.3,karachi
2024-07-15 03:00:00,29.9,127.6,29.4,84,13.3,karachi
2024-07-15 04:00:00,30.2,130.4,29.0,85,11.9,karachi
2024-07-15 05:00:00,29.6,127.6,28.9,87,11.9,karachi
2024-07-15 06:00:00,30.4,124.3,29.0,89,12.8,karachi
2024-07-15 07:00:00,32.5,155.5,29.5,85,14.8,karachi
2024-07-15 08:00:00,31.2,164.4,30.5,79,13.1,karachi
2024-07-15 09:00:00,30.4,170.4,31.6,73,14.4,karachi
2024-07-15 10:00:00,32.0,190.0,32.5,67,15.5,karachi
2024-07-15 11:00:00,34.2,203.5,33.4,63,15.6,karachi
2024-07-15 12:00:00,37.3,221.7,34.1,61,16.1,karachi
2024-07-15 13:00:00,38.6,218.9,34.0,61,21.4,karachi
2024-07-15 14:00:00,39.3,211.4,33.7,63,21.2,karachi
2024-07-15 15:00:00,40.3,212.3,33.5,63,19.1,karachi
2024-07-15 16:00:00,39.0,199.8,33.0,65,20.4,karachi
2024-07-15 17:00:00,42.3,216.5,32.3,68,20.2,karachi
2024-07-15 18:00:00,38.3,191.4,31.5,70,20.1,karachi
2024-07-15 19:00:00,33.4,162.5,30.9,74,18.5,karachi
2024-07-15 20:00:00,30.3,143.9,30.5,76,16.8,karachi
2024-07-15 21:00:00,29.2,139.7,30.3,78,15.8,karachi
2024-07-15 22:00:00,29.0,138.3,30.1,79,14.2,karachi
2024-07-15 23:00:00,29.5,135.5,30.0,80,12.7,karachi
2024-07-16 00:00:00,29.7,127.6,29.8,82,12.1,karachi
2024-07-16 01:00:00,29.3,122.9,29.7,83,12.3,karachi
2024-07-16 02:00:00,28.4,114.1,29.6,84,14.2,karachi
2024-07-16 03:00:00,27.3,108.3,29.5,85,14.3,karachi
2024-07-16 04:00:00,26.3,102.7,29.4,86,15.0,karachi
2024-07-16 05:00:00,25.8,100.8,29.2,87,14.4,karachi
2024-07-16 06:00:00,25.7,99.2,29.2,86,12.0,karachi
2024-07-16 07:00:00,26.9,126.2,30.0,81,15.8,karachi
2024-07-16 08:00:00,28.8,143.0,31.0,75,13.5,karachi
2024-07-16 09:00:00,31.3,158.3,32.3,70,13.0,karachi
2024-07-16 10:00:00,34.3,173.2,33.7,64,14.2,karachi
2024-07-16 11:00:00,37.6,183.5,34.5,61,14.8,karachi
2024-07-16 12:00:00,40.2,187.7,35.9,56,16.2,karachi
2024-07-16 13:00:00,41.3,187.2,35.7,58,20.3,karachi
2024-07-16 14:00:00,40.6,181.1,34.2,65,23.8,karachi
2024-07-16 15:00:00,38.8,172.8,34.8,61,23.6,karachi
2024-07-16 16:00:00,35.9,159.7,34.9,61,24.7,karachi
2024-07-16 17:00:00,35.7,147.1,33.5,67,26.9,karachi
2024-07-16 18:00:00,34.9,142.5,33.4,68,20.1,karachi
2024-07-16 19:00:00,31.8,122.9,32.0,76,24.6,karachi
2024-07-16 20:00:00,28.5,108.3,30.9,84,26.2,karachi
2024-07-16 21:00:00,26.7,100.6,30.9,84,20.9,karachi
2024-07-16 22:00:00,25.7,99.2,31.0,82,17.2,karachi
2024-07-16 23:00:00,24.0,93.1,31.0,81,11.2,karachi
2024-07-17 00:00:00,22.4,88.7,30.9,80,16.9,karachi
2024-07-17 01:00:00,20.8,84.8,30.5,83,18.4,karachi
2024-07-17 02:00:00,20.1,85.2,30.4,84,15.2,karachi
2024-07-17 03:00:00,19.8,84.5,30.0,86,17.9,karachi
2024-07-17 04:00:00,19.8,84.3,30.0,85,14.2,karachi
2024-07-17 05:00:00,20.4,84.8,29.8,87,12.3,karachi
2024-07-17 06:00:00,21.0,88.0,29.6,89,8.8,karachi
2024-07-17 07:00:00,23.5,114.8,30.2,85,8.4,karachi
2024-07-17 08:00:00,26.5,123.9,31.0,82,4.7,karachi
2024-07-17 09:00:00,29.2,130.9,32.2,77,5.1,karachi
2024-07-17 10:00:00,32.7,137.8,31.8,77,30.7,karachi
2024-07-17 11:00:00,36.6,142.0,32.5,72,13.1,karachi
2024-07-17 12:00:00,41.0,161.1,34.2,65,15.0,karachi
2024-07-17 13:00:00,41.6,154.6,35.0,60,12.7,karachi
2024-07-17 14:00:00,36.8,130.9,35.2,59,18.7,karachi
2024-07-17 15:00:00,49.6,167.6,35.3,55,21.2,karachi
2024-07-17 16:00:00,35.7,131.8,34.7,60,23.1,karachi
2024-07-17 17:00:00,36.8,111.1,32.5,74,25.5,karachi
2024-07-17 18:00:00,34.7,105.7,32.9,76,26.7,karachi
2024-07-17 19:00:00,32.7,98.0,31.2,83,23.5,karachi
2024-07-17 20:00:00,30.7,89.4,31.4,81,17.9,karachi
2024-07-17 21:00:00,28.1,85.7,31.1,84,15.6,karachi
2024-07-17 22:00:00,25.8,85.2,31.0,84,13.9,karachi
2024-07-17 23:00:00,24.1,84.8,30.9,84,10.9,karachi
2024-07-18 00:00:00,23.6,84.3,30.8,84,10.8,karachi
2024-07-18 01:00:00,23.3,82.7,30.8,84,12.2,karachi
2024-07-18 02:00:00,23.2,82.9,30.8,84,10.9,karachi
2024-07-18 03:00:00,23.3,80.1,30.5,85,10.1,karachi
2024-07-18 04:00:00,23.1,76.6,30.4,87,8.7,karachi
2024-07-18 05:00:00,25.7,89.2,30.2,88,6.6,karachi
2024-07-18 06:00:00,26.0,92.0,30.9,85,7.9,karachi
2024-07-18 07:00:00,27.4,106.6,30.9,84,8.7,karachi
2024-07-18 08:00:00,30.0,118.7,32.0,77,7.2,karachi
2024-07-18 09:00:00,33.8,122.9,33.2,70,11.8,karachi
2024-07-18 10:00:00,35.9,114.3,34.0,68,16.6,karachi
2024-07-18 11:00:00,37.3,110.6,34.5,67,23.0,karachi
2024-07-18 12:00:00,37.1,111.3,34.8,66,26.1,karachi
2024-07-18 13:00:00,34.6,109.9,34.8,66,27.5,karachi
2024-07-18 14:00:00,32.0,109.2,34.8,67,27.9,karachi
2024-07-18 15:00:00,30.4,107.8,34.5,67,28.7,karachi
2024-07-18 16:00:00,29.1,104.8,34.0,69,29.5,karachi
2024-07-18 17:00:00,29.4,111.8,33.0,73,28.2,karachi
2024-07-18 18:00:00,26.1,99.7,31.9,73,24.0,karachi
2024-07-18 19:00:00,25.3,90.6,31.3,76,22.5,karachi
2024-07-18 20:00:00,26.7,88.9,31.1,76,20.9,karachi
2024-07-18 21:00:00,28.9,90.1,30.6,80,19.0,karachi
2024-07-18 22:00:00,31.4,91.7,30.5,81,19.2,karachi
2024-07-18 23:00:00,33.9,93.4,30.6,79,19.4,karachi
2024-07-19 00:00:00,35.4,94.5,30.5,79,18.0,karachi
2024-07-19 01:00:00,35.3,90.1,30.2,80,15.9,karachi
2024-07-19 02:00:00,35.2,88.2,30.0,81,16.9,karachi
2024-07-19 03:00:00,34.1,85.7,29.8,82,14.7,karachi
2024-07-19 04:00:00,33.2,82.4,29.7,83,13.8,karachi
2024-07-19 05:00:00,32.1,78.2,29.5,84,12.6,karachi
2024-07-19 06:00:00,31.8,77.1,29.5,83,13.6,karachi
2024-07-19 07:00:00,32.2,81.5,30.0,80,16.9,karachi
2024-07-19 08:00:00,32.1,83.8,31.0,74,19.4,karachi
2024-07-19 09:00:00,32.4,85.4,32.2,67,20.5,karachi
2024-07-19 10:00:00,32.6,87.1,33.5,61,21.2,karachi
2024-07-19 11:00:00,33.2,91.3,34.3,58,22.6,karachi
2024-07-19 12:00:00,34.0,96.6,34.7,57,22.7,karachi
2024-07-19 13:00:00,34.5,103.4,34.7,58,21.4,karachi
2024-07-19 14:00:00,34.5,109.2,34.3,59,20.9,karachi
2024-07-19 15:00:00,35.0,113.4,34.1,60,21.5,karachi
2024-07-19 16:00:00,34.5,112.9,33.8,61,23.9,karachi
2024-07-19 17:00:00,35.6,111.8,33.0,67,24.8,karachi
2024-07-19 18:00:00,34.9,117.8,32.6,67,20.9,karachi
2024-07-19 19:00:00,34.1,112.7,32.0,72,18.4,karachi
2024-07-19 20:00:00,32.5,99.9,31.5,74,18.2,karachi
2024-07-19 21:00:00,31.2,92.9,31.3,76,16.2,karachi
2024-07-19 22:00:00,31.2,93.8,31.1,77,16.0,karachi
2024-07-19 23:00:00,31.7,95.0,30.8,79,17.7,karachi
2024-07-20 00:00:00,31.7,92.2,30.5,81,19.9,karachi
2024-07-20 01:00:00,31.3,88.5,30.2,82,21.7,karachi
2024-07-20 02:00:00,30.9,82.9,29.9,84,22.0,karachi
2024-07-20 03:00:00,30.7,84.1,29.7,85,17.3,karachi
2024-07-20 04:00:00,30.5,82.7,29.6,86,15.3,karachi
2024-07-20 05:00:00,28.4,84.1,29.5,86,11.3,karachi
2024-07-20 06:00:00,28.7,91.3,30.0,87,12.5,karachi
2024-07-20 07:00:00,30.6,115.9,30.5,83,15.1,karachi
2024-07-20 08:00:00,32.4,129.9,31.7,75,15.8,karachi
2024-07-20 09:00:00,35.0,141.1,33.2,66,17.1,karachi
2024-07-20 10:00:00,36.7,137.4,34.6,60,17.1,karachi
2024-07-20 11:00:00,36.1,118.7,34.8,60,10.4,karachi
2024-07-20 12:00:00,34.1,105.5,35.2,58,11.1,karachi
2024-07-20 13:00:00,34.1,103.4,37.2,53,13.6,karachi
2024-07-20 14:00:00,34.5,103.6,37.9,49,8.9,karachi
2024-07-20 15:00:00,37.3,109.4,38.0,47,5.5,karachi
2024-07-20 16:00:00,39.9,119.2,38.6,43,4.7,karachi
2024-07-20 17:00:00,43.3,114.3,36.6,52,8.4,karachi
2024-07-20 18:00:00,43.3,123.4,33.0,69,15.5,karachi
2024-07-20 19:00:00,42.1,126.2,32.3,72,15.8,karachi
2024-07-20 20:00:00,40.3,125.3,31.6,77,13.8,karachi
2024-07-20 21:00:00,39.3,123.9,31.3,79,11.5,karachi
2024-07-20 22:00:00,38.5,122.9,31.0,81,14.0,karachi
2024-07-20 23:00:00,37.7,118.5,31.0,81,11.9,karachi
2024-07-21 00:00:00,35.6,111.3,30.9,83,13.0,karachi
2024-07-21 01:00:00,34.3,106.2,30.6,86,14.9,karachi
2024-07-21 02:00:00,33.1,98.0,30.2,88,15.8,karachi
2024-07-21 03:00:00,31.5,90.3,30.1,88,16.1,karachi
2024-07-21 04:00:00,30.5,87.3,30.0,87,14.8,karachi
2024-07-21 05:00:00,35.5,83.8,30.0,86,11.5,karachi
2024-07-21 06:00:00,35.3,82.9,30.5,83,13.2,karachi
2024-07-21 07:00:00,36.1,89.4,31.0,78,11.4,karachi
2024-07-21 08:00:00,37.7,91.7,32.5,71,11.4,karachi
2024-07-21 09:00:00,38.5,82.0,34.2,63,11.5,karachi
2024-07-21 10:00:00,38.0,72.6,35.7,56,6.8,karachi
2024-07-21 11:00:00,39.1,73.1,36.2,54,8.5,karachi
2024-07-21 12:00:00,40.2,73.1,36.8,53,10.2,karachi
2024-07-21 13:00:00,38.2,69.2,37.3,50,12.7,karachi
2024-07-21 14:00:00,36.6,66.1,37.3,50,13.8,karachi
2024-07-21 15:00:00,35.3,64.5,37.2,51,12.6,karachi
2024-07-21 16:00:00,36.6,68.2,33.1,70,4.4,karachi
2024-07-21 17:00:00,43.7,84.8,33.5,69,11.6,karachi
2024-07-21 18:00:00,42.7,84.8,34.9,60,5.9,karachi
2024-07-21 19:00:00,41.2,82.2,34.5,62,2.1,karachi
2024-07-21 20:00:00,37.8,75.0,34.2,63,3.1,karachi
2024-07-21 21:00:00,35.6,69.8,33.2,68,9.5,karachi
2024-07-21 22:00:00,33.9,65.4,32.6,69,11.8,karachi
2024-07-21 23:00:00,31.9,61.9,32.0,74,12.7,karachi
2024-07-22 00:00:00,29.3,60.8,31.4,81,15.4,karachi
2024-07-22 01:00:00,27.0,60.5,31.1,86,18.7,karachi
2024-07-22 02:00:00,25.4,61.9,31.0,86,18.9,karachi
2024-07-22 03:00:00,23.9,61.7,30.4,84,20.0,karachi
2024-07-22 04:00:00,22.3,60.1,30.5,83,19.9,karachi
2024-07-22 05:00:00,21.3,60.1,30.3,83,14.7,karachi
2024-07-22 06:00:00,20.8,58.0,30.4,84,13.6,karachi
2024-07-22 07:00:00,20.8,60.5,30.8,81,14.9,karachi
2024-07-22 08:00:00,21.5,62.2,31.8,76,15.7,karachi
2024-07-22 09:00:00,22.4,61.7,32.8,71,16.1,karachi
2024-07-22 10:00:00,22.9,59.8,33.7,67,16.2,karachi
2024-07-22 11:00:00,24.3,60.5,34.7,64,18.5,karachi
2024-07-22 12:00:00,26.5,64.7,35.1,63,21.4,karachi
2024-07-22 13:00:00,27.9,66.1,35.2,62,23.7,karachi
2024-07-22 14:00:00,29.7,70.1,35.0,63,26.4,karachi
2024-07-22 15:00:00,30.9,72.9,34.2,67,28.8,karachi
2024-07-22 16:00:00,28.6,69.8,33.0,75,30.9,karachi
2024-07-22 17:00:00,29.3,74.3,32.0,78,29.8,karachi
2024-07-22 18:00:00,24.7,69.4,31.0,84,26.5,karachi
2024-07-22 19:00:00,24.1,71.5,30.5,83,26.0,karachi
2024-07-22 20:00:00,24.5,73.1,30.4,83,24.6,karachi
2024-07-22 21:00:00,24.4,72.4,30.4,84,22.8,karachi
2024-07-22 22:00:00,24.0,69.4,30.2,85,21.3,karachi
2024-07-22 23:00:00,23.4,66.1,30.0,85,24.4,karachi
2024-07-23 00:00:00,22.6,63.8,29.9,85,25.3,karachi
2024-07-23 01:00:00,20.9,57.6,29.8,84,24.1,karachi
2024-07-23 02:00:00,19.8,56.5,29.8,85,20.5,karachi
2024-07-23 03:00:00,18.9,54.6,29.9,84,20.9,karachi
2024-07-23 04:00:00,18.5,54.1,29.7,84,22.8,karachi
2024-07-23 05:00:00,16.6,38.6,29.6,85,23.4,karachi
2024-07-23 06:00:00,16.6,40.5,29.5,85,18.5,karachi
2024-07-23 07:00:00,17.9,48.4,29.9,83,21.3,karachi
2024-07-23 08:00:00,19.4,57.4,30.6,79,23.0,karachi
2024-07-23 09:00:00,20.8,64.5,31.6,74,21.6,karachi
2024-07-23 10:00:00,22.6,72.6,32.0,71,22.1,karachi
2024-07-23 11:00:00,24.7,81.5,32.0,71,24.3,karachi
2024-07-23 12:00:00,27.4,91.0,31.7,73,24.7,karachi
2024-07-23 13:00:00,30.5,104.3,32.3,71,27.6,karachi
2024-07-23 14:00:00,34.0,121.1,32.5,70,26.6,karachi
2024-07-23 15:00:00,37.7,138.8,33.0,68,27.9,karachi
2024-07-23 16:00:00,36.1,131.3,32.5,70,28.8,karachi
2024-07-23 17:00:00,31.4,125.3,31.5,75,29.3,karachi
2024-07-23 18:00:00,30.4,117.1,31.1,73,28.5,karachi
2024-07-23 19:00:00,29.2,109.2,30.9,75,27.3,karachi
2024-07-23 20:00:00,29.0,107.3,30.4,78,26.7,karachi
2024-07-23 21:00:00,29.1,107.8,30.5,77,24.9,karachi
2024-07-23 22:00:00,29.3,107.8,30.4,78,26.1,karachi
2024-07-23 23:00:00,28.6,106.6,30.1,79,28.2,karachi
2024-07-24 00:00:00,27.1,103.1,29.8,81,27.7,karachi
2024-07-24 01:00:00,27.3,106.6,29.7,82,25.4,karachi
2024-07-24 02:00:00,29.0,115.9,29.5,82,25.9,karachi
2024-07-24 03:00:00,29.5,115.3,29.5,82,24.4,karachi
2024-07-24 04:00:00,30.0,116.9,29.6,80,24.9,karachi
2024-07-24 05:00:00,28.8,111.8,29.5,80,24.3,karachi
2024-07-24 06:00:00,29.6,118.5,29.3,84,20.2,karachi
2024-07-24 07:00:00,32.2,137.4,29.9,81,19.1,karachi
2024-07-24 08:00:00,35.2,161.6,30.2,79,22.0,karachi
2024-07-24 09:00:00,37.4,174.6,30.9,75,25.6,karachi
2024-07-24 10:00:00,39.2,183.5,31.2,73,23.3,karachi
2024-07-24 11:00:00,41.0,189.1,31.4,72,23.9,karachi
2024-07-24 12:00:00,41.3,190.0,31.9,70,25.3,karachi
2024-07-24 13:00:00,40.7,183.5,32.3,68,27.4,karachi
2024-07-24 14:00:00,38.0,171.8,32.2,68,27.4,karachi
2024-07-24 15:00:00,33.9,156.9,32.3,68,29.7,karachi
2024-07-24 16:00:00,30.3,143.9,32.2,69,31.2,karachi
2024-07-24 17:00:00,26.5,126.7,31.7,73,30.9,karachi
2024-07-24 18:00:00,25.0,116.4,31.1,72,27.2,karachi
2024-07-24 19:00:00,24.3,108.0,30.8,74,25.6,karachi
2024-07-24 20:00:00,24.2,100.4,30.0,79,24.4,karachi
2024-07-24 21:00:00,24.5,99.2,30.0,79,23.4,karachi
2024-07-24 22:00:00,24.9,98.0,29.7,80,22.2,karachi
2024-07-24 23:00:00,25.2,94.3,29.4,82,21.6,karachi
2024-07-25 00:00:00,25.7,96.4,29.2,83,18.2,karachi
2024-07-25 01:00:00,26.7,102.0,29.0,85,17.6,karachi
2024-07-25 02:00:00,27.1,104.3,28.9,85,17.1,karachi
2024-07-25 03:00:00,27.9,108.0,28.9,85,16.9,karachi
2024-07-25 04:00:00,29.4,115.7,28.9,84,15.8,karachi
2024-07-25 05:00:00,31.1,126.2,28.9,84,15.1,karachi
2024-07-25 06:00:00,32.8,134.6,29.1,81,14.4,karachi
2024-07-25 07:00:00,37.0,168.1,29.8,78,17.3,karachi
2024-07-25 08:00:00,40.4,191.9,30.7,73,20.7,karachi
2024-07-25 09:00:00,43.4,204.4,31.6,69,23.2,karachi
2024-07-25 10:00:00,45.9,209.1,32.0,67,23.9,karachi
2024-07-25 11:00:00,47.4,208.6,32.8,64,22.9,karachi
2024-07-25 12:00:00,46.8,201.2,32.8,65,22.2,karachi
2024-07-25 13:00:00,44.1,188.6,32.5,68,22.7,karachi
2024-07-25 14:00:00,39.9,174.2,32.7,68,23.2,karachi
2024-07-25 15:00:00,36.2,162.1,32.9,66,25.5,karachi
2024-07-25 16:00:00,33.2,154.6,32.3,69,24.1,karachi
2024-07-25 17:00:00,29.3,147.6,31.9,70,22.0,karachi
2024-07-25 18:00:00,29.0,147.6,31.7,75,20.6,karachi
2024-07-25 19:00:00,28.1,143.4,30.4,83,24.2,karachi
2024-07-25 20:00:00,28.3,141.6,30.1,81,25.0,karachi
2024-07-25 21:00:00,30.0,147.6,30.2,82,23.8,karachi
2024-07-25 22:00:00,31.8,141.6,29.9,83,22.1,karachi
2024-07-25 23:00:00,33.5,132.7,30.0,82,19.7,karachi
2024-07-26 00:00:00,34.7,126.7,29.8,83,15.9,karachi
2024-07-26 01:00:00,35.5,124.3,29.6,83,14.7,karachi
2024-07-26 02:00:00,35.4,120.1,29.4,84,15.9,karachi
2024-07-26 03:00:00,34.6,114.3,29.4,84,17.5,karachi
2024-07-26 04:00:00,33.6,109.4,29.4,84,15.2,karachi
2024-07-26 05:00:00,33.9,106.2,29.4,84,15.2,karachi
2024-07-26 06:00:00,34.6,109.7,29.6,87,13.8,karachi
2024-07-26 07:00:00,36.6,124.8,30.1,84,14.1,karachi
2024-07-26 08:00:00,38.2,143.0,31.3,77,21.1,karachi
2024-07-26 09:00:00,38.9,153.2,32.2,72,26.4,karachi
2024-07-26 10:00:00,38.4,159.7,32.8,69,26.8,karachi
2024-07-26 11:00:00,36.7,162.5,33.4,66,28.1,karachi
2024-07-26 12:00:00,34.2,159.3,33.5,67,28.0,karachi
2024-07-26 13:00:00,32.1,153.2,33.8,66,28.5,karachi
2024-07-26 14:00:00,31.0,148.1,33.6,66,27.9,karachi
2024-07-26 15:00:00,31.1,145.8,33.4,67,27.2,karachi
2024-07-26 16:00:00,31.5,145.8,33.0,68,25.3,karachi
2024-07-26 17:00:00,31.0,149.5,32.3,71,25.0,karachi
2024-07-26 18:00:00,30.7,151.3,31.6,71,25.0,karachi
2024-07-26 19:00:00,30.2,148.1,30.8,77,25.0,karachi
2024-07-26 20:00:00,29.9,145.3,30.3,79,21.6,karachi
2024-07-26 21:00:00,29.5,138.8,30.1,79,22.2,karachi
2024-07-26 22:00:00,29.2,133.2,30.0,79,23.0,karachi
2024-07-26 23:00:00,28.2,117.3,29.9,81,21.4,karachi
2024-07-27 00:00:00,27.8,107.8,29.8,81,19.5,karachi
2024-07-27 01:00:00,27.2,101.5,29.5,82,20.9,karachi
2024-07-27 02:00:00,26.9,99.0,29.4,83,19.8,karachi
2024-07-27 03:00:00,26.8,97.3,29.5,82,19.3,karachi
2024-07-27 04:00:00,27.4,98.3,29.5,81,19.9,karachi
2024-07-27 05:00:00,30.2,112.2,29.3,81,19.7,karachi
2024-07-27 06:00:00,32.0,117.6,29.4,86,18.3,karachi
2024-07-27 07:00:00,34.3,129.9,30.0,83,21.8,karachi
2024-07-27 08:00:00,36.4,144.8,30.9,78,23.1,karachi
2024-07-27 09:00:00,37.8,151.3,31.8,73,25.5,karachi
2024-07-27 10:00:00,39.1,162.5,32.5,68,26.1,karachi
2024-07-27 11:00:00,39.5,177.0,33.0,65,25.3,karachi
2024-07-27 12:00:00,38.1,181.1,33.5,64,25.3,karachi
2024-07-27 13:00:00,35.6,177.9,33.9,62,25.9,karachi
2024-07-27 14:00:00,33.4,173.2,34.0,63,27.9,karachi
2024-07-27 15:00:00,32.7,173.2,33.8,64,28.7,karachi
2024-07-27 16:00:00,32.8,177.4,33.2,66,27.7,karachi
2024-07-27 17:00:00,37.4,212.8,32.5,69,25.8,karachi
2024-07-27 18:00:00,37.4,202.1,31.4,70,24.8,karachi
2024-07-27 19:00:00,36.6,186.7,30.9,72,22.9,karachi
2024-07-27 20:00:00,35.6,170.9,30.8,73,19.9,karachi
2024-07-27 21:00:00,34.6,162.1,30.5,75,17.8,karachi
2024-07-27 22:00:00,33.4,152.3,30.5,76,17.2,karachi
2024-07-27 23:00:00,32.5,146.7,30.3,76,16.8,karachi
2024-07-28 00:00:00,31.7,131.3,30.2,76,16.1,karachi
2024-07-28 01:00:00,31.5,127.1,30.0,78,15.2,karachi
2024-07-28 02:00:00,31.4,125.3,29.7,80,11.8,karachi
2024-07-28 03:00:00,32.2,131.8,29.6,81,9.7,karachi
2024-07-28 04:00:00,34.0,142.5,29.5,82,8.7,karachi
2024-07-28 05:00:00,35.9,151.8,29.3,84,7.9,karachi
2024-07-28 06:00:00,38.8,163.9,29.5,81,10.1,karachi
2024-07-28 07:00:00,43.2,199.3,30.0,79,11.9,karachi
2024-07-28 08:00:00,46.9,229.6,30.9,74,15.0,karachi
2024-07-28 09:00:00,50.3,244.0,31.8,70,14.7,karachi
2024-07-28 10:00:00,53.4,252.4,32.6,66,14.0,karachi
2024-07-28 11:00:00,56.2,256.1,33.3,65,14.5,karachi
2024-07-28 12:00:00,58.0,256.1,32.9,67,16.3,karachi
2024-07-28 13:00:00,56.7,243.1,32.7,68,17.5,karachi
2024-07-28 14:00:00,51.7,219.3,32.8,66,19.1,karachi
2024-07-28 15:00:00,44.8,190.9,32.9,66,18.3,karachi
2024-07-28 16:00:00,37.7,164.4,32.6,68,19.5,karachi
2024-07-28 17:00:00,34.0,155.5,32.3,69,17.3,karachi
2024-07-28 18:00:00,30.3,142.5,31.5,69,16.1,karachi
2024-07-28 19:00:00,27.8,131.3,31.0,73,16.5,karachi
2024-07-28 20:00:00,26.9,128.1,30.5,76,16.0,karachi
2024-07-28 21:00:00,26.9,131.8,30.3,77,16.8,karachi
2024-07-28 22:00:00,27.2,136.4,30.0,80,16.6,karachi
2024-07-28 23:00:00,27.7,141.1,29.8,80,17.0,karachi
2024-07-29 00:00:00,27.9,144.4,29.7,80,13.4,karachi
2024-07-29 01:00:00,27.9,146.7,29.5,81,13.1,karachi
2024-07-29 02:00:00,27.6,146.2,29.4,81,9.6,karachi
2024-07-29 03:00:00,27.7,149.9,29.2,82,7.7,karachi
2024-07-29 04:00:00,27.8,149.9,29.1,82,6.4,karachi
2024-07-29 05:00:00,27.4,144.4,29.1,82,5.8,karachi
2024-07-29 06:00:00,27.5,149.5,29.3,85,2.9,karachi
2024-07-29 07:00:00,28.0,156.5,29.5,83,2.6,karachi
2024-07-29 08:00:00,29.7,174.2,30.2,80,2.2,karachi
2024-07-29 09:00:00,32.9,192.8,30.9,75,6.2,karachi
2024-07-29 10:00:00,36.7,202.6,31.5,72,7.6,karachi
2024-07-29 11:00:00,39.8,203.5,33.0,65,10.1,karachi
2024-07-29 12:00:00,41.8,197.9,32.8,66,10.5,karachi
2024-07-29 13:00:00,40.6,189.1,31.7,71,17.3,karachi
2024-07-29 14:00:00,38.3,180.7,32.7,64,18.0,karachi
2024-07-29 15:00:00,37.5,178.3,32.8,64,21.7,karachi
2024-07-29 16:00:00,37.6,177.4,32.0,71,22.8,karachi
2024-07-29 17:00:00,36.4,147.6,31.8,73,21.6,karachi
2024-07-29 18:00:00,37.6,144.8,29.9,75,15.9,karachi
2024-07-29 19:00:00,39.8,150.4,29.4,78,14.3,karachi
2024-07-29 20:00:00,41.7,157.4,29.5,78,16.8,karachi
2024-07-29 21:00:00,41.9,160.2,29.3,81,15.7,karachi
2024-07-29 22:00:00,41.1,158.8,29.1,83,16.1,karachi
2024-07-29 23:00:00,39.6,153.7,28.8,85,12.8,karachi
2024-07-30 00:00:00,36.8,141.6,28.7,85,9.4,karachi
2024-07-30 01:00:00,33.4,126.7,28.5,86,9.1,karachi
2024-07-30 02:00:00,30.4,114.3,28.5,87,10.2,karachi
2024-07-30 03:00:00,27.7,103.6,28.1,88,6.4,karachi
2024-07-30 04:00:00,25.6,95.5,28.2,89,5.6,karachi
2024-07-30 05:00:00,35.9,119.0,28.1,90,5.9,karachi
2024-07-30 06:00:00,36.0,118.3,28.4,89,8.0,karachi
2024-07-30 07:00:00,36.4,123.9,28.6,89,4.3,karachi
2024-07-30 08:00:00,37.1,130.4,28.8,85,10.9,karachi
2024-07-30 09:00:00,38.0,134.1,29.8,80,7.5,karachi
2024-07-30 10:00:00,38.5,132.7,31.3,73,11.3,karachi
2024-07-30 11:00:00,39.2,129.0,32.8,69,8.1,karachi
2024-07-30 12:00:00,38.9,121.1,31.6,75,14.0,karachi
2024-07-30 13:00:00,33.3,99.4,28.4,91,20.4,karachi
2024-07-30 14:00:00,31.9,93.4,30.1,81,8.3,karachi
2024-07-30 15:00:00,32.2,93.1,30.4,81,7.2,karachi
2024-07-30 16:00:00,32.8,88.7,30.2,82,12.2,karachi
2024-07-30 17:00:00,21.0,56.5,30.9,79,11.6,karachi
2024-07-30 18:00:00,20.6,51.1,28.2,87,16.1,karachi
2024-07-30 19:00:00,19.8,47.5,28.0,89,14.0,karachi
2024-07-30 20:00:00,19.8,46.4,28.0,88,11.3,karachi
2024-07-30 21:00:00,19.8,45.6,28.0,90,8.3,karachi
2024-07-30 22:00:00,19.4,44.0,28.0,91,6.1,karachi
2024-07-30 23:00:00,19.4,43.3,28.1,91,5.6,karachi
2024-07-31 00:00:00,18.9,41.9,28.2,91,7.2,karachi
2024-07-31 01:00:00,18.5,41.0,28.0,92,12.2,karachi
2024-07-31 02:00:00,18.3,41.2,28.0,92,15.0,karachi
2024-07-31 03:00:00,18.7,41.7,28.1,91,13.5,karachi
2024-07-31 04:00:00,18.8,40.7,28.2,89,13.7,karachi
2024-07-31 05:00:00,16.2,33.4,28.1,90,14.0,karachi
2024-07-31 06:00:00,15.7,32.5,28.2,92,8.0,karachi
2024-07-31 07:00:00,14.9,31.1,28.8,88,7.9,karachi
2024-07-31 08:00:00,14.3,28.8,29.2,85,7.1,karachi
2024-07-31 09:00:00,11.9,22.9,29.5,83,7.9,karachi
2024-07-31 10:00:00,10.3,19.3,30.1,82,13.0,karachi
2024-07-31 11:00:00,8.3,15.2,29.9,81,17.0,karachi
2024-07-31 12:00:00,9.5,16.8,29.9,82,14.6,karachi
2024-07-31 13:00:00,10.7,18.9,29.8,83,13.8,karachi
2024-07-31 14:00:00,12.3,22.1,30.1,82,15.8,karachi
2024-07-31 15:00:00,13.6,25.3,30.5,81,14.3,karachi
2024-07-31 16:00:00,15.4,29.9,30.4,80,16.8,karachi
2024-07-31 17:00:00,24.3,53.7,29.9,83,19.5,karachi
2024-07-31 18:00:00,25.3,56.8,29.8,83,16.2,karachi
2024-07-31 19:00:00,25.3,54.7,29.2,85,14.9,karachi
2024-07-31 20:00:00,25.3,51.3,29.0,87,11.5,karachi
2024-07-31 21:00:00,24.4,49.2,29.0,88,11.8,karachi
2024-07-31 22:00:00,23.3,47.6,28.9,88,16.1,karachi
2024-07-31 23:00:00,22.2,47.5,29.0,87,22.0,karachi
2024-08-01 00:00:00,20.5,46.8,28.7,88,23.3,karachi
2024-08-01 01:00:00,18.9,46.0,28.5,88,22.4,karachi
2024-08-01 02:00:00,17.9,46.4,28.6,87,22.6,karachi
2024-08-01 03:00:00,17.2,47.1,28.6,85,23.9,karachi
2024-08-01 04:00:00,16.9,47.1,28.6,85,24.4,karachi
2024-08-01 05:00:00,16.0,39.6,28.4,87,24.4,karachi
2024-08-01 06:00:00,15.8,39.5,28.4,89,23.0,karachi
2024-08-01 07:00:00,16.3,41.1,28.7,88,23.3,karachi
2024-08-01 08:00:00,16.6,43.8,29.5,83,27.0,karachi
2024-08-01 09:00:00,17.4,45.8,30.1,80,29.4,karachi
2024-08-01 10:00:00,21.1,57.6,30.4,79,30.7,karachi
2024-08-01 11:00:00,18.6,50.3,30.4,79,31.8,karachi
2024-08-01 12:00:00,19.9,53.2,30.4,79,32.4,karachi
2024-08-01 13:00:00,20.3,52.3,31.0,76,33.1,karachi
2024-08-01 14:00:00,20.7,53.1,31.0,76,33.9,karachi
2024-08-01 15:00:00,21.7,55.2,31.0,76,33.8,karachi
2024-08-01 16:00:00,21.8,55.2,31.0,76,32.8,karachi
2024-08-01 17:00:00,23.1,58.1,30.2,79,33.7,karachi
2024-08-01 18:00:00,25.1,62.2,29.8,81,31.0,karachi
2024-08-01 19:00:00,27.1,63.3,29.3,84,27.5,karachi
2024-08-01 20:00:00,31.9,75.2,29.0,85,26.9,karachi
2024-08-01 21:00:00,33.1,79.2,28.9,86,27.2,karachi
2024-08-01 22:00:00,34.7,87.5,28.8,86,26.1,karachi
2024-08-01 23:00:00,33.5,89.4,28.8,86,24.0,karachi
2024-08-02 00:00:00,31.2,87.1,28.5,86,24.5,karachi
2024-08-02 01:00:00,27.5,78.7,28.2,88,24.8,karachi
2024-08-02 02:00:00,23.8,72.2,28.3,87,24.5,karachi
2024-08-02 03:00:00,21.9,73.8,28.2,87,23.7,karachi
2024-08-02 04:00:00,21.6,75.2,27.9,89,24.4,karachi
2024-08-02 05:00:00,21.2,78.9,27.8,90,25.7,karachi
2024-08-02 06:00:00,21.7,81.7,28.5,88,20.7,karachi
2024-08-02 07:00:00,22.6,83.4,28.8,87,22.0,karachi
2024-08-02 08:00:00,24.0,101.5,29.4,84,24.1,karachi
2024-08-02 09:00:00,24.4,97.6,29.9,81,25.2,karachi
2024-08-02 10:00:00,24.8,98.3,30.2,79,26.7,karachi
2024-08-02 11:00:00,25.3,100.1,30.9,77,25.8,karachi
2024-08-02 12:00:00,26.8,107.1,29.9,82,23.6,karachi
2024-08-02 13:00:00,27.2,105.7,30.5,78,21.0,karachi
2024-08-02 14:00:00,28.1,115.0,30.8,76,26.3,karachi
2024-08-02 15:00:00,28.6,113.9,31.0,77,24.3,karachi
2024-08-02 16:00:00,29.5,115.7,30.6,78,27.7,karachi
2024-08-02 17:00:00,28.8,108.0,30.2,79,27.7,karachi
2024-08-02 18:00:00,29.2,104.5,29.2,85,21.1,karachi
2024-08-02 19:00:00,28.6,93.6,29.2,86,17.9,karachi
2024-08-02 20:00:00,29.1,90.8,29.0,88,16.9,karachi
2024-08-02 21:00:00,29.2,90.8,28.9,89,16.9,karachi
2024-08-02 22:00:00,29.2,91.3,28.8,90,14.4,karachi
2024-08-02 23:00:00,29.5,92.4,28.6,90,16.2,karachi
2024-08-03 00:00:00,29.9,94.1,28.6,90,16.2,karachi
2024-08-03 01:00:00,29.4,91.7,28.4,91,19.1,karachi
2024-08-03 02:00:00,28.1,86.8,28.3,91,22.4,karachi
2024-08-03 03:00:00,27.0,81.5,28.2,90,21.3,karachi
2024-08-03 04:00:00,25.6,77.3,28.3,89,23.0,karachi
2024-08-03 05:00:00,29.5,103.8,28.4,88,25.3,karachi
2024-08-03 06:00:00,30.2,110.6,27.9,90,16.6,karachi
2024-08-03 07:00:00,31.0,113.2,28.4,86,17.3,karachi
2024-08-03 08:00:00,32.4,135.5,29.0,81,20.4,karachi
2024-08-03 09:00:00,33.3,137.4,29.5,77,22.2,karachi
2024-08-03 10:00:00,34.1,140.2,30.3,74,22.5,karachi
2024-08-03 11:00:00,35.6,148.5,30.7,72,21.1,karachi
2024-08-03 12:00:00,35.6,148.1,30.8,72,21.7,karachi
2024-08-03 13:00:00,36.1,144.4,30.4,74,24.8,karachi
2024-08-03 14:00:00,36.6,139.2,30.6,73,22.3,karachi
2024-08-03 15:00:00,35.7,136.4,30.7,72,22.7,karachi
2024-08-03 16:00:00,35.3,130.9,30.4,74,20.3,karachi
2024-08-03 17:00:00,37.8,141.6,30.5,73,15.9,karachi
2024-08-03 18:00:00,32.9,122.9,29.5,77,17.4,karachi
2024-08-03 19:00:00,30.5,103.8,29.0,82,11.2,karachi
2024-08-03 20:00:00,31.0,101.3,28.7,85,15.3,karachi
2024-08-03 21:00:00,31.2,102.2,28.5,86,17.1,karachi
2024-08-03 22:00:00,31.1,101.3,28.4,87,15.1,karachi
2024-08-03 23:00:00,30.9,99.2,28.4,87,16.8,karachi
2024-08-04 00:00:00,30.5,96.4,28.3,87,15.8,karachi
2024-08-04 01:00:00,30.0,94.1,28.2,87,14.0,karachi
2024-08-04 02:00:00,29.2,92.9,28.0,88,16.9,karachi
2024-08-04 03:00:00,28.8,94.1,28.0,87,18.6,karachi
2024-08-04 04:00:00,28.4,98.3,28.0,88,14.2,karachi
2024-08-04 05:00:00,27.6,101.0,27.9,89,15.6,karachi
2024-08-04 06:00:00,29.3,111.8,27.9,85,14.5,karachi
2024-08-04 07:00:00,32.2,127.1,27.7,87,13.1,karachi
2024-08-04 08:00:00,35.4,152.7,28.0,88,12.3,karachi
2024-08-04 09:00:00,36.3,164.8,28.8,82,13.5,karachi
2024-08-04 10:00:00,37.1,174.6,29.6,78,16.8,karachi
2024-08-04 11:00:00,39.0,186.7,30.0,76,17.6,karachi
2024-08-04 12:00:00,39.8,181.6,29.7,78,17.0,karachi
2024-08-04 13:00:00,40.0,177.9,29.7,78,20.7,karachi
2024-08-04 14:00:00,38.9,168.1,30.1,76,20.4,karachi
2024-08-04 15:00:00,36.8,156.5,30.7,74,21.6,karachi
2024-08-04 16:00:00,35.0,148.1,30.8,74,20.7,karachi
2024-08-04 17:00:00,36.1,162.1,30.5,76,17.1,karachi
2024-08-04 18:00:00,38.2,164.8,29.5,79,18.2,karachi
2024-08-04 19:00:00,33.8,140.2,28.9,83,15.5,karachi
2024-08-04 20:00:00,32.6,127.1,28.3,87,12.8,karachi
2024-08-04 21:00:00,32.4,128.5,28.1,88,12.6,karachi
2024-08-04 22:00:00,32.8,134.1,27.9,86,14.6,karachi
2024-08-04 23:00:00,33.6,135.0,27.9,86,12.5,karachi
2024-08-05 00:00:00,33.9,135.5,27.4,88,12.5,karachi
2024-08-05 01:00:00,33.8,134.1,27.0,89,12.9,karachi
2024-08-05 02:00:00,33.2,129.9,26.4,92,12.1,karachi
2024-08-05 03:00:00,32.0,122.5,26.8,90,9.4,karachi
2024-08-05 04:00:00,30.4,110.8,26.9,91,6.3,karachi
2024-08-05 05:00:00,27.9,100.1,26.9,92,4.6,karachi
2024-08-05 06:00:00,27.1,94.3,27.5,88,9.9,karachi
2024-08-05 07:00:00,27.8,101.7,28.0,85,8.4,karachi
2024-08-05 08:00:00,27.6,114.8,28.1,84,9.7,karachi
2024-08-05 09:00:00,27.9,132.2,28.5,82,10.5,karachi
2024-08-05 10:00:00,28.9,141.6,29.5,78,13.4,karachi
2024-08-05 11:00:00,29.3,140.2,30.0,76,15.9,karachi
2024-08-05 12:00:00,29.3,139.2,30.2,75,18.0,karachi
2024-08-05 13:00:00,28.9,134.6,30.4,75,19.6,karachi
2024-08-05 14:00:00,28.4,129.9,30.6,74,20.4,karachi
2024-08-05 15:00:00,28.9,133.6,30.5,74,18.9,karachi
2024-08-05 16:00:00,29.2,133.2,30.3,74,19.8,karachi
2024-08-05 17:00:00,26.4,118.0,29.9,77,19.9,karachi
2024-08-05 18:00:00,24.8,99.9,29.2,77,14.8,karachi
2024-08-05 19:00:00,23.3,83.1,28.8,80,16.2,karachi
2024-08-05 20:00:00,23.5,71.7,28.5,82,12.7,karachi
2024-08-05 21:00:00,24.3,71.2,28.5,83,10.8,karachi
2024-08-05 22:00:00,24.7,73.1,28.3,84,9.6,karachi
2024-08-05 23:00:00,25.1,75.7,28.2,85,9.0,karachi
2024-08-06 00:00:00,25.4,75.7,28.0,85,11.6,karachi
2024-08-06 01:00:00,25.0,74.5,27.8,88,12.1,karachi
2024-08-06 02:00:00,24.0,73.6,27.5,89,13.4,karachi
2024-08-06 03:00:00,22.5,71.7,27.1,92,13.2,karachi
2024-08-06 04:00:00,20.4,67.5,27.2,92,12.0,karachi
2024-08-06 05:00:00,19.3,68.7,27.2,91,14.2,karachi
2024-08-06 06:00:00,19.3,66.8,27.5,88,14.9,karachi
2024-08-06 07:00:00,20.1,70.1,27.9,86,16.9,karachi
2024-08-06 08:00:00,19.8,74.3,28.2,83,18.9,karachi
2024-08-06 09:00:00,19.4,75.4,28.6,80,19.1,karachi
2024-08-06 10:00:00,19.3,80.6,29.5,76,19.2,karachi
2024-08-06 11:00:00,19.7,85.0,29.2,77,19.0,karachi
2024-08-06 12:00:00,21.7,94.3,29.2,77,18.2,karachi
2024-08-06 13:00:00,22.1,94.3,29.5,76,19.2,karachi
2024-08-06 14:00:00,22.6,95.5,29.4,77,18.9,karachi
2024-08-06 15:00:00,23.6,99.7,29.5,77,21.1,karachi
2024-08-06 16:00:00,23.2,95.0,29.0,79,23.1,karachi
2024-08-06 17:00:00,24.7,105.0,28.6,82,25.0,karachi
2024-08-06 18:00:00,25.8,108.0,28.8,79,17.3,karachi
2024-08-06 19:00:00,27.6,105.9,28.5,82,15.5,karachi
2024-08-06 20:00:00,27.8,94.8,28.2,84,17.6,karachi
2024-08-06 21:00:00,27.4,92.7,28.1,86,20.8,karachi
2024-08-06 22:00:00,26.5,88.9,28.0,86,20.3,karachi
2024-08-06 23:00:00,24.9,82.7,28.1,85,21.2,karachi
2024-08-07 00:00:00,22.4,72.4,28.1,84,25.3,karachi
2024-08-07 01:00:00,21.1,68.7,27.9,86,24.8,karachi
2024-08-07 02:00:00,20.3,67.8,27.9,86,24.8,karachi
2024-08-07 03:00:00,18.3,58.8,27.8,86,24.9,karachi
2024-08-07 04:00:00,18.0,58.6,27.8,86,24.5,karachi
2024-08-07 05:00:00,20.3,72.4,27.9,85,24.5,karachi
2024-08-07 06:00:00,18.8,64.7,27.9,83,26.5,karachi
2024-08-07 07:00:00,20.2,68.0,28.2,81,26.5,karachi
2024-08-07 08:00:00,21.5,78.9,28.8,76,30.8,karachi
2024-08-07 09:00:00,20.3,78.7,29.2,74,32.4,karachi
2024-08-07 10:00:00,20.8,84.5,29.2,74,32.8,karachi
2024-08-07 11:00:00,19.2,73.8,29.8,72,33.5,karachi
2024-08-07 12:00:00,18.5,71.0,30.2,70,31.4,karachi
2024-08-07 13:00:00,18.6,74.0,30.1,70,30.9,karachi
2024-08-07 14:00:00,19.1,78.0,30.2,70,29.8,karachi
2024-08-07 15:00:00,18.9,77.5,30.5,69,29.5,karachi
2024-08-07 16:00:00,19.2,80.3,30.3,69,29.5,karachi
2024-08-07 17:00:00,19.9,84.1,30.0,70,29.3,karachi
2024-08-07 18:00:00,20.8,84.5,29.5,72,27.2,karachi
2024-08-07 19:00:00,21.3,77.5,28.7,77,24.8,karachi
2024-08-07 20:00:00,21.8,70.3,28.2,80,22.9,karachi
2024-08-07 21:00:00,22.5,70.3,28.1,81,21.3,karachi
2024-08-07 22:00:00,22.8,71.0,28.1,81,21.1,karachi
2024-08-07 23:00:00,23.0,72.4,28.0,82,20.6,karachi
2024-08-08 00:00:00,22.6,71.9,27.9,82,19.6,karachi
2024-08-08 01:00:00,21.8,69.4,27.9,81,20.1,karachi
2024-08-08 02:00:00,21.2,65.2,27.9,81,20.3,karachi
2024-08-08 03:00:00,22.5,67.8,28.0,80,20.2,karachi
2024-08-08 04:00:00,21.8,61.2,27.9,81,21.3,karachi
2024-08-08 05:00:00,20.7,55.6,27.8,82,21.2,karachi
2024-08-08 06:00:00,21.2,55.9,27.6,86,21.1,karachi
2024-08-08 07:00:00,22.7,59.6,28.0,84,21.3,karachi
2024-08-08 08:00:00,22.0,61.0,28.8,79,22.8,karachi
2024-08-08 09:00:00,20.6,59.1,29.6,74,23.1,karachi
2024-08-08 10:00:00,20.4,59.0,30.5,70,23.5,karachi
2024-08-08 11:00:00,19.5,56.2,31.0,67,23.5,karachi
2024-08-08 12:00:00,18.7,55.2,31.3,67,23.9,karachi
2024-08-08 13:00:00,18.0,55.6,31.3,67,25.0,karachi
2024-08-08 14:00:00,17.9,60.1,31.2,68,25.4,karachi
2024-08-08 15:00:00,17.5,63.1,31.2,68,25.1,karachi
2024-08-08 16:00:00,17.4,67.5,30.8,70,24.5,karachi
2024-08-08 17:00:00,17.5,74.0,30.4,71,23.6,karachi
2024-08-08 18:00:00,18.0,79.4,29.8,72,22.6,karachi
2024-08-08 19:00:00,18.6,83.1,29.1,75,21.7,karachi
2024-08-08 20:00:00,19.2,81.7,28.9,76,20.9,karachi
2024-08-08 21:00:00,19.7,80.1,28.9,77,19.5,karachi
2024-08-08 22:00:00,20.7,78.2,28.5,80,20.0,karachi
2024-08-08 23:00:00,21.7,78.7,28.5,81,18.8,karachi
2024-08-09 00:00:00,21.8,76.1,28.2,82,18.3,karachi
2024-08-09 01:00:00,21.2,71.9,28.1,83,17.9,karachi
2024-08-09 02:00:00,20.3,67.3,28.1,83,16.9,karachi
2024-08-09 03:00:00,19.8,64.0,28.0,84,16.3,karachi
2024-08-09 04:00:00,19.3,60.5,27.9,84,15.3,karachi
2024-08-09 05:00:00,20.3,65.9,27.9,84,14.2,karachi
2024-08-09 06:00:00,21.5,68.9,28.1,82,15.1,karachi
2024-08-09 07:00:00,23.6,79.9,28.8,79,15.9,karachi
2024-08-09 08:00:00,23.9,79.9,29.7,73,19.1,karachi
2024-08-09 09:00:00,22.8,77.5,30.5,69,21.0,karachi
2024-08-09 10:00:00,21.7,73.6,31.1,68,22.5,karachi
2024-08-09 11:00:00,20.6,68.5,31.5,66,23.4,karachi
2024-08-09 12:00:00,17.9,61.2,31.5,68,24.8,karachi
2024-08-09 13:00:00,16.1,57.5,31.7,67,26.4,karachi
2024-08-09 14:00:00,14.7,55.9,31.8,66,27.5,karachi
2024-08-09 15:00:00,14.3,58.7,31.4,68,26.9,karachi
2024-08-09 16:00:00,13.8,59.0,31.2,68,27.1,karachi
2024-08-09 17:00:00,15.5,69.6,30.9,70,28.2,karachi
2024-08-09 18:00:00,16.0,72.9,30.0,73,29.0,karachi
2024-08-09 19:00:00,16.0,71.0,29.5,75,28.8,karachi
2024-08-09 20:00:00,15.7,64.7,29.1,77,26.6,karachi
2024-08-09 21:00:00,15.1,58.0,28.9,79,24.3,karachi
2024-08-09 22:00:00,14.2,50.1,28.6,80,23.8,karachi
2024-08-09 23:00:00,13.8,44.8,28.5,81,23.1,karachi
2024-08-10 00:00:00,13.6,42.0,28.4,81,23.1,karachi
2024-08-10 01:00:00,13.9,41.2,28.3,81,23.5,karachi
2024-08-10 02:00:00,14.3,41.7,28.3,79,24.2,karachi
2024-08-10 03:00:00,14.6,41.2,28.2,79,23.7,karachi
2024-08-10 04:00:00,14.8,40.9,28.0,81,24.6,karachi
2024-08-10 05:00:00,14.8,43.5,27.9,82,24.6,karachi
2024-08-10 06:00:00,15.4,44.1,28.5,80,22.7,karachi
2024-08-10 07:00:00,16.5,47.1,28.9,78,23.4,karachi
2024-08-10 08:00:00,17.3,54.0,29.8,73,26.7,karachi
2024-08-10 09:00:00,18.0,59.6,30.7,68,27.5,karachi
2024-08-10 10:00:00,20.4,69.8,31.4,65,28.9,karachi
2024-08-10 11:00:00,20.0,69.4,31.8,64,29.2,karachi
2024-08-10 12:00:00,20.8,74.5,32.5,61,29.2,karachi
2024-08-10 13:00:00,21.8,77.5,32.8,60,31.4,karachi
2024-08-10 14:00:00,18.5,64.3,32.0,65,32.6,karachi
2024-08-10 15:00:00,17.8,61.7,31.5,68,34.1,karachi
2024-08-10 16:00:00,16.1,56.3,30.9,70,35.0,karachi
2024-08-10 17:00:00,14.6,58.2,30.5,72,34.2,karachi
2024-08-10 18:00:00,14.5,59.1,30.0,74,31.3,karachi
2024-08-10 19:00:00,13.9,56.6,29.3,77,31.0,karachi
2024-08-10 20:00:00,13.8,58.0,29.0,79,31.4,karachi
2024-08-10 21:00:00,13.8,56.1,28.8,81,30.3,karachi
2024-08-10 22:00:00,13.8,55.6,28.6,82,28.8,karachi
2024-08-10 23:00:00,13.8,55.6,28.4,83,28.2,karachi
2024-08-11 00:00:00,13.5,53.1,28.2,84,28.4,karachi
2024-08-11 01:00:00,13.4,49.5,28.0,85,27.8,karachi
2024-08-11 02:00:00,13.7,46.7,27.9,86,26.5,karachi
2024-08-11 03:00:00,16.2,53.6,27.6,87,27.7,karachi
2024-08-11 04:00:00,15.3,43.7,27.6,86,26.6,karachi
2024-08-11 05:00:00,15.3,44.2,27.6,87,27.2,karachi
2024-08-11 06:00:00,15.7,43.0,27.5,88,27.5,karachi
2024-08-11 07:00:00,16.4,43.7,28.0,84,28.9,karachi
2024-08-11 08:00:00,16.9,47.8,28.5,80,31.8,karachi
2024-08-11 09:00:00,16.5,48.1,29.4,76,33.7,karachi
2024-08-11 10:00:00,15.9,49.4,30.1,72,33.7,karachi
2024-08-11 11:00:00,18.0,59.8,30.8,70,34.7,karachi
2024-08-11 12:00:00,16.2,52.7,31.0,70,34.4,karachi
2024-08-11 13:00:00,17.0,55.2,31.6,67,34.2,karachi
2024-08-11 14:00:00,17.1,56.9,31.0,69,33.9,karachi
2024-08-11 15:00:00,17.2,57.2,30.6,71,34.3,karachi
2024-08-11 16:00:00,16.2,55.1,30.2,72,33.9,karachi
2024-08-11 17:00:00,16.3,59.1,29.9,75,32.5,karachi
2024-08-11 18:00:00,15.7,56.9,29.3,77,30.3,karachi
2024-08-11 19:00:00,16.4,60.8,28.8,80,30.4,karachi
2024-08-11 20:00:00,15.6,55.1,28.5,81,27.7,karachi
2024-08-11 21:00:00,15.1,54.1,28.4,82,24.5,karachi
2024-08-11 22:00:00,15.3,52.7,28.3,83,22.1,karachi
2024-08-11 23:00:00,15.5,54.1,28.2,84,21.8,karachi
2024-08-12 00:00:00,15.7,56.8,28.0,85,22.6,karachi
2024-08-12 01:00:00,15.7,59.8,27.6,87,21.3,karachi
2024-08-12 02:00:00,16.0,65.9,27.6,87,20.9,karachi
2024-08-12 03:00:00,17.4,79.2,27.7,87,20.2,karachi
2024-08-12 04:00:00,20.0,93.4,27.5,88,18.1,karachi
2024-08-12 05:00:00,19.2,84.1,27.5,89,18.2,karachi
2024-08-12 06:00:00,19.7,85.7,27.7,90,19.2,karachi
2024-08-12 07:00:00,21.1,90.8,28.1,87,20.1,karachi
2024-08-12 08:00:00,21.4,103.4,29.0,81,22.7,karachi
2024-08-12 09:00:00,21.8,107.6,29.5,78,25.3,karachi
2024-08-12 10:00:00,32.2,172.8,30.0,76,25.7,karachi
2024-08-12 11:00:00,19.6,96.4,30.3,74,27.0,karachi
2024-08-12 12:00:00,19.6,98.0,30.1,74,26.4,karachi
2024-08-12 13:00:00,18.7,92.7,30.4,74,27.1,karachi
2024-08-12 14:00:00,18.1,88.9,30.5,73,27.2,karachi
2024-08-12 15:00:00,17.5,86.8,30.9,72,26.8,karachi
2024-08-12 16:00:00,19.3,98.5,30.4,74,26.9,karachi
2024-08-12 17:00:00,17.2,86.6,29.9,76,25.3,karachi
2024-08-12 18:00:00,16.8,81.5,29.3,78,22.3,karachi
2024-08-12 19:00:00,16.7,76.6,29.0,80,19.8,karachi
2024-08-12 20:00:00,16.8,73.6,28.8,82,17.1,karachi
2024-08-12 21:00:00,16.8,72.6,28.6,83,14.8,karachi
2024-08-12 22:00:00,17.1,71.9,28.4,85,13.1,karachi
2024-08-12 23:00:00,17.7,68.2,28.3,86,14.7,karachi
2024-08-13 00:00:00,17.3,66.1,28.0,87,14.9,karachi
2024-08-13 01:00:00,17.0,63.3,28.0,88,14.0,karachi
2024-08-13 02:00:00,16.8,60.3,28.0,88,14.2,karachi
2024-08-13 03:00:00,16.2,55.3,27.9,89,14.6,karachi
2024-08-13 04:00:00,15.7,50.5,27.9,89,12.8,karachi
2024-08-13 05:00:00,15.4,51.9,27.8,89,13.4,karachi
2024-08-13 06:00:00,15.3,51.8,27.9,88,11.5,karachi
2024-08-13 07:00:00,15.4,57.3,28.5,85,13.7,karachi
2024-08-13 08:00:00,15.8,61.9,29.5,79,15.8,karachi
2024-08-13 09:00:00,16.3,65.2,30.0,76,15.1,karachi
2024-08-13 10:00:00,16.6,67.5,30.5,73,14.7,karachi
2024-08-13 11:00:00,17.9,73.1,31.0,72,16.1,karachi
2024-08-13 12:00:00,18.9,77.8,31.3,72,18.7,karachi
2024-08-13 13:00:00,19.2,82.2,31.0,73,21.6,karachi
2024-08-13 14:00:00,18.3,85.7,31.2,72,21.1,karachi
2024-08-13 15:00:00,17.6,92.7,31.9,69,22.6,karachi
2024-08-13 16:00:00,17.4,104.3,31.6,70,23.2,karachi
2024-08-13 17:00:00,18.5,123.4,31.0,72,22.4,karachi
2024-08-13 18:00:00,18.2,135.5,29.8,76,19.7,karachi
2024-08-13 19:00:00,17.9,141.1,29.1,80,18.8,karachi
2024-08-13 20:00:00,18.0,143.0,28.9,82,18.5,karachi
2024-08-13 21:00:00,17.6,141.6,28.6,83,18.1,karachi
2024-08-13 22:00:00,17.1,134.1,28.5,84,16.9,karachi
2024-08-13 23:00:00,16.3,121.5,28.4,85,15.8,karachi
2024-08-14 00:00:00,15.5,111.3,28.1,86,14.7,karachi
2024-08-14 01:00:00,15.2,107.8,27.9,88,13.8,karachi
2024-08-14 02:00:00,15.1,100.8,27.6,89,14.8,karachi
2024-08-14 03:00:00,15.7,95.7,27.6,88,15.0,karachi
2024-08-14 04:00:00,16.2,94.5,27.5,89,16.4,karachi
2024-08-14 05:00:00,15.9,94.3,27.4,89,16.3,karachi
2024-08-14 06:00:00,17.1,101.7,27.5,90,14.0,karachi
2024-08-14 07:00:00,18.7,123.4,28.0,86,15.6,karachi
2024-08-14 08:00:00,19.3,134.1,29.0,80,17.3,karachi
2024-08-14 09:00:00,20.7,156.0,30.3,72,17.3,karachi
2024-08-14 10:00:00,22.5,162.5,31.5,66,16.9,karachi
2024-08-14 11:00:00,22.8,156.0,32.2,64,18.7,karachi
2024-08-14 12:00:00,21.6,144.4,31.8,67,21.7,karachi
2024-08-14 13:00:00,20.6,136.4,31.7,68,23.4,karachi
2024-08-14 14:00:00,20.6,137.4,31.5,69,23.5,karachi
2024-08-14 15:00:00,20.1,131.3,31.3,71,23.2,karachi
2024-08-14 16:00:00,19.2,122.9,30.9,73,23.4,karachi
2024-08-14 17:00:00,19.2,119.2,30.9,72,23.3,karachi
2024-08-14 18:00:00,18.4,112.0,30.0,74,20.6,karachi
2024-08-14 19:00:00,17.8,103.8,29.4,77,20.6,karachi
2024-08-14 20:00:00,17.6,98.5,29.0,79,20.5,karachi
2024-08-14 21:00:00,17.6,96.9,28.9,80,20.0,karachi
2024-08-14 22:00:00,17.6,93.6,28.8,80,20.3,karachi
2024-08-14 23:00:00,17.6,90.8,28.8,80,20.1,karachi
2024-08-15 00:00:00,17.5,80.6,28.5,82,20.0,karachi
2024-08-15 01:00:00,16.9,72.2,28.2,84,20.8,karachi
2024-08-15 02:00:00,16.2,64.7,28.1,84,21.3,karachi
2024-08-15 03:00:00,15.9,61.7,28.0,86,20.2,karachi
2024-08-15 04:00:00,16.1,62.9,27.8,87,18.7,karachi
2024-08-15 05:00:00,16.9,62.2,27.5,89,18.0,karachi
2024-08-15 06:00:00,17.6,67.3,28.0,87,18.5,karachi
2024-08-15 07:00:00,18.3,78.7,28.0,87,16.3,karachi
2024-08-15 08:00:00,18.2,88.9,28.2,86,17.3,karachi
2024-08-15 09:00:00,18.8,95.0,28.6,84,18.8,karachi
2024-08-15 10:00:00,19.2,97.1,29.6,78,19.6,karachi
2024-08-15 11:00:00,20.0,97.1,30.7,73,19.8,karachi
2024-08-15 12:00:00,20.7,97.3,31.4,70,21.4,karachi
2024-08-15 13:00:00,20.6,93.6,32.0,67,23.3,karachi
2024-08-15 14:00:00,20.9,91.3,31.8,68,24.8,karachi
2024-08-15 15:00:00,21.0,90.8,31.0,71,25.6,karachi
2024-08-15 16:00:00,21.0,91.0,30.9,71,25.1,karachi
2024-08-15 17:00:00,20.1,87.3,30.2,75,25.7,karachi
2024-08-15 18:00:00,20.8,91.0,29.5,77,24.1,karachi
2024-08-15 19:00:00,21.1,90.8,28.9,80,22.8,karachi
2024-08-15 20:00:00,20.9,86.6,28.5,82,22.4,karachi
2024-08-15 21:00:00,20.2,81.3,28.5,82,21.3,karachi
2024-08-15 22:00:00,19.3,74.0,28.4,83,20.9,karachi
2024-08-15 23:00:00,18.7,67.1,28.2,83,18.9,karachi
2024-08-16 00:00:00,18.1,61.7,28.0,85,17.4,karachi
2024-08-16 01:00:00,17.6,57.2,27.8,87,16.4,karachi
2024-08-16 02:00:00,17.1,54.6,27.6,87,17.9,karachi
2024-08-16 03:00:00,17.5,54.8,27.5,88,17.2,karachi
2024-08-16 04:00:00,17.4,54.5,27.5,88,16.9,karachi
2024-08-16 05:00:00,16.8,53.9,27.2,89,17.3,karachi
2024-08-16 06:00:00,18.0,57.5,27.4,87,18.4,karachi
2024-08-16 07:00:00,19.3,62.9,27.5,86,16.3,karachi
2024-08-16 08:00:00,19.8,70.1,27.8,85,16.4,karachi
2024-08-16 09:00:00,20.8,76.8,28.2,83,19.0,karachi
2024-08-16 10:00:00,21.4,78.7,28.6,81,19.4,karachi
2024-08-16 11:00:00,21.5,77.3,29.3,77,22.6,karachi
2024-08-16 12:00:00,23.4,85.7,30.1,73,20.4,karachi
2024-08-16 13:00:00,23.0,82.0,30.5,71,24.1,karachi
2024-08-16 14:00:00,22.8,80.1,31.2,68,23.7,karachi
2024-08-16 15:00:00,20.7,71.9,30.7,70,25.2,karachi
2024-08-16 16:00:00,20.0,70.1,30.5,71,23.5,karachi
2024-08-16 17:00:00,18.7,64.5,30.4,71,23.0,karachi
2024-08-16 18:00:00,18.9,65.2,29.3,74,18.7,karachi
2024-08-16 19:00:00,18.4,61.5,28.8,77,19.1,karachi
2024-08-16 20:00:00,17.8,58.6,28.5,79,16.6,karachi
2024-08-16 21:00:00,17.6,57.2,28.4,80,16.9,karachi
2024-08-16 22:00:00,17.7,57.6,28.4,80,15.9,karachi
2024-08-16 23:00:00,17.8,56.8,28.3,80,15.6,karachi
2024-08-17 00:00:00,17.5,55.1,28.1,81,14.3,karachi
2024-08-17 01:00:00,17.2,53.4,28.1,82,16.9,karachi
2024-08-17 02:00:00,17.1,52.5,27.9,83,14.2,karachi
2024-08-17 03:00:00,17.0,52.3,27.8,84,11.5,karachi
2024-08-17 04:00:00,17.2,53.2,27.8,84,14.3,karachi
2024-08-17 05:00:00,19.0,63.1,27.6,85,11.7,karachi
2024-08-17 06:00:00,19.1,67.5,27.6,84,10.8,karachi
2024-08-17 07:00:00,20.1,71.5,28.1,81,13.2,karachi
2024-08-17 08:00:00,20.7,78.9,28.9,76,15.0,karachi
2024-08-17 09:00:00,23.5,95.2,29.6,73,16.6,karachi
2024-08-17 10:00:00,22.8,90.1,29.9,71,16.8,karachi
2024-08-17 11:00:00,22.8,89.9,30.7,68,17.3,karachi
2024-08-17 12:00:00,21.7,87.5,30.9,68,19.3,karachi
2024-08-17 13:00:00,21.4,87.3,30.4,71,19.2,karachi
2024-08-17 14:00:00,21.1,88.5,30.6,70,17.2,karachi
2024-08-17 15:00:00,23.3,100.4,30.3,71,19.0,karachi
2024-08-17 16:00:00,22.1,94.8,30.6,70,18.0,karachi
2024-08-17 17:00:00,20.9,82.4,29.8,74,19.2,karachi
2024-08-17 18:00:00,21.9,88.5,29.0,77,17.1,karachi
2024-08-17 19:00:00,21.8,86.8,28.6,79,16.3,karachi
2024-08-17 20:00:00,22.5,85.9,28.6,79,15.5,karachi
2024-08-17 21:00:00,22.8,85.9,28.5,80,17.3,karachi
2024-08-17 22:00:00,22.8,84.3,28.4,81,18.9,karachi
2024-08-17 23:00:00,22.5,78.7,28.4,81,18.4,karachi
2024-08-18 00:00:00,21.4,72.6,28.1,83,16.8,karachi
2024-08-18 01:00:00,21.1,68.9,27.9,85,17.3,karachi
2024-08-18 02:00:00,20.3,64.5,27.8,85,16.8,karachi
2024-08-18 03:00:00,19.2,58.6,27.6,85,14.7,karachi
2024-08-18 04:00:00,18.5,56.7,27.6,85,16.3,karachi
2024-08-18 05:00:00,18.5,59.8,27.4,86,14.5,karachi
2024-08-18 06:00:00,18.3,63.1,27.7,84,14.2,karachi
2024-08-18 07:00:00,19.3,75.0,28.0,82,15.7,karachi
2024-08-18 08:00:00,20.2,81.0,28.6,78,17.4,karachi
2024-08-18 09:00:00,20.6,82.9,29.3,75,16.5,karachi
2024-08-18 10:00:00,20.5,84.5,30.1,71,18.2,karachi
2024-08-18 11:00:00,22.3,91.5,31.0,67,20.6,karachi
2024-08-18 12:00:00,20.5,84.1,31.0,67,21.8,karachi
2024-08-18 13:00:00,19.7,77.8,31.6,67,22.9,karachi
2024-08-18 14:00:00,19.4,74.3,31.1,69,25.2,karachi
2024-08-18 15:00:00,19.2,71.7,31.0,68,24.9,karachi
2024-08-18 16:00:00,19.0,69.4,30.9,69,24.5,karachi
2024-08-18 17:00:00,21.8,86.6,30.4,71,22.4,karachi
2024-08-18 18:00:00,23.7,91.0,28.9,76,16.9,karachi
2024-08-18 19:00:00,21.4,75.0,28.3,80,16.3,karachi
2024-08-18 20:00:00,20.3,67.8,28.1,81,15.4,karachi
2024-08-18 21:00:00,19.6,63.3,28.1,81,14.5,karachi
2024-08-18 22:00:00,19.6,60.5,28.1,81,13.2,karachi
2024-08-18 23:00:00,19.9,58.7,28.0,82,14.8,karachi
2024-08-19 00:00:00,20.1,57.5,27.8,83,13.8,karachi
2024-08-19 01:00:00,19.7,55.9,27.6,85,12.8,karachi
2024-08-19 02:00:00,19.0,53.6,27.5,85,13.8,karachi
2024-08-19 03:00:00,17.8,50.9,27.5,85,13.8,karachi
2024-08-19 04:00:00,16.8,46.1,27.3,85,13.0,karachi
2024-08-19 05:00:00,17.3,53.0,27.3,85,12.9,karachi
2024-08-19 06:00:00,17.3,53.6,27.4,84,12.8,karachi
2024-08-19 07:00:00,18.5,59.1,27.6,83,13.9,karachi
2024-08-19 08:00:00,19.2,62.6,28.5,78,16.9,karachi
2024-08-19 09:00:00,19.3,64.0,29.4,74,19.0,karachi
2024-08-19 10:00:00,19.5,64.5,30.0,71,20.7,karachi
2024-08-19 11:00:00,19.7,64.0,29.9,71,21.1,karachi
2024-08-19 12:00:00,20.2,65.7,30.4,70,21.6,karachi
2024-08-19 13:00:00,18.2,58.4,31.1,67,23.0,karachi
2024-08-19 14:00:00,19.3,61.7,31.0,68,22.5,karachi
2024-08-19 15:00:00,16.4,50.8,31.0,68,24.2,karachi
2024-08-19 16:00:00,15.6,46.4,30.9,68,25.1,karachi
2024-08-19 17:00:00,16.9,55.4,30.1,71,24.7,karachi
2024-08-19 18:00:00,16.6,52.5,29.5,73,20.2,karachi
2024-08-19 19:00:00,16.4,47.3,29.0,75,19.6,karachi
2024-08-19 20:00:00,16.4,44.2,28.8,76,19.3,karachi
2024-08-19 21:00:00,16.4,43.3,28.5,78,18.3,karachi
2024-08-19 22:00:00,16.5,42.8,28.5,78,17.2,karachi
2024-08-19 23:00:00,17.2,43.2,28.2,80,17.1,karachi
2024-08-20 00:00:00,17.5,44.0,28.0,82,16.5,karachi
2024-08-20 01:00:00,17.7,44.2,27.8,83,16.4,karachi
2024-08-20 02:00:00,17.6,44.1,27.6,84,17.8,karachi
2024-08-20 03:00:00,17.1,42.7,27.5,85,18.1,karachi
2024-08-20 04:00:00,16.6,42.1,27.3,86,19.0,karachi
2024-08-20 05:00:00,16.5,41.3,27.0,88,19.4,karachi
2024-08-20 06:00:00,16.6,43.3,27.4,83,18.5,karachi
2024-08-20 07:00:00,17.5,45.9,27.6,81,20.4,karachi
2024-08-20 08:00:00,17.5,47.0,28.5,76,23.1,karachi
2024-08-20 09:00:00,17.1,47.6,29.4,72,25.3,karachi
2024-08-20 10:00:00,16.6,47.0,30.0,69,26.2,karachi
2024-08-20 11:00:00,16.7,46.6,30.5,67,25.9,karachi
2024-08-20 12:00:00,15.8,44.4,31.3,64,26.5,karachi
2024-08-20 13:00:00,15.9,45.6,31.5,64,27.2,karachi
2024-08-20 14:00:00,15.4,44.1,31.4,65,26.8,karachi
2024-08-20 15:00:00,15.1,43.7,31.9,63,26.3,karachi
2024-08-20 16:00:00,15.3,43.5,31.6,64,25.6,karachi
2024-08-20 17:00:00,15.6,43.9,30.8,67,24.3,karachi
2024-08-20 18:00:00,15.7,42.8,30.1,70,22.8,karachi
2024-08-20 19:00:00,15.9,40.5,29.5,72,22.2,karachi
2024-08-20 20:00:00,16.0,39.2,29.2,74,23.9,karachi
2024-08-20 21:00:00,15.9,38.1,29.0,74,24.3,karachi
2024-08-20 22:00:00,15.9,36.6,28.9,75,23.9,karachi
2024-08-20 23:00:00,16.0,35.6,28.7,77,21.7,karachi
2024-08-21 00:00:00,15.8,34.8,28.5,78,20.6,karachi
2024-08-21 01:00:00,15.3,33.3,28.4,79,21.1,karachi
2024-08-21 02:00:00,14.9,32.4,28.1,80,21.6,karachi
2024-08-21 03:00:00,14.8,31.8,28.0,81,19.7,karachi
2024-08-21 04:00:00,15.1,32.0,27.8,82,20.9,karachi
2024-08-21 05:00:00,15.8,33.5,27.6,83,19.4,karachi
2024-08-21 06:00:00,15.9,34.2,27.8,80,25.2,karachi
2024-08-21 07:00:00,16.9,37.1,27.9,80,25.9,karachi
2024-08-21 08:00:00,17.1,40.7,28.5,78,23.5,karachi
2024-08-21 09:00:00,16.6,41.8,29.4,73,23.5,karachi
2024-08-21 10:00:00,16.5,43.2,30.5,68,24.2,karachi
2024-08-21 11:00:00,16.1,43.9,30.9,66,23.8,karachi
2024-08-21 12:00:00,16.1,45.2,31.4,65,25.0,karachi
2024-08-21 13:00:00,20.7,65.0,31.6,64,25.5,karachi
2024-08-21 14:00:00,15.9,46.6,31.6,64,25.8,karachi
2024-08-21 15:00:00,15.3,45.3,31.1,66,25.3,karachi
2024-08-21 16:00:00,14.8,43.4,30.6,69,26.5,karachi
2024-08-21 17:00:00,16.5,50.6,30.1,72,26.3,karachi
2024-08-21 18:00:00,17.2,51.5,29.9,72,22.6,karachi
2024-08-21 19:00:00,17.9,52.7,29.2,76,22.4,karachi
2024-08-21 20:00:00,18.7,55.4,29.0,77,21.4,karachi
2024-08-21 21:00:00,19.2,57.5,28.8,77,19.8,karachi
2024-08-21 22:00:00,19.3,58.0,28.7,77,18.2,karachi
2024-08-21 23:00:00,19.5,58.9,28.7,77,17.9,karachi
2024-08-22 00:00:00,19.5,59.6,28.5,78,16.6,karachi
2024-08-22 01:00:00,19.7,60.5,28.2,80,16.6,karachi
2024-08-22 02:00:00,20.2,60.8,27.9,82,16.2,karachi
2024-08-22 03:00:00,20.6,60.8,27.8,82,17.2,karachi
2024-08-22 04:00:00,20.7,59.8,27.7,83,18.1,karachi
2024-08-22 05:00:00,19.3,54.6,27.5,84,18.5,karachi
2024-08-22 06:00:00,19.0,56.6,27.8,82,19.4,karachi
2024-08-22 07:00:00,19.4,59.1,28.0,81,20.6,karachi
2024-08-22 08:00:00,19.5,63.8,29.0,75,20.3,karachi
2024-08-22 09:00:00,19.2,68.2,30.3,68,20.5,karachi
2024-08-22 10:00:00,19.3,74.0,31.3,64,21.6,karachi
2024-08-22 11:00:00,19.5,78.5,32.2,61,22.5,karachi
2024-08-22 12:00:00,20.0,85.2,33.0,57,21.3,karachi
2024-08-22 13:00:00,20.6,90.1,33.4,55,21.1,karachi
2024-08-22 14:00:00,20.8,89.4,33.2,55,23.1,karachi
2024-08-22 15:00:00,20.7,81.5,32.8,57,24.9,karachi
2024-08-22 16:00:00,20.4,79.2,32.5,58,24.1,karachi
2024-08-22 17:00:00,17.9,65.9,31.8,60,23.4,karachi
2024-08-22 18:00:00,17.1,61.7,30.9,65,21.9,karachi
2024-08-22 19:00:00,16.2,51.7,29.9,70,23.7,karachi
2024-08-22 20:00:00,15.7,43.3,29.8,72,23.2,karachi
2024-08-22 21:00:00,15.6,40.5,29.4,75,21.3,karachi
2024-08-22 22:00:00,15.9,40.3,29.2,75,20.6,karachi
2024-08-22 23:00:00,16.4,41.1,29.1,76,20.6,karachi
2024-08-23 00:00:00,16.7,41.3,28.6,79,21.6,karachi
2024-08-23 01:00:00,16.8,41.8,28.2,82,20.9,karachi
2024-08-23 02:00:00,17.1,42.6,28.0,83,18.9,karachi
2024-08-23 03:00:00,17.2,42.8,27.9,84,16.9,karachi
2024-08-23 04:00:00,17.4,44.2,27.8,84,16.9,karachi
2024-08-23 05:00:00,16.4,44.1,27.6,85,15.8,karachi
2024-08-23 06:00:00,17.1,50.1,28.0,82,18.4,karachi
2024-08-23 07:00:00,18.0,52.6,28.1,81,18.9,karachi
2024-08-23 08:00:00,18.8,60.3,29.3,75,21.3,karachi
2024-08-23 09:00:00,19.5,72.4,30.8,67,21.6,karachi
2024-08-23 10:00:00,19.9,83.4,31.9,61,23.6,karachi
2024-08-23 11:00:00,20.9,93.8,32.5,59,24.6,karachi
2024-08-23 12:00:00,22.1,102.4,32.0,62,26.5,karachi
2024-08-23 13:00:00,22.5,102.9,32.4,60,26.0,karachi
2024-08-23 14:00:00,22.5,102.0,32.4,60,24.9,karachi
2024-08-23 15:00:00,22.0,95.2,32.5,59,25.8,karachi
2024-08-23 16:00:00,21.5,90.1,31.7,64,27.7,karachi
2024-08-23 17:00:00,15.7,64.3,30.9,68,26.8,karachi
2024-08-23 18:00:00,15.4,56.9,29.9,71,22.3,karachi
2024-08-23 19:00:00,14.9,50.5,29.1,74,19.0,karachi
2024-08-23 20:00:00,14.7,46.9,28.8,78,19.8,karachi
2024-08-23 21:00:00,14.7,45.5,28.6,79,20.6,karachi
2024-08-23 22:00:00,14.9,45.1,28.5,80,19.5,karachi
2024-08-23 23:00:00,15.4,46.2,28.4,80,19.8,karachi
2024-08-24 00:00:00,16.1,49.4,28.1,81,18.5,karachi
2024-08-24 01:00:00,17.4,51.9,27.8,83,17.9,karachi
2024-08-24 02:00:00,17.2,49.7,27.6,84,19.1,karachi
2024-08-24 03:00:00,17.0,49.2,27.4,85,18.0,karachi
2024-08-24 04:00:00,17.2,50.4,27.4,85,17.1,karachi
2024-08-24 05:00:00,15.9,49.7,27.1,86,17.1,karachi
2024-08-24 06:00:00,16.9,58.3,27.6,85,18.9,karachi
2024-08-24 07:00:00,18.3,65.0,27.9,84,19.7,karachi
2024-08-24 08:00:00,19.6,76.1,29.0,77,22.2,karachi
2024-08-24 09:00:00,20.3,85.7,30.3,70,23.7,karachi
2024-08-24 10:00:00,21.0,96.9,31.4,64,25.3,karachi
2024-08-24 11:00:00,22.0,105.5,32.0,61,24.5,karachi
2024-08-24 12:00:00,22.9,105.9,32.0,61,23.4,karachi
2024-08-24 13:00:00,23.3,103.8,32.5,60,24.2,karachi
2024-08-24 14:00:00,23.7,104.3,32.7,59,25.6,karachi
2024-08-24 15:00:00,24.0,101.5,32.1,62,27.7,karachi
2024-08-24 16:00:00,24.2,99.4,31.6,63,28.3,karachi
2024-08-24 17:00:00,24.1,99.0,30.5,71,28.3,karachi
2024-08-24 18:00:00,24.4,95.5,29.4,73,26.2,karachi
2024-08-24 19:00:00,24.6,88.0,28.7,76,22.0,karachi
2024-08-24 20:00:00,24.5,85.0,28.5,79,18.8,karachi
2024-08-24 21:00:00,24.3,82.2,28.4,79,19.8,karachi
2024-08-24 22:00:00,24.2,81.0,28.4,79,17.7,karachi
2024-08-24 23:00:00,24.1,82.0,28.2,79,19.3,karachi
2024-08-25 00:00:00,23.9,84.3,28.1,80,21.6,karachi
2024-08-25 01:00:00,24.0,86.1,28.0,81,22.8,karachi
2024-08-25 02:00:00,23.9,80.1,27.8,82,23.3,karachi
2024-08-25 03:00:00,23.7,78.9,27.5,84,21.4,karachi
2024-08-25 04:00:00,23.4,78.2,27.4,85,23.3,karachi
2024-08-25 05:00:00,22.6,74.0,27.2,86,24.6,karachi
2024-08-25 06:00:00,22.9,79.9,27.5,84,25.1,karachi
2024-08-25 07:00:00,23.1,82.2,27.8,83,24.5,karachi
2024-08-25 08:00:00,23.6,88.7,28.6,77,25.1,karachi
2024-08-25 09:00:00,23.9,92.0,29.9,70,24.4,karachi
2024-08-25 10:00:00,24.5,94.8,31.4,63,24.6,karachi
2024-08-25 11:00:00,25.1,96.9,31.9,60,25.6,karachi
2024-08-25 12:00:00,25.7,100.4,32.5,59,26.6,karachi
2024-08-25 13:00:00,25.8,100.6,33.0,56,27.0,karachi
2024-08-25 14:00:00,25.8,99.2,32.5,58,28.8,karachi
2024-08-25 15:00:00,25.3,93.6,32.0,62,29.2,karachi
2024-08-25 16:00:00,24.4,87.1,31.4,65,29.9,karachi
2024-08-25 17:00:00,22.9,75.0,30.5,69,27.8,karachi
2024-08-25 18:00:00,22.5,70.5,29.5,73,27.0,karachi
2024-08-25 19:00:00,22.2,65.7,28.5,77,25.2,karachi
2024-08-25 20:00:00,22.3,65.2,28.5,78,23.2,karachi
2024-08-25 21:00:00,22.2,65.4,28.4,78,22.8,karachi
2024-08-25 22:00:00,22.4,65.2,28.2,79,23.8,karachi
2024-08-25 23:00:00,22.4,63.1,28.1,80,25.6,karachi
2024-08-26 00:00:00,22.2,61.0,27.9,81,24.8,karachi
2024-08-26 01:00:00,21.4,55.4,27.6,83,21.6,karachi
2024-08-26 02:00:00,21.0,54.9,27.5,83,18.7,karachi
2024-08-26 03:00:00,19.9,51.9,27.4,84,20.3,karachi
2024-08-26 04:00:00,19.0,50.1,27.1,85,21.9,karachi
2024-08-26 05:00:00,18.0,53.0,27.0,86,23.1,karachi
2024-08-26 06:00:00,17.9,53.8,27.3,85,21.2,karachi
2024-08-26 07:00:00,18.3,56.3,27.5,84,23.7,karachi
2024-08-26 08:00:00,19.1,60.8,28.6,78,23.5,karachi
2024-08-26 09:00:00,19.8,65.4,30.0,70,24.9,karachi
2024-08-26 10:00:00,20.9,70.5,31.1,65,26.9,karachi
2024-08-26 11:00:00,22.2,76.6,32.0,60,27.0,karachi
2024-08-26 12:00:00,23.6,82.2,32.8,56,29.1,karachi
2024-08-26 13:00:00,24.6,87.3,33.0,57,30.8,karachi
2024-08-26 14:00:00,25.0,89.6,33.0,57,31.1,karachi
2024-08-26 15:00:00,25.0,89.6,33.2,56,30.6,karachi
2024-08-26 16:00:00,24.2,83.8,32.5,58,29.9,karachi
2024-08-26 17:00:00,26.2,88.2,31.6,63,25.6,karachi
2024-08-26 18:00:00,23.1,81.7,30.2,70,25.0,karachi
2024-08-26 19:00:00,20.7,73.3,29.3,74,20.5,karachi
2024-08-26 20:00:00,19.8,68.9,29.1,80,17.6,karachi
2024-08-26 21:00:00,19.0,63.1,29.0,82,16.6,karachi
2024-08-26 22:00:00,18.7,61.2,28.8,83,14.7,karachi
2024-08-26 23:00:00,20.0,64.7,28.5,84,19.2,karachi
2024-08-27 00:00:00,20.5,66.8,28.2,86,16.9,karachi
2024-08-27 01:00:00,19.8,65.2,28.0,86,17.3,karachi
2024-08-27 02:00:00,18.0,61.2,27.9,87,19.7,karachi
2024-08-27 03:00:00,15.5,57.0,27.5,89,19.8,karachi
2024-08-27 04:00:00,14.5,58.2,27.5,89,22.3,karachi
2024-08-27 05:00:00,16.5,59.8,27.1,89,14.8,karachi
2024-08-27 06:00:00,17.2,62.2,27.4,90,14.4,karachi
2024-08-27 07:00:00,18.5,62.9,27.7,88,17.4,karachi
2024-08-27 08:00:00,20.7,68.2,28.5,84,12.8,karachi
2024-08-27 09:00:00,22.8,69.8,29.9,80,11.5,karachi
2024-08-27 10:00:00,25.1,67.1,30.5,76,11.0,karachi
2024-08-27 11:00:00,27.5,58.7,31.2,72,12.5,karachi
2024-08-27 12:00:00,26.8,50.3,31.5,70,18.6,karachi
2024-08-27 13:00:00,24.9,43.9,33.3,61,19.5,karachi
2024-08-27 14:00:00,23.7,39.6,33.0,63,17.2,karachi
2024-08-27 15:00:00,21.9,36.2,31.8,68,13.6,karachi
2024-08-27 16:00:00,22.9,39.9,30.8,72,10.7,karachi
2024-08-27 17:00:00,19.6,31.7,30.1,75,17.6,karachi
2024-08-27 18:00:00,20.7,37.0,27.8,87,19.7,karachi
2024-08-27 19:00:00,24.1,44.8,27.5,92,15.8,karachi
2024-08-27 20:00:00,23.3,42.4,27.4,89,17.9,karachi
2024-08-27 21:00:00,21.0,36.2,27.1,92,14.5,karachi
2024-08-27 22:00:00,17.4,28.2,27.2,92,19.3,karachi
2024-08-27 23:00:00,16.1,27.6,27.1,92,15.6,karachi
2024-08-28 00:00:00,15.9,29.6,27.1,93,13.2,karachi
2024-08-28 01:00:00,15.4,27.4,26.5,93,20.1,karachi
2024-08-28 02:00:00,14.1,22.8,26.6,94,20.7,karachi
2024-08-28 03:00:00,12.7,19.0,27.0,92,19.9,karachi
2024-08-28 04:00:00,11.7,16.6,27.4,90,19.9,karachi
2024-08-28 05:00:00,9.1,13.1,27.3,90,20.2,karachi
2024-08-28 06:00:00,8.9,12.8,27.0,88,20.4,karachi
2024-08-28 07:00:00,11.3,17.2,27.1,93,18.2,karachi
2024-08-28 08:00:00,12.2,17.6,27.7,90,17.4,karachi
2024-08-28 09:00:00,10.7,15.4,28.1,88,17.3,karachi
2024-08-28 10:00:00,10.4,15.0,29.0,79,20.7,karachi
2024-08-28 11:00:00,9.7,13.9,29.2,77,20.8,karachi
2024-08-28 12:00:00,8.4,12.0,29.2,77,20.0,karachi
2024-08-28 13:00:00,7.6,10.9,28.4,78,23.0,karachi
2024-08-28 14:00:00,7.3,10.6,28.1,81,19.4,karachi
2024-08-28 15:00:00,7.9,11.4,27.5,84,18.5,karachi
2024-08-28 16:00:00,9.0,13.0,27.5,83,17.6,karachi
2024-08-28 17:00:00,12.9,19.5,27.3,85,18.1,karachi
2024-08-28 18:00:00,13.1,19.3,27.5,82,18.6,karachi
2024-08-28 19:00:00,13.2,19.4,27.5,81,17.2,karachi
2024-08-28 20:00:00,13.6,20.3,27.5,83,16.5,karachi
2024-08-28 21:00:00,14.1,21.2,27.0,93,10.1,karachi
2024-08-28 22:00:00,14.6,21.9,26.8,94,7.8,karachi
2024-08-28 23:00:00,15.3,22.6,26.6,94,10.6,karachi
2024-08-29 00:00:00,14.7,21.8,26.7,92,17.2,karachi
2024-08-29 01:00:00,13.7,20.2,26.6,90,17.6,karachi
2024-08-29 02:00:00,12.2,18.1,27.0,93,21.4,karachi
2024-08-29 03:00:00,10.8,16.2,27.0,95,21.5,karachi
2024-08-29 04:00:00,9.9,15.2,27.0,95,20.8,karachi
2024-08-29 05:00:00,8.6,14.3,26.9,96,21.6,karachi
2024-08-29 06:00:00,8.8,15.2,26.8,94,23.0,karachi
2024-08-29 07:00:00,10.3,18.8,26.8,93,23.1,karachi
2024-08-29 08:00:00,12.9,24.0,27.2,91,19.5,karachi
2024-08-29 09:00:00,13.3,25.6,27.2,90,20.0,karachi
2024-08-29 10:00:00,14.1,28.3,27.7,89,24.2,karachi
2024-08-29 11:00:00,15.0,28.1,28.9,82,25.8,karachi
2024-08-29 12:00:00,15.8,29.4,29.6,78,25.0,karachi
2024-08-29 13:00:00,16.9,31.1,29.8,76,20.9,karachi
2024-08-29 14:00:00,17.6,32.2,29.3,80,18.1,karachi
2024-08-29 15:00:00,18.5,34.5,28.2,85,20.7,karachi
2024-08-29 16:00:00,18.0,35.2,27.8,87,20.6,karachi
2024-08-29 17:00:00,21.0,44.1,27.8,89,17.2,karachi
2024-08-29 18:00:00,21.0,43.3,27.9,87,17.6,karachi
2024-08-29 19:00:00,21.0,40.9,27.5,89,16.0,karachi
2024-08-29 20:00:00,21.3,39.7,27.5,89,16.3,karachi
2024-08-29 21:00:00,21.4,38.4,27.1,90,12.4,karachi
2024-08-29 22:00:00,19.2,32.2,27.0,91,11.2,karachi
2024-08-29 23:00:00,16.5,26.7,26.8,91,17.4,karachi
2024-08-30 00:00:00,14.8,25.4,26.4,94,15.5,karachi
2024-08-30 01:00:00,14.0,25.4,26.6,91,21.2,karachi
2024-08-30 02:00:00,13.8,26.3,26.8,90,24.0,karachi
2024-08-30 03:00:00,12.9,24.4,26.7,90,25.4,karachi
2024-08-30 04:00:00,12.3,22.8,26.7,89,31.9,karachi
2024-08-30 05:00:00,10.3,23.2,26.4,88,32.5,karachi
2024-08-30 06:00:00,9.7,20.0,26.7,86,28.3,karachi
2024-08-30 07:00:00,7.9,14.1,27.0,85,33.2,karachi
2024-08-30 08:00:00,6.9,10.9,27.1,84,31.9,karachi
2024-08-30 09:00:00,7.5,12.0,27.8,82,33.0,karachi
2024-08-30 10:00:00,9.5,17.6,27.8,80,37.2,karachi
2024-08-30 11:00:00,12.0,24.0,27.6,80,37.2,karachi
2024-08-30 12:00:00,14.1,28.3,28.4,78,45.1,karachi
2024-08-30 13:00:00,16.5,32.5,29.4,73,42.8,karachi
2024-08-30 14:00:00,17.6,32.1,30.3,69,45.9,karachi
2024-08-30 15:00:00,19.6,31.0,30.1,70,42.4,karachi
2024-08-30 16:00:00,21.2,29.3,30.1,70,41.1,karachi
2024-08-30 17:00:00,22.4,31.3,29.3,72,37.4,karachi
2024-08-30 18:00:00,18.5,24.6,26.6,83,30.6,karachi
2024-08-30 19:00:00,15.1,19.7,25.9,83,35.6,karachi
2024-08-30 20:00:00,13.9,18.2,25.1,86,39.6,karachi
2024-08-30 21:00:00,15.1,20.1,24.9,87,31.5,karachi
2024-08-30 22:00:00,16.2,21.8,25.1,86,39.6,karachi
2024-08-30 23:00:00,15.0,20.1,25.6,88,43.6,karachi
2024-08-31 00:00:00,13.8,18.7,26.0,86,46.5,karachi
2024-08-31 01:00:00,12.9,19.1,25.6,87,44.6,karachi
2024-08-31 02:00:00,12.1,19.9,25.7,87,46.6,karachi
2024-08-31 03:00:00,11.5,21.1,25.7,87,41.4,karachi
2024-08-31 04:00:00,11.8,24.4,25.6,89,40.4,karachi
2024-08-31 05:00:00,12.3,46.8,25.7,88,33.9,karachi
2024-08-31 06:00:00,11.8,45.3,25.0,89,38.6,karachi
2024-08-31 07:00:00,11.9,42.5,25.3,90,42.5,karachi
2024-08-31 08:00:00,12.3,37.8,25.4,88,41.0,karachi
2024-08-31 09:00:00,10.7,35.7,25.5,90,42.5,karachi
2024-08-31 10:00:00,10.2,34.8,25.9,88,44.6,karachi
2024-08-31 11:00:00,10.9,38.5,26.6,86,40.1,karachi
2024-08-31 12:00:00,11.3,43.4,26.7,86,38.3,karachi
2024-08-31 13:00:00,11.7,52.0,27.0,87,29.2,karachi
2024-08-31 14:00:00,10.5,46.7,28.0,81,33.4,karachi
2024-08-31 15:00:00,8.8,37.8,28.3,82,28.2,karachi
2024-08-31 16:00:00,8.4,30.9,28.0,79,26.9,karachi
2024-08-31 17:00:00,13.2,42.5,27.9,80,27.9,karachi
2024-08-31 18:00:00,13.0,37.1,27.2,85,22.3,karachi
2024-08-31 19:00:00,13.9,36.1,26.6,87,21.7,karachi
2024-08-31 20:00:00,13.8,34.0,26.0,90,18.6,karachi
2024-08-31 21:00:00,13.2,31.2,25.6,91,19.1,karachi
2024-08-31 22:00:00,12.9,29.6,26.0,91,18.6,karachi
2024-08-31 23:00:00,12.7,28.6,25.9,92,18.1,karachi
2024-09-01 00:00:00,12.3,27.4,25.9,93,17.0,karachi
2024-09-01 01:00:00,11.7,25.7,25.8,93,15.8,karachi
2024-09-01 02:00:00,11.1,24.3,25.5,94,15.6,karachi
2024-09-01 03:00:00,10.7,23.6,25.5,94,15.5,karachi
2024-09-01 04:00:00,10.2,23.2,25.4,95,15.5,karachi
2024-09-01 05:00:00,9.3,21.1,25.4,95,15.7,karachi
2024-09-01 06:00:00,9.4,21.7,25.5,95,15.5,karachi
2024-09-01 07:00:00,10.5,24.2,25.9,94,17.6,karachi
2024-09-01 08:00:00,10.9,28.5,26.8,88,21.3,karachi
2024-09-01 09:00:00,11.8,33.3,27.6,82,23.3,karachi
2024-09-01 10:00:00,12.3,36.2,28.0,84,22.0,karachi
2024-09-01 11:00:00,12.4,38.2,28.5,83,21.4,karachi
2024-09-01 12:00:00,13.5,43.9,28.8,82,19.6,karachi
2024-09-01 13:00:00,15.4,51.1,29.0,81,17.4,karachi
2024-09-01 14:00:00,16.3,54.9,29.0,81,15.7,karachi
2024-09-01 15:00:00,17.4,65.9,28.7,82,16.6,karachi
2024-09-01 16:00:00,17.1,62.2,28.2,84,14.8,karachi
2024-09-01 17:00:00,16.4,65.7,28.0,85,12.7,karachi
2024-09-01 18:00:00,16.1,63.8,27.6,83,13.1,karachi
2024-09-01 19:00:00,17.9,58.1,26.8,88,11.6,karachi
2024-09-01 20:00:00,19.4,54.9,26.6,89,9.8,karachi
2024-09-01 21:00:00,19.1,50.6,26.5,89,9.1,karachi
2024-09-01 22:00:00,18.2,46.7,26.5,90,9.2,karachi
2024-09-01 23:00:00,17.2,43.7,26.3,90,8.8,karachi
2024-09-02 00:00:00,16.2,40.7,26.1,91,8.3,karachi
2024-09-02 01:00:00,15.1,38.5,26.0,91,7.6,karachi
2024-09-02 02:00:00,14.1,37.3,25.6,93,5.9,karachi
2024-09-02 03:00:00,13.4,35.7,26.0,90,2.7,karachi
2024-09-02 04:00:00,13.4,35.2,25.0,96,4.7,karachi
2024-09-02 05:00:00,12.7,32.8,24.9,97,6.9,karachi
2024-09-02 06:00:00,12.7,34.8,24.9,97,7.5,karachi
2024-09-02 07:00:00,13.2,39.3,25.0,96,6.6,karachi
2024-09-02 08:00:00,14.0,41.9,26.5,90,4.3,karachi
2024-09-02 09:00:00,13.9,48.0,27.6,83,1.1,karachi
2024-09-02 10:00:00,14.3,55.5,28.5,78,3.9,karachi
2024-09-02 11:00:00,15.6,63.1,29.1,76,7.6,karachi
2024-09-02 12:00:00,17.8,72.9,29.3,77,11.4,karachi
2024-09-02 13:00:00,19.6,78.7,29.1,80,17.5,karachi
2024-09-02 14:00:00,20.1,76.8,29.0,78,17.4,karachi
2024-09-02 15:00:00,19.2,69.4,29.1,78,17.2,karachi
2024-09-02 16:00:00,17.6,61.7,28.6,81,16.3,karachi
2024-09-02 17:00:00,17.9,60.3,28.4,81,13.7,karachi
2024-09-02 18:00:00,15.3,48.7,27.8,82,14.3,karachi
2024-09-02 19:00:00,14.8,38.3,26.7,87,12.4,karachi
2024-09-02 20:00:00,14.3,36.3,26.5,90,9.4,karachi
2024-09-02 21:00:00,14.2,35.9,26.4,91,6.7,karachi
2024-09-02 22:00:00,14.5,36.6,26.2,92,6.3,karachi
2024-09-02 23:00:00,14.8,37.5,26.1,93,6.7,karachi
2024-09-03 00:00:00,14.9,38.3,26.0,94,7.4,karachi
2024-09-03 01:00:00,14.7,38.8,25.9,94,8.6,karachi
2024-09-03 02:00:00,14.3,38.6,25.7,95,9.6,karachi
2024-09-03 03:00:00,13.8,38.3,25.5,95,9.7,karachi
2024-09-03 04:00:00,13.1,37.8,25.5,96,8.4,karachi
2024-09-03 05:00:00,11.5,32.9,25.4,96,8.9,karachi
2024-09-03 06:00:00,11.1,33.9,25.5,95,8.6,karachi
2024-09-03 07:00:00,12.4,36.4,25.8,94,6.0,karachi
2024-09-03 08:00:00,11.4,47.7,26.8,89,7.4,karachi
2024-09-03 09:00:00,12.1,58.6,27.9,82,8.6,karachi
2024-09-03 10:00:00,13.9,70.8,29.0,76,8.6,karachi
2024-09-03 11:00:00,16.1,82.0,29.8,72,10.2,karachi
2024-09-03 12:00:00,18.4,88.2,29.9,74,12.3,karachi
2024-09-03 13:00:00,21.1,93.4,29.9,77,15.6,karachi
2024-09-03 14:00:00,21.5,90.6,29.9,78,15.5,karachi
2024-09-03 15:00:00,20.7,86.6,29.5,79,18.7,karachi
2024-09-03 16:00:00,20.0,82.9,28.9,80,21.4,karachi
2024-09-03 17:00:00,20.1,88.0,28.5,80,18.8,karachi
2024-09-03 18:00:00,19.6,82.9,27.6,82,16.7,karachi
2024-09-03 19:00:00,17.4,68.5,27.0,86,11.7,karachi
2024-09-03 20:00:00,16.6,64.0,26.8,87,11.9,karachi
2024-09-03 21:00:00,17.0,64.0,26.6,88,8.8,karachi
2024-09-03 22:00:00,18.0,65.0,26.5,89,8.4,karachi
2024-09-03 23:00:00,18.9,66.1,26.5,90,10.5,karachi
2024-09-04 00:00:00,19.5,65.4,26.4,90,11.4,karachi
2024-09-04 01:00:00,19.2,64.3,26.2,91,9.8,karachi
2024-09-04 02:00:00,18.7,62.4,26.0,92,9.4,karachi
2024-09-04 03:00:00,18.2,61.5,26.0,92,12.0,karachi
2024-09-04 04:00:00,17.5,61.0,26.0,91,13.0,karachi
2024-09-04 05:00:00,16.9,57.9,26.0,91,14.5,karachi
2024-09-04 06:00:00,16.8,57.7,26.2,91,10.9,karachi
2024-09-04 07:00:00,17.7,63.1,26.1,89,12.6,karachi
2024-09-04 08:00:00,18.4,68.7,27.1,84,14.0,karachi
2024-09-04 09:00:00,18.7,71.9,28.4,78,18.7,karachi
2024-09-04 10:00:00,18.9,71.7,29.2,74,18.0,karachi
2024-09-04 11:00:00,19.1,74.7,29.9,71,17.0,karachi
2024-09-04 12:00:00,20.0,76.8,30.2,69,16.0,karachi
2024-09-04 13:00:00,20.5,77.5,29.9,72,18.0,karachi
2024-09-04 14:00:00,20.4,76.1,30.0,72,18.8,karachi
2024-09-04 15:00:00,20.6,74.0,29.9,72,19.8,karachi
2024-09-04 16:00:00,20.7,71.9,29.0,76,20.2,karachi
2024-09-04 17:00:00,19.2,64.5,28.6,78,19.6,karachi
2024-09-04 18:00:00,18.8,59.3,28.0,79,18.3,karachi
2024-09-04 19:00:00,19.2,51.7,27.2,85,15.3,karachi
2024-09-04 20:00:00,18.9,49.5,27.0,88,15.8,karachi
2024-09-04 21:00:00,18.5,47.6,27.0,89,14.0,karachi
2024-09-04 22:00:00,18.5,46.9,26.9,90,12.2,karachi
2024-09-04 23:00:00,18.3,45.6,26.7,90,12.5,karachi
2024-09-05 00:00:00,17.6,43.2,26.5,91,14.1,karachi
2024-09-05 01:00:00,16.7,40.7,26.5,91,15.9,karachi
2024-09-05 02:00:00,16.1,39.1,26.5,92,15.5,karachi
2024-09-05 03:00:00,15.8,38.2,26.4,93,17.0,karachi
2024-09-05 04:00:00,15.7,37.6,26.5,91,18.4,karachi
2024-09-05 05:00:00,15.3,37.1,26.5,91,18.8,karachi
2024-09-05 06:00:00,15.8,38.1,26.8,90,18.7,karachi
2024-09-05 07:00:00,17.2,40.6,27.1,89,19.1,karachi
2024-09-05 08:00:00,18.0,45.6,28.1,81,27.0,karachi
2024-09-05 09:00:00,17.4,45.9,28.6,79,27.4,karachi
2024-09-05 10:00:00,16.9,46.1,29.5,76,27.8,karachi
2024-09-05 11:00:00,16.3,45.8,30.0,72,28.8,karachi
2024-09-05 12:00:00,15.8,45.4,30.0,73,28.6,karachi
2024-09-05 13:00:00,15.3,44.5,30.0,74,28.5,karachi
2024-09-05 14:00:00,15.1,42.4,29.7,76,27.3,karachi
2024-09-05 15:00:00,14.6,39.7,30.0,73,29.0,karachi
2024-09-05 16:00:00,14.1,35.5,29.4,76,29.8,karachi
2024-09-05 17:00:00,15.9,34.5,28.9,78,28.4,karachi
2024-09-05 18:00:00,16.3,33.9,28.4,79,24.4,karachi
2024-09-05 19:00:00,17.4,33.9,27.6,86,19.0,karachi
2024-09-05 20:00:00,19.2,37.7,27.3,88,18.1,karachi
2024-09-05 21:00:00,19.9,41.0,27.1,88,16.6,karachi
2024-09-05 22:00:00,20.5,43.9,27.0,89,16.3,karachi
2024-09-05 23:00:00,20.7,45.6,27.0,89,15.6,karachi
2024-09-06 00:00:00,20.3,45.8,26.9,90,17.0,karachi
2024-09-06 01:00:00,19.7,45.6,26.8,90,17.1,karachi
2024-09-06 02:00:00,19.3,45.2,26.6,90,17.2,karachi
2024-09-06 03:00:00,18.2,43.2,26.5,90,18.6,karachi
2024-09-06 04:00:00,17.4,41.7,26.5,91,20.0,karachi
2024-09-06 05:00:00,16.9,40.2,26.5,91,19.2,karachi
2024-09-06 06:00:00,17.3,41.1,26.8,89,17.3,karachi
2024-09-06 07:00:00,18.5,43.0,27.1,89,16.3,karachi
2024-09-06 08:00:00,19.0,50.1,28.1,83,23.2,karachi
2024-09-06 09:00:00,18.2,51.1,29.0,78,24.9,karachi
2024-09-06 10:00:00,17.9,53.1,29.5,75,26.1,karachi
2024-09-06 11:00:00,19.5,64.3,29.8,75,26.4,karachi
2024-09-06 12:00:00,18.0,56.2,29.9,74,25.7,karachi
2024-09-06 13:00:00,18.0,57.2,30.0,74,24.4,karachi
2024-09-06 14:00:00,17.8,54.8,29.8,75,24.3,karachi
2024-09-06 15:00:00,17.6,53.2,29.4,76,23.8,karachi
2024-09-06 16:00:00,17.2,52.0,29.0,78,25.1,karachi
2024-09-06 17:00:00,18.6,58.2,28.6,79,24.7,karachi
2024-09-06 18:00:00,19.0,56.5,27.9,83,19.9,karachi
2024-09-06 19:00:00,20.5,52.3,27.2,87,15.1,karachi
2024-09-06 20:00:00,22.1,54.4,27.0,88,14.4,karachi
2024-09-06 21:00:00,22.4,54.7,26.8,89,14.0,karachi
2024-09-06 22:00:00,22.2,54.1,26.6,89,13.7,karachi
2024-09-06 23:00:00,21.8,53.0,26.5,90,13.8,karachi
2024-09-07 00:00:00,20.7,50.1,26.3,91,14.5,karachi
2024-09-07 01:00:00,19.2,46.7,26.1,91,14.0,karachi
2024-09-07 02:00:00,18.1,44.6,26.0,91,11.4,karachi
2024-09-07 03:00:00,17.1,43.4,26.1,90,10.5,karachi
2024-09-07 04:00:00,16.2,42.4,25.9,91,12.3,karachi
2024-09-07 05:00:00,16.1,41.1,26.0,90,12.7,karachi
2024-09-07 06:00:00,16.2,41.9,26.0,91,13.0,karachi
2024-09-07 07:00:00,17.7,44.9,26.5,89,14.0,karachi
2024-09-07 08:00:00,17.1,51.2,27.6,82,19.6,karachi
2024-09-07 09:00:00,17.3,52.6,28.4,78,19.5,karachi
2024-09-07 10:00:00,17.2,53.1,29.1,74,18.3,karachi
2024-09-07 11:00:00,17.9,56.3,29.1,76,17.3,karachi
2024-09-07 12:00:00,17.6,56.2,29.2,76,19.0,karachi
2024-09-07 13:00:00,17.5,56.0,29.4,75,20.5,karachi
2024-09-07 14:00:00,17.4,55.6,29.6,74,20.9,karachi
2024-09-07 15:00:00,17.2,55.4,29.3,75,20.2,karachi
2024-09-07 16:00:00,17.2,56.0,29.2,74,19.6,karachi
2024-09-07 17:00:00,16.7,51.8,28.9,75,18.0,karachi
2024-09-07 18:00:00,16.1,50.2,28.0,78,15.8,karachi
2024-09-07 19:00:00,16.4,47.0,27.3,83,13.5,karachi
2024-09-07 20:00:00,17.7,49.0,26.9,85,12.6,karachi
2024-09-07 21:00:00,18.3,50.2,26.6,87,10.8,karachi
2024-09-07 22:00:00,18.3,51.0,26.5,88,10.2,karachi
2024-09-07 23:00:00,18.3,51.5,26.2,89,10.5,karachi
2024-09-08 00:00:00,17.8,50.5,26.0,91,11.9,karachi
2024-09-08 01:00:00,16.7,48.3,26.0,92,11.2,karachi
2024-09-08 02:00:00,15.6,45.3,25.9,93,10.9,karachi
2024-09-08 03:00:00,14.7,41.8,26.0,92,11.2,karachi
2024-09-08 04:00:00,14.1,38.8,25.7,93,11.1,karachi
2024-09-08 05:00:00,12.7,34.1,25.5,93,12.0,karachi
2024-09-08 06:00:00,12.5,33.4,25.8,93,12.9,karachi
2024-09-08 07:00:00,13.3,35.3,26.1,93,13.4,karachi
2024-09-08 08:00:00,12.9,43.8,27.5,84,18.3,karachi
2024-09-08 09:00:00,13.6,51.7,28.5,79,18.5,karachi
2024-09-08 10:00:00,14.9,60.3,29.4,74,18.1,karachi
2024-09-08 11:00:00,15.9,64.3,29.8,73,18.3,karachi
2024-09-08 12:00:00,16.9,66.8,29.9,74,18.3,karachi
2024-09-08 13:00:00,17.3,67.1,29.6,75,19.3,karachi
2024-09-08 14:00:00,17.2,67.1,29.6,76,20.7,karachi
2024-09-08 15:00:00,16.6,63.6,29.4,77,20.7,karachi
2024-09-08 16:00:00,15.9,60.8,29.0,77,19.5,karachi
2024-09-08 17:00:00,13.5,49.8,28.8,78,19.3,karachi
2024-09-08 18:00:00,12.8,45.1,27.7,82,18.7,karachi
2024-09-08 19:00:00,13.4,38.2,26.9,86,13.9,karachi
2024-09-08 20:00:00,14.3,37.3,26.9,87,13.5,karachi
2024-09-08 21:00:00,14.6,36.6,26.8,88,13.4,karachi
2024-09-08 22:00:00,14.5,36.4,26.6,89,14.0,karachi
2024-09-08 23:00:00,14.4,36.6,26.4,90,14.1,karachi
2024-09-09 00:00:00,13.8,36.2,26.3,91,14.0,karachi
2024-09-09 01:00:00,13.2,34.9,26.1,91,14.4,karachi
2024-09-09 02:00:00,13.0,33.9,26.0,92,14.7,karachi
2024-09-09 03:00:00,13.1,33.8,25.9,91,15.0,karachi
2024-09-09 04:00:00,13.1,33.6,25.7,92,14.9,karachi
2024-09-09 05:00:00,12.5,32.9,25.8,91,14.8,karachi
2024-09-09 06:00:00,13.1,34.8,26.0,89,15.6,karachi
2024-09-09 07:00:00,14.8,39.9,26.4,88,15.5,karachi
2024-09-09 08:00:00,15.6,53.7,27.5,81,22.7,karachi
2024-09-09 09:00:00,17.1,67.8,28.6,75,26.2,karachi
2024-09-09 10:00:00,18.3,77.5,29.4,72,25.3,karachi
2024-09-09 11:00:00,19.3,87.1,29.8,71,22.1,karachi
2024-09-09 12:00:00,20.0,93.1,30.2,68,21.1,karachi
2024-09-09 13:00:00,20.3,96.6,30.2,70,21.0,karachi
2024-09-09 14:00:00,20.8,105.7,29.9,72,21.0,karachi
2024-09-09 15:00:00,20.5,104.1,29.5,73,21.6,karachi
2024-09-09 16:00:00,20.1,101.7,29.2,75,23.2,karachi
2024-09-09 17:00:00,20.3,102.9,28.8,77,23.1,karachi
2024-09-09 18:00:00,19.6,91.3,27.5,81,19.4,karachi
2024-09-09 19:00:00,19.0,71.9,26.7,85,17.1,karachi
2024-09-09 20:00:00,19.8,65.0,26.6,85,15.7,karachi
2024-09-09 21:00:00,20.0,64.0,26.7,86,15.2,karachi
2024-09-09 22:00:00,19.8,64.0,26.5,87,12.4,karachi
2024-09-09 23:00:00,19.7,64.3,26.4,88,13.2,karachi
2024-09-10 00:00:00,19.9,68.2,26.2,89,13.8,karachi
2024-09-10 01:00:00,19.6,65.4,26.1,89,13.8,karachi
2024-09-10 02:00:00,19.3,64.3,26.0,90,15.1,karachi
2024-09-10 03:00:00,19.2,64.0,26.0,91,14.8,karachi
2024-09-10 04:00:00,19.3,63.3,25.8,92,14.8,karachi
2024-09-10 05:00:00,19.7,66.1,25.8,91,15.5,karachi
2024-09-10 06:00:00,20.5,67.3,26.0,89,15.2,karachi
2024-09-10 07:00:00,22.4,69.8,26.5,87,15.7,karachi
2024-09-10 08:00:00,22.2,78.5,27.4,81,20.1,karachi
2024-09-10 09:00:00,22.4,80.3,28.5,76,21.7,karachi
2024-09-10 10:00:00,22.1,81.0,29.2,73,22.9,karachi
2024-09-10 11:00:00,22.1,81.3,29.3,73,21.9,karachi
2024-09-10 12:00:00,23.6,91.0,29.7,72,21.4,karachi
2024-09-10 13:00:00,24.6,97.8,30.0,71,21.0,karachi
2024-09-10 14:00:00,25.3,99.7,29.8,72,20.3,karachi
2024-09-10 15:00:00,26.2,109.2,29.7,73,19.6,karachi
2024-09-10 16:00:00,26.6,114.3,29.3,75,20.2,karachi
2024-09-10 17:00:00,29.1,131.3,28.6,78,18.9,karachi
2024-09-10 18:00:00,29.3,129.5,28.1,79,14.8,karachi
2024-09-10 19:00:00,29.4,112.2,27.2,85,12.8,karachi
2024-09-10 20:00:00,31.1,103.1,26.8,87,11.0,karachi
2024-09-10 21:00:00,32.2,104.3,26.5,89,10.5,karachi
2024-09-10 22:00:00,33.1,108.0,26.4,89,10.7,karachi
2024-09-10 23:00:00,33.5,112.0,26.2,91,10.6,karachi
2024-09-11 00:00:00,33.4,114.3,26.0,92,10.2,karachi
2024-09-11 01:00:00,32.7,114.1,25.8,93,10.5,karachi
2024-09-11 02:00:00,32.1,113.2,25.6,94,9.5,karachi
2024-09-11 03:00:00,31.3,113.6,25.6,94,10.4,karachi
2024-09-11 04:00:00,30.6,115.7,25.5,94,9.6,karachi
2024-09-11 05:00:00,32.5,143.9,25.1,95,8.7,karachi
2024-09-11 06:00:00,34.3,162.1,26.1,92,11.5,karachi
2024-09-11 07:00:00,37.0,177.0,26.5,90,10.8,karachi
2024-09-11 08:00:00,38.9,204.4,27.5,84,14.6,karachi
2024-09-11 09:00:00,41.3,235.2,28.5,79,15.7,karachi
2024-09-11 10:00:00,44.5,246.8,29.4,73,16.9,karachi
2024-09-11 11:00:00,45.4,242.1,30.0,70,17.5,karachi
2024-09-11 12:00:00,45.6,233.3,30.1,70,17.9,karachi
2024-09-11 13:00:00,43.8,214.7,29.8,72,19.6,karachi
2024-09-11 14:00:00,42.0,201.2,30.1,70,19.2,karachi
2024-09-11 15:00:00,39.5,185.8,30.1,68,19.3,karachi
2024-09-11 16:00:00,37.4,176.0,29.5,71,19.5,karachi
2024-09-11 17:00:00,39.0,181.1,28.7,74,18.4,karachi
2024-09-11 18:00:00,36.9,169.5,27.6,79,17.1,karachi
2024-09-11 19:00:00,35.0,150.9,26.9,83,16.9,karachi
2024-09-11 20:00:00,34.2,143.0,26.7,86,15.1,karachi
2024-09-11 21:00:00,34.5,135.0,26.7,86,14.0,karachi
2024-09-11 22:00:00,35.0,132.7,26.7,85,13.0,karachi
2024-09-11 23:00:00,35.4,130.9,26.5,87,12.3,karachi
2024-09-12 00:00:00,35.4,129.0,26.4,89,10.0,karachi
2024-09-12 01:00:00,34.8,125.3,26.2,89,10.1,karachi
2024-09-12 02:00:00,34.0,122.5,26.1,90,11.3,karachi
2024-09-12 03:00:00,33.1,121.5,26.0,90,12.4,karachi
2024-09-12 04:00:00,32.5,124.8,25.9,91,12.2,karachi
2024-09-12 05:00:00,31.1,128.5,25.6,93,10.9,karachi
2024-09-12 06:00:00,31.7,142.0,26.0,92,10.0,karachi
2024-09-12 07:00:00,33.5,171.8,26.4,89,13.3,karachi
2024-09-12 08:00:00,36.3,209.5,27.5,82,17.1,karachi
2024-09-12 09:00:00,40.3,234.2,28.7,76,17.7,karachi
2024-09-12 10:00:00,43.1,244.9,29.6,70,20.5,karachi
2024-09-12 11:00:00,44.9,247.7,30.4,66,21.8,karachi
2024-09-12 12:00:00,46.2,251.5,30.5,66,22.6,karachi
2024-09-12 13:00:00,46.1,248.7,30.4,67,23.2,karachi
2024-09-12 14:00:00,44.9,239.3,30.5,67,24.2,karachi
2024-09-12 15:00:00,43.4,227.7,30.4,66,25.4,karachi
2024-09-12 16:00:00,41.4,213.3,29.9,68,25.4,karachi
2024-09-12 17:00:00,40.0,205.4,29.3,70,24.8,karachi
2024-09-12 18:00:00,36.8,182.1,28.2,75,23.9,karachi
2024-09-12 19:00:00,32.9,151.3,27.6,79,22.5,karachi
2024-09-12 20:00:00,29.8,127.6,27.4,79,23.0,karachi
2024-09-12 21:00:00,27.6,105.2,27.0,82,21.8,karachi
2024-09-12 22:00:00,26.5,94.8,26.9,83,18.7,karachi
2024-09-12 23:00:00,25.4,87.3,26.8,84,18.5,karachi
2024-09-13 00:00:00,24.0,80.6,26.8,83,17.7,karachi
2024-09-13 01:00:00,22.8,75.0,26.5,84,16.7,karachi
2024-09-13 02:00:00,21.5,70.1,26.4,85,17.5,karachi
2024-09-13 03:00:00,20.8,68.0,26.4,84,19.6,karachi
2024-09-13 04:00:00,20.4,67.3,26.1,85,20.5,karachi
2024-09-13 05:00:00,20.3,68.9,26.2,84,20.7,karachi
2024-09-13 06:00:00,21.0,72.9,26.4,84,21.1,karachi
2024-09-13 07:00:00,22.4,76.1,26.6,82,23.4,karachi
2024-09-13 08:00:00,23.9,92.4,27.7,75,29.2,karachi
2024-09-13 09:00:00,23.8,99.2,28.6,69,31.3,karachi
2024-09-13 10:00:00,24.2,105.5,29.4,66,31.4,karachi
2024-09-13 11:00:00,24.4,107.1,29.6,66,30.1,karachi
2024-09-13 12:00:00,24.7,109.7,30.0,65,30.1,karachi
2024-09-13 13:00:00,24.7,107.3,29.9,64,28.8,karachi
2024-09-13 14:00:00,24.6,103.8,30.8,59,30.7,karachi
2024-09-13 15:00:00,24.4,100.8,30.4,60,31.3,karachi
2024-09-13 16:00:00,24.2,97.3,29.9,63,31.4,karachi
2024-09-13 17:00:00,21.9,85.2,29.0,68,30.6,karachi
2024-09-13 18:00:00,21.8,80.1,28.0,72,27.7,karachi
2024-09-13 19:00:00,21.6,72.9,27.5,75,24.6,karachi
2024-09-13 20:00:00,21.8,67.3,27.2,77,23.4,karachi
2024-09-13 21:00:00,22.2,67.5,27.1,77,22.4,karachi
2024-09-13 22:00:00,22.7,69.2,27.1,76,22.4,karachi
2024-09-13 23:00:00,23.2,71.7,27.0,78,22.9,karachi
2024-09-14 00:00:00,23.1,71.7,26.8,79,23.7,karachi
2024-09-14 01:00:00,23.1,70.5,26.5,81,22.0,karachi
2024-09-14 02:00:00,22.6,68.7,26.2,82,21.9,karachi
2024-09-14 03:00:00,22.2,67.3,26.4,82,22.6,karachi
2024-09-14 04:00:00,22.2,66.4,26.4,82,23.2,karachi
2024-09-14 05:00:00,23.6,75.4,26.5,81,23.7,karachi
2024-09-14 06:00:00,24.1,76.1,26.8,79,24.0,karachi
2024-09-14 07:00:00,24.9,76.8,27.0,79,24.6,karachi
2024-09-14 08:00:00,26.0,88.7,28.1,70,29.5,karachi
2024-09-14 09:00:00,25.6,95.5,29.2,65,30.8,karachi
2024-09-14 10:00:00,25.4,99.0,30.1,60,31.6,karachi
2024-09-14 11:00:00,25.6,99.7,30.5,58,32.4,karachi
2024-09-14 12:00:00,25.6,97.8,30.2,60,31.8,karachi
2024-09-14 13:00:00,25.4,98.0,30.6,58,31.2,karachi
2024-09-14 14:00:00,25.1,93.1,31.1,56,31.3,karachi
2024-09-14 15:00:00,24.5,82.7,30.5,61,30.9,karachi
2024-09-14 16:00:00,24.3,76.8,30.0,63,30.1,karachi
2024-09-14 17:00:00,21.0,62.9,29.4,66,28.0,karachi
2024-09-14 18:00:00,21.1,59.4,28.2,71,25.4,karachi
2024-09-14 19:00:00,21.0,55.4,27.5,75,22.5,karachi
2024-09-14 20:00:00,20.6,52.2,27.4,76,20.6,karachi
2024-09-14 21:00:00,20.4,51.1,27.4,76,21.2,karachi
2024-09-14 22:00:00,20.4,50.4,27.0,79,19.4,karachi
2024-09-14 23:00:00,20.6,50.1,26.9,80,19.4,karachi
2024-09-15 00:00:00,21.0,50.1,26.7,81,18.9,karachi
2024-09-15 01:00:00,20.8,49.4,26.6,82,19.0,karachi
2024-09-15 02:00:00,20.2,47.5,26.5,83,18.8,karachi
2024-09-15 03:00:00,19.7,45.8,26.4,83,19.2,karachi
2024-09-15 04:00:00,19.6,44.6,26.2,84,20.2,karachi
2024-09-15 05:00:00,19.9,43.9,26.2,84,20.0,karachi
2024-09-15 06:00:00,20.1,44.2,26.4,78,21.3,karachi
2024-09-15 07:00:00,20.8,45.2,26.8,76,20.3,karachi
2024-09-15 08:00:00,21.9,51.2,27.9,70,23.4,karachi
2024-09-15 09:00:00,20.6,50.2,29.1,64,24.6,karachi
2024-09-15 10:00:00,20.4,52.7,29.7,63,25.4,karachi
2024-09-15 11:00:00,20.9,56.0,29.7,63,25.3,karachi
2024-09-15 12:00:00,20.8,57.3,30.6,59,25.3,karachi
2024-09-15 13:00:00,20.8,57.0,30.2,61,26.0,karachi
2024-09-15 14:00:00,20.6,56.7,30.1,63,27.4,karachi
2024-09-15 15:00:00,20.4,56.6,30.0,63,27.1,karachi
2024-09-15 16:00:00,20.1,53.6,29.8,63,26.3,karachi
2024-09-15 17:00:00,21.2,56.1,29.4,64,23.7,karachi
2024-09-15 18:00:00,22.2,56.0,28.5,65,19.5,karachi
2024-09-15 19:00:00,22.8,54.2,27.8,69,19.6,karachi
2024-09-15 20:00:00,23.2,53.2,27.5,71,15.3,karachi
2024-09-15 21:00:00,23.9,52.3,27.2,74,17.3,karachi
2024-09-15 22:00:00,24.3,52.3,26.9,77,12.4,karachi
2024-09-15 23:00:00,24.7,52.6,26.6,79,11.6,karachi
2024-09-16 00:00:00,24.7,52.5,26.4,81,13.1,karachi
2024-09-16 01:00:00,24.2,51.5,26.2,82,12.7,karachi
2024-09-16 02:00:00,23.2,49.6,26.2,82,14.5,karachi
2024-09-16 03:00:00,22.1,47.6,26.1,82,14.0,karachi
2024-09-16 04:00:00,21.2,45.9,26.0,82,15.5,karachi
2024-09-16 05:00:00,20.5,44.0,26.1,81,16.2,karachi
2024-09-16 06:00:00,21.0,45.3,26.5,82,18.0,karachi
2024-09-16 07:00:00,22.0,46.7,26.9,80,18.0,karachi
2024-09-16 08:00:00,22.5,52.0,28.0,74,22.7,karachi
2024-09-16 09:00:00,21.1,51.7,29.1,68,23.4,karachi
2024-09-16 10:00:00,20.7,52.3,29.9,66,24.0,karachi
2024-09-16 11:00:00,20.6,52.9,29.5,68,24.5,karachi
2024-09-16 12:00:00,20.4,52.9,29.9,67,24.9,karachi
2024-09-16 13:00:00,20.1,52.5,29.9,67,26.1,karachi
2024-09-16 14:00:00,19.7,52.2,29.9,67,26.1,karachi
2024-09-16 15:00:00,19.5,50.8,29.6,68,25.8,karachi
2024-09-16 16:00:00,19.2,50.1,29.0,71,25.9,karachi
2024-09-16 17:00:00,20.8,54.9,28.9,71,24.5,karachi
2024-09-16 18:00:00,21.6,55.3,28.4,70,21.4,karachi
2024-09-16 19:00:00,22.1,54.9,27.9,73,17.7,karachi
2024-09-16 20:00:00,21.9,53.3,27.6,77,15.4,karachi
2024-09-16 21:00:00,21.7,51.0,27.1,80,17.1,karachi
2024-09-16 22:00:00,21.7,49.9,27.0,82,16.3,karachi
2024-09-16 23:00:00,21.7,49.1,26.7,83,14.7,karachi
2024-09-17 00:00:00,21.7,48.9,26.5,85,15.3,karachi
2024-09-17 01:00:00,21.1,47.6,26.4,86,14.8,karachi
2024-09-17 02:00:00,20.3,45.8,26.1,87,13.7,karachi
2024-09-17 03:00:00,19.1,43.0,26.0,87,14.5,karachi
2024-09-17 04:00:00,17.9,40.5,26.0,87,14.4,karachi
2024-09-17 05:00:00,17.1,39.5,25.9,89,15.2,karachi
2024-09-17 06:00:00,17.1,40.7,26.1,89,15.3,karachi
2024-09-17 07:00:00,18.0,42.6,26.5,87,15.1,karachi
2024-09-17 08:00:00,18.3,47.5,27.8,80,19.2,karachi
2024-09-17 09:00:00,17.2,48.7,29.0,73,21.1,karachi
2024-09-17 10:00:00,17.4,53.2,30.2,66,22.5,karachi
2024-09-17 11:00:00,17.5,58.6,31.0,62,23.7,karachi
2024-09-17 12:00:00,17.6,64.0,31.4,61,24.3,karachi
2024-09-17 13:00:00,17.8,68.7,31.5,61,25.3,karachi
2024-09-17 14:00:00,17.6,68.2,31.3,61,25.8,karachi
2024-09-17 15:00:00,17.2,64.7,31.0,64,25.4,karachi
2024-09-17 16:00:00,17.1,63.3,30.7,66,24.6,karachi
2024-09-17 17:00:00,14.9,52.7,30.2,66,23.9,karachi
2024-09-17 18:00:00,15.7,54.1,29.0,69,19.6,karachi
2024-09-17 19:00:00,16.4,51.5,27.8,78,18.2,karachi
2024-09-17 20:00:00,16.9,49.9,27.4,81,15.2,karachi
2024-09-17 21:00:00,17.6,49.6,27.2,83,15.1,karachi
2024-09-17 22:00:00,18.5,49.8,27.1,84,14.1,karachi
2024-09-17 23:00:00,19.5,51.9,26.8,88,12.3,karachi
2024-09-18 00:00:00,19.8,53.1,26.5,90,11.5,karachi
2024-09-18 01:00:00,19.4,51.6,26.1,91,10.9,karachi
2024-09-18 02:00:00,18.7,48.7,25.9,92,10.4,karachi
2024-09-18 03:00:00,17.9,45.4,25.8,93,11.3,karachi
2024-09-18 04:00:00,16.8,42.0,25.6,93,10.5,karachi
2024-09-18 05:00:00,15.4,38.3,25.5,94,10.2,karachi
2024-09-18 06:00:00,15.2,37.6,26.0,89,14.3,karachi
2024-09-18 07:00:00,15.4,40.4,26.5,87,14.0,karachi
2024-09-18 08:00:00,15.1,43.2,28.0,77,18.1,karachi
2024-09-18 09:00:00,14.9,45.1,29.5,70,16.9,karachi
2024-09-18 10:00:00,15.3,46.8,30.5,66,17.0,karachi
2024-09-18 11:00:00,15.7,49.0,31.4,62,19.8,karachi
2024-09-18 12:00:00,15.9,51.2,32.0,60,22.8,karachi
2024-09-18 13:00:00,15.7,52.7,32.0,61,23.8,karachi
2024-09-18 14:00:00,15.4,54.1,31.6,63,23.7,karachi
2024-09-18 15:00:00,15.1,55.2,31.1,64,23.4,karachi
2024-09-18 16:00:00,15.0,54.2,30.4,67,22.5,karachi
2024-09-18 17:00:00,14.3,52.3,30.0,68,20.8,karachi
2024-09-18 18:00:00,14.6,51.2,28.5,75,18.4,karachi
2024-09-18 19:00:00,14.9,48.3,28.1,77,16.3,karachi
2024-09-18 20:00:00,15.1,46.4,27.6,80,15.8,karachi
2024-09-18 21:00:00,15.4,45.4,27.5,81,14.0,karachi
2024-09-18 22:00:00,16.1,45.1,27.2,83,12.5,karachi
2024-09-18 23:00:00,17.1,45.5,26.9,87,10.5,karachi
2024-09-19 00:00:00,17.5,46.0,26.5,89,9.2,karachi
2024-09-19 01:00:00,17.5,44.6,26.1,91,8.8,karachi
2024-09-19 02:00:00,16.8,42.0,26.0,92,6.4,karachi
2024-09-19 03:00:00,15.6,38.4,25.5,94,6.2,karachi
2024-09-19 04:00:00,14.8,36.0,25.2,95,6.0,karachi
2024-09-19 05:00:00,14.1,36.7,25.0,96,6.0,karachi
2024-09-19 06:00:00,14.5,39.0,25.7,93,5.8,karachi
2024-09-19 07:00:00,15.8,43.1,26.1,91,6.1,karachi
2024-09-19 08:00:00,14.8,51.5,27.5,82,9.1,karachi
2024-09-19 09:00:00,15.8,63.8,28.9,74,10.0,karachi
2024-09-19 10:00:00,17.3,72.9,30.1,68,11.1,karachi
2024-09-19 11:00:00,19.1,79.2,31.0,66,14.4,karachi
2024-09-19 12:00:00,20.0,78.0,31.5,65,19.2,karachi
2024-09-19 13:00:00,19.8,74.5,31.5,64,21.3,karachi
2024-09-19 14:00:00,19.1,71.7,31.3,64,22.7,karachi
2024-09-19 15:00:00,17.8,68.7,31.0,65,23.5,karachi
2024-09-19 16:00:00,16.4,63.6,30.5,67,22.9,karachi
2024-09-19 17:00:00,19.2,72.9,29.8,70,21.1,karachi
2024-09-19 18:00:00,18.2,68.0,29.0,74,18.8,karachi
2024-09-19 19:00:00,17.5,60.8,28.2,79,18.4,karachi
2024-09-19 20:00:00,17.0,56.3,27.9,81,19.3,karachi
2024-09-19 21:00:00,16.6,54.6,27.6,83,14.7,karachi
2024-09-19 22:00:00,16.6,53.6,27.5,83,10.7,karachi
2024-09-19 23:00:00,17.5,52.9,27.1,85,10.5,karachi
2024-09-20 00:00:00,18.3,51.8,26.9,88,10.3,karachi
2024-09-20 01:00:00,17.6,47.8,26.6,90,12.1,karachi
2024-09-20 02:00:00,16.2,44.6,26.4,91,12.9,karachi
2024-09-20 03:00:00,14.3,40.6,26.1,93,11.3,karachi
2024-09-20 04:00:00,12.9,38.4,25.9,94,11.5,karachi
2024-09-20 05:00:00,12.0,39.9,25.6,95,11.2,karachi
2024-09-20 06:00:00,12.3,42.0,25.6,95,11.5,karachi
2024-09-20 07:00:00,13.9,45.4,26.0,93,10.8,karachi
2024-09-20 08:00:00,14.7,55.8,27.5,83,14.8,karachi
2024-09-20 09:00:00,16.3,62.9,29.0,74,14.0,karachi
2024-09-20 10:00:00,17.7,66.4,30.2,68,16.1,karachi
2024-09-20 11:00:00,19.0,68.5,31.0,66,17.9,karachi
2024-09-20 12:00:00,19.6,68.7,31.7,62,19.5,karachi
2024-09-20 13:00:00,19.7,67.8,31.9,61,21.6,karachi
2024-09-20 14:00:00,19.4,65.9,31.6,62,23.5,karachi
2024-09-20 15:00:00,19.0,63.6,30.9,68,25.0,karachi
2024-09-20 16:00:00,18.5,60.5,30.1,70,23.8,karachi
2024-09-20 17:00:00,17.9,55.5,29.4,74,22.7,karachi
2024-09-20 18:00:00,17.2,52.3,28.2,80,21.7,karachi
2024-09-20 19:00:00,16.5,48.2,27.6,84,19.5,karachi
2024-09-20 20:00:00,16.2,47.7,27.5,84,18.7,karachi
2024-09-20 21:00:00,16.3,48.5,27.3,85,18.2,karachi
2024-09-20 22:00:00,16.9,48.7,27.1,85,17.7,karachi
2024-09-20 23:00:00,17.9,49.0,27.0,86,15.5,karachi
2024-09-21 00:00:00,18.3,49.4,26.8,88,15.6,karachi
2024-09-21 01:00:00,18.2,48.5,26.5,89,13.0,karachi
2024-09-21 02:00:00,17.8,47.7,26.4,90,11.7,karachi
2024-09-21 03:00:00,17.6,47.5,26.1,89,12.8,karachi
2024-09-21 04:00:00,17.6,48.1,26.1,89,14.8,karachi
2024-09-21 05:00:00,17.9,50.6,25.9,90,13.5,karachi
2024-09-21 06:00:00,17.7,50.6,26.2,87,13.3,karachi
2024-09-21 07:00:00,19.2,54.2,26.8,83,15.1,karachi
2024-09-21 08:00:00,19.0,62.2,28.0,76,17.6,karachi
2024-09-21 09:00:00,19.0,65.9,29.1,69,18.1,karachi
2024-09-21 10:00:00,19.7,68.0,30.1,64,18.9,karachi
2024-09-21 11:00:00,20.5,69.6,30.7,64,20.7,karachi
2024-09-21 12:00:00,20.9,70.3,31.1,63,22.5,karachi
2024-09-21 13:00:00,21.0,69.8,31.2,62,23.7,karachi
2024-09-21 14:00:00,21.0,69.2,31.1,63,24.5,karachi
2024-09-21 15:00:00,21.0,68.2,30.7,64,25.5,karachi
2024-09-21 16:00:00,20.7,66.8,30.2,65,24.3,karachi
2024-09-21 17:00:00,20.7,67.3,29.7,67,22.5,karachi
2024-09-21 18:00:00,21.2,68.5,28.6,70,22.6,karachi
2024-09-21 19:00:00,21.8,68.5,28.1,72,19.3,karachi
2024-09-21 20:00:00,22.2,69.8,27.9,74,18.6,karachi
2024-09-21 21:00:00,22.8,71.2,27.6,76,17.1,karachi
2024-09-21 22:00:00,23.3,70.3,27.5,77,15.3,karachi
2024-09-21 23:00:00,23.5,68.5,27.2,78,14.9,karachi
2024-09-22 00:00:00,23.5,66.6,27.0,79,14.8,karachi
2024-09-22 01:00:00,23.4,66.1,26.9,80,14.4,karachi
2024-09-22 02:00:00,23.3,66.6,26.5,82,14.0,karachi
2024-09-22 03:00:00,22.8,65.0,26.4,82,14.1,karachi
2024-09-22 04:00:00,22.1,63.3,26.3,83,13.7,karachi
2024-09-22 05:00:00,21.3,62.4,26.2,83,13.3,karachi
2024-09-22 06:00:00,21.3,63.1,26.5,84,14.4,karachi
2024-09-22 07:00:00,22.2,64.7,26.9,81,15.5,karachi
2024-09-22 08:00:00,21.7,74.3,28.1,74,20.5,karachi
2024-09-22 09:00:00,21.7,76.8,29.5,67,20.9,karachi
2024-09-22 10:00:00,22.0,78.0,30.5,61,21.2,karachi
2024-09-22 11:00:00,22.4,79.2,31.2,59,22.5,karachi
2024-09-22 12:00:00,22.6,79.4,31.5,59,23.8,karachi
2024-09-22 13:00:00,22.5,79.2,31.5,59,24.7,karachi
2024-09-22 14:00:00,22.2,78.2,31.4,59,25.3,karachi
2024-09-22 15:00:00,21.8,76.1,31.0,61,25.9,karachi
2024-09-22 16:00:00,21.3,73.3,30.3,64,25.7,karachi
2024-09-22 17:00:00,21.9,75.0,29.5,67,24.1,karachi
2024-09-22 18:00:00,22.2,73.3,28.5,72,20.3,karachi
2024-09-22 19:00:00,22.4,70.5,27.6,75,18.7,karachi
2024-09-22 20:00:00,22.4,69.2,27.6,77,18.0,karachi
2024-09-22 21:00:00,22.5,67.8,27.5,78,18.8,karachi
2024-09-22 22:00:00,22.2,66.1,27.3,80,17.1,karachi
2024-09-22 23:00:00,22.3,65.7,27.2,80,15.1,karachi
2024-09-23 00:00:00,22.1,63.1,27.0,81,14.2,karachi
2024-09-23 01:00:00,21.9,61.5,27.0,82,14.3,karachi
2024-09-23 02:00:00,21.5,59.1,26.9,83,15.0,karachi
2024-09-23 03:00:00,20.7,56.9,26.8,83,14.8,karachi
2024-09-23 04:00:00,19.9,54.8,26.7,84,14.8,karachi
2024-09-23 05:00:00,18.7,52.4,26.6,83,15.2,karachi
2024-09-23 06:00:00,18.8,53.7,27.0,82,15.6,karachi
2024-09-23 07:00:00,19.6,55.4,27.4,80,16.3,karachi
2024-09-23 08:00:00,19.3,64.3,28.6,73,21.0,karachi
2024-09-23 09:00:00,19.5,66.8,30.1,65,20.5,karachi
2024-09-23 10:00:00,20.0,68.7,30.9,62,21.7,karachi
2024-09-23 11:00:00,20.6,70.1,31.8,59,23.0,karachi
2024-09-23 12:00:00,20.8,71.5,32.0,59,23.9,karachi
2024-09-23 13:00:00,20.8,71.5,32.0,59,25.2,karachi
2024-09-23 14:00:00,20.6,70.3,31.8,61,26.4,karachi
2024-09-23 15:00:00,20.3,68.9,31.4,62,26.8,karachi
2024-09-23 16:00:00,20.0,66.8,30.6,65,26.5,karachi
2024-09-23 17:00:00,19.7,63.8,29.8,68,23.4,karachi
2024-09-23 18:00:00,20.3,62.9,29.0,71,21.7,karachi
2024-09-23 19:00:00,20.7,60.8,28.0,76,20.8,karachi
2024-09-23 20:00:00,20.8,59.6,28.0,77,19.7,karachi
2024-09-23 21:00:00,20.9,58.4,27.9,78,17.8,karachi
2024-09-23 22:00:00,21.4,57.7,27.8,78,17.8,karachi
2024-09-23 23:00:00,21.6,56.8,27.7,78,17.9,karachi
2024-09-24 00:00:00,21.6,54.7,27.5,80,16.6,karachi
2024-09-24 01:00:00,21.2,53.1,27.2,82,16.6,karachi
2024-09-24 02:00:00,20.7,51.1,27.1,83,16.2,karachi
2024-09-24 03:00:00,19.9,49.4,27.0,83,15.1,karachi
2024-09-24 04:00:00,19.2,48.2,26.9,83,14.9,karachi
2024-09-24 05:00:00,17.6,46.7,26.8,84,15.3,karachi
2024-09-24 06:00:00,17.6,48.5,27.0,84,16.3,karachi
2024-09-24 07:00:00,18.1,50.8,27.3,82,16.9,karachi
2024-09-24 08:00:00,17.8,58.0,28.5,75,20.7,karachi
2024-09-24 09:00:00,18.1,59.8,30.0,67,21.1,karachi
2024-09-24 10:00:00,18.7,62.6,31.0,63,22.0,karachi
2024-09-24 11:00:00,19.4,66.1,31.5,62,23.1,karachi
2024-09-24 12:00:00,20.0,69.4,32.0,60,25.0,karachi
2024-09-24 13:00:00,20.2,71.2,32.0,60,25.8,karachi
2024-09-24 14:00:00,20.3,71.5,31.6,62,26.5,karachi
2024-09-24 15:00:00,19.9,69.2,31.0,64,26.9,karachi
2024-09-24 16:00:00,19.3,64.5,30.5,66,26.5,karachi
2024-09-24 17:00:00,18.9,56.2,29.8,69,25.1,karachi
2024-09-24 18:00:00,19.2,52.4,29.4,70,20.0,karachi
2024-09-24 19:00:00,19.6,48.5,28.6,74,20.0,karachi
2024-09-24 20:00:00,19.8,46.4,28.5,75,20.3,karachi
2024-09-24 21:00:00,20.1,45.4,28.3,76,19.6,karachi
2024-09-24 22:00:00,20.3,44.8,28.2,76,19.8,karachi
2024-09-24 23:00:00,20.5,44.4,28.0,78,20.2,karachi
2024-09-25 00:00:00,20.6,44.1,27.8,80,19.3,karachi
2024-09-25 01:00:00,20.5,43.4,27.4,82,17.8,karachi
2024-09-25 02:00:00,20.3,42.4,27.0,84,15.0,karachi
2024-09-25 03:00:00,19.6,40.4,27.0,85,13.6,karachi
2024-09-25 04:00:00,18.8,38.9,26.8,86,12.8,karachi
2024-09-25 05:00:00,16.8,33.1,26.5,87,11.7,karachi
2024-09-25 06:00:00,17.2,34.7,26.6,89,10.4,karachi
2024-09-25 07:00:00,18.9,38.2,27.0,87,12.1,karachi
2024-09-25 08:00:00,18.0,42.7,28.4,78,17.6,karachi
2024-09-25 09:00:00,17.8,46.0,29.6,71,18.8,karachi
2024-09-25 10:00:00,17.9,49.5,30.8,66,19.9,karachi
2024-09-25 11:00:00,18.5,51.2,31.4,62,19.9,karachi
2024-09-25 12:00:00,18.7,52.0,32.3,57,19.4,karachi
2024-09-25 13:00:00,18.6,51.5,32.2,60,21.9,karachi
2024-09-25 14:00:00,18.5,50.1,31.7,62,24.0,karachi
2024-09-25 15:00:00,18.5,49.1,31.3,64,24.7,karachi
2024-09-25 16:00:00,18.4,47.7,30.6,67,24.7,karachi
2024-09-25 17:00:00,17.6,42.1,29.8,70,23.8,karachi
2024-09-25 18:00:00,17.8,40.7,29.1,71,19.0,karachi
2024-09-25 19:00:00,18.2,39.3,28.5,74,18.0,karachi
2024-09-25 20:00:00,18.6,39.6,28.1,77,17.1,karachi
2024-09-25 21:00:00,19.1,40.7,28.0,78,16.3,karachi
2024-09-25 22:00:00,19.6,41.8,27.7,79,15.1,karachi
2024-09-25 23:00:00,20.2,43.2,27.5,80,14.2,karachi
2024-09-26 00:00:00,20.8,43.8,27.5,80,13.9,karachi
2024-09-26 01:00:00,20.9,44.2,27.2,83,12.9,karachi
2024-09-26 02:00:00,20.2,43.4,26.9,84,9.8,karachi
2024-09-26 03:00:00,19.4,42.7,26.8,85,8.8,karachi
2024-09-26 04:00:00,18.7,42.3,26.6,86,9.9,karachi
2024-09-26 05:00:00,17.2,39.5,26.6,86,11.6,karachi
2024-09-26 06:00:00,17.7,41.4,26.8,86,11.7,karachi
2024-09-26 07:00:00,19.2,45.4,27.4,83,12.4,karachi
2024-09-26 08:00:00,19.0,51.5,28.8,75,17.8,karachi
2024-09-26 09:00:00,19.0,53.3,30.1,67,18.3,karachi
2024-09-26 10:00:00,19.2,54.7,31.2,63,17.4,karachi
2024-09-26 11:00:00,19.4,55.5,32.2,59,18.9,karachi
2024-09-26 12:00:00,19.3,55.4,32.8,57,22.7,karachi
2024-09-26 13:00:00,19.1,55.2,32.8,57,24.4,karachi
2024-09-26 14:00:00,18.6,54.4,32.5,59,25.1,karachi
2024-09-26 15:00:00,18.3,53.7,31.9,61,24.4,karachi
2024-09-26 16:00:00,18.0,52.3,31.0,65,24.2,karachi
2024-09-26 17:00:00,17.0,48.3,30.2,69,22.7,karachi
2024-09-26 18:00:00,17.2,47.1,29.0,75,19.9,karachi
2024-09-26 19:00:00,17.5,45.2,28.2,80,18.9,karachi
2024-09-26 20:00:00,17.6,44.4,28.0,80,18.8,karachi
2024-09-26 21:00:00,17.8,44.2,28.0,81,18.8,karachi
2024-09-26 22:00:00,18.1,44.5,27.8,82,18.7,karachi
2024-09-26 23:00:00,18.4,44.2,27.6,83,16.7,karachi
2024-09-27 00:00:00,18.4,44.0,27.5,83,16.7,karachi
2024-09-27 01:00:00,18.1,43.0,27.5,82,17.0,karachi
2024-09-27 02:00:00,17.3,41.7,27.5,83,16.1,karachi
2024-09-27 03:00:00,16.3,40.3,27.2,84,15.5,karachi
2024-09-27 04:00:00,14.9,38.0,27.0,85,16.3,karachi
2024-09-27 05:00:00,15.1,40.0,26.8,87,17.8,karachi
2024-09-27 06:00:00,14.9,40.3,26.9,88,18.2,karachi
2024-09-27 07:00:00,15.7,41.9,27.2,87,17.1,karachi
2024-09-27 08:00:00,16.1,49.4,28.5,78,22.1,karachi
2024-09-27 09:00:00,16.6,52.4,30.0,70,22.8,karachi
2024-09-27 10:00:00,17.0,54.9,31.1,64,24.0,karachi
2024-09-27 11:00:00,17.6,58.2,32.0,60,25.4,karachi
2024-09-27 12:00:00,18.1,59.8,32.3,60,27.8,karachi
2024-09-27 13:00:00,18.3,60.3,32.3,61,28.7,karachi
2024-09-27 14:00:00,18.5,59.5,32.2,61,28.6,karachi
2024-09-27 15:00:00,18.4,58.8,31.8,63,28.4,karachi
2024-09-27 16:00:00,18.4,56.5,31.0,67,28.8,karachi
2024-09-27 17:00:00,19.1,58.9,30.2,70,27.2,karachi
2024-09-27 18:00:00,19.5,56.2,29.1,75,24.1,karachi
2024-09-27 19:00:00,19.9,53.0,28.4,80,23.2,karachi
2024-09-27 20:00:00,20.4,51.7,28.3,81,22.7,karachi
2024-09-27 21:00:00,20.7,50.8,28.0,82,21.4,karachi
2024-09-27 22:00:00,20.8,49.6,27.8,84,22.7,karachi
2024-09-27 23:00:00,20.8,48.3,27.8,82,20.5,karachi
2024-09-28 00:00:00,20.5,47.0,27.8,81,18.9,karachi
2024-09-28 01:00:00,20.0,45.1,27.4,85,16.0,karachi
2024-09-28 02:00:00,19.3,43.0,27.1,86,16.6,karachi
2024-09-28 03:00:00,18.6,41.4,27.0,86,16.9,karachi
2024-09-28 04:00:00,18.0,39.8,26.9,86,17.7,karachi
2024-09-28 05:00:00,17.0,37.0,26.9,86,17.1,karachi
2024-09-28 06:00:00,17.1,38.4,27.0,85,16.6,karachi
2024-09-28 07:00:00,18.0,40.2,27.3,84,17.1,karachi
2024-09-28 08:00:00,18.0,44.0,28.6,76,22.0,karachi
2024-09-28 09:00:00,17.5,52.4,29.9,69,24.1,karachi
2024-09-28 10:00:00,18.3,60.8,31.1,62,24.9,karachi
2024-09-28 11:00:00,19.3,71.0,32.5,56,24.0,karachi
2024-09-28 12:00:00,20.0,76.4,32.8,56,24.8,karachi
2024-09-28 13:00:00,20.0,76.6,32.8,57,25.0,karachi
2024-09-28 14:00:00,19.9,78.0,32.5,58,25.2,karachi
2024-09-28 15:00:00,19.8,76.6,31.9,61,24.7,karachi
2024-09-28 16:00:00,19.2,71.5,31.2,63,24.3,karachi
2024-09-28 17:00:00,17.0,60.1,30.4,66,22.0,karachi
2024-09-28 18:00:00,16.1,51.3,29.5,73,20.7,karachi
2024-09-28 19:00:00,15.5,42.8,28.5,78,18.6,karachi
2024-09-28 20:00:00,15.1,38.6,28.4,79,17.9,karachi
2024-09-28 21:00:00,14.7,36.3,28.1,81,18.5,karachi
2024-09-28 22:00:00,14.8,34.9,27.8,84,15.7,karachi
2024-09-28 23:00:00,15.6,34.7,27.5,84,13.7,karachi
2024-09-29 00:00:00,15.9,34.9,27.4,84,14.2,karachi
2024-09-29 01:00:00,15.7,34.3,27.2,85,13.1,karachi
2024-09-29 02:00:00,15.5,34.1,27.0,86,11.2,karachi
2024-09-29 03:00:00,15.4,34.8,26.8,87,11.2,karachi
2024-09-29 04:00:00,15.5,36.7,26.6,88,11.3,karachi
2024-09-29 05:00:00,14.9,43.8,26.6,88,11.7,karachi
2024-09-29 06:00:00,15.8,46.9,26.7,86,14.1,karachi
2024-09-29 07:00:00,17.5,50.8,27.0,84,13.0,karachi
2024-09-29 08:00:00,17.2,68.2,28.3,76,17.1,karachi
2024-09-29 09:00:00,17.8,81.3,29.5,70,18.9,karachi
2024-09-29 10:00:00,19.2,94.8,30.7,63,20.5,karachi
2024-09-29 11:00:00,20.7,102.9,31.5,60,20.7,karachi
2024-09-29 12:00:00,21.4,105.5,32.2,55,20.8,karachi
2024-09-29 13:00:00,21.7,105.9,32.6,54,22.9,karachi
2024-09-29 14:00:00,21.8,106.4,31.3,61,23.4,karachi
2024-09-29 15:00:00,21.5,104.5,31.0,63,23.7,karachi
2024-09-29 16:00:00,20.4,96.4,30.5,67,22.9,karachi
2024-09-29 17:00:00,18.3,87.8,29.8,69,21.0,karachi
2024-09-29 18:00:00,16.6,74.0,28.3,74,19.2,karachi
2024-09-29 19:00:00,15.0,56.1,28.0,76,17.2,karachi
2024-09-29 20:00:00,13.9,44.7,27.9,76,14.7,karachi
2024-09-29 21:00:00,13.4,37.3,27.8,76,13.8,karachi
2024-09-29 22:00:00,13.3,32.2,27.5,78,12.3,karachi
2024-09-29 23:00:00,13.3,28.9,27.4,80,11.8,karachi
2024-09-30 00:00:00,13.5,27.6,27.1,82,12.1,karachi
2024-09-30 01:00:00,13.4,27.0,27.0,83,10.7,karachi
2024-09-30 02:00:00,13.2,27.3,26.6,85,10.4,karachi
2024-09-30 03:00:00,13.2,28.2,26.5,86,11.4,karachi
2024-09-30 04:00:00,13.1,29.0,26.5,86,13.4,karachi
2024-09-30 05:00:00,12.0,26.4,26.2,88,14.4,karachi
2024-09-30 06:00:00,11.9,27.6,26.8,86,13.2,karachi
2024-09-30 07:00:00,13.0,31.0,27.0,85,14.2,karachi
2024-09-30 08:00:00,13.9,44.4,28.4,77,19.7,karachi
2024-09-30 09:00:00,14.8,52.5,29.6,70,20.3,karachi
2024-09-30 10:00:00,15.9,58.4,30.8,64,21.6,karachi
2024-09-30 11:00:00,16.6,58.2,31.5,61,23.1,karachi
2024-09-30 12:00:00,16.6,54.6,32.0,59,24.1,karachi
2024-09-30 13:00:00,15.9,49.5,32.2,59,25.7,karachi
2024-09-30 14:00:00,15.1,43.5,32.0,60,25.4,karachi
2024-09-30 15:00:00,14.0,36.3,31.7,60,25.5,karachi
2024-09-30 16:00:00,12.8,29.5,31.0,63,25.2,karachi
2024-09-30 17:00:00,11.8,23.3,29.9,70,24.6,karachi
2024-09-30 18:00:00,11.3,20.5,28.8,74,21.4,karachi
2024-09-30 19:00:00,11.1,19.3,28.2,78,19.0,karachi
2024-09-30 20:00:00,11.5,19.7,27.9,80,17.2,karachi
2024-09-30 21:00:00,12.0,20.6,27.6,81,16.4,karachi
2024-09-30 22:00:00,12.3,21.4,27.4,84,15.0,karachi
2024-09-30 23:00:00,12.5,21.9,27.2,86,14.2,karachi
2024-10-01 00:00:00,12.7,22.5,27.0,87,13.8,karachi
2024-10-01 01:00:00,12.3,21.9,26.7,89,13.4,karachi
2024-10-01 02:00:00,11.8,21.2,26.5,90,13.5,karachi
2024-10-01 03:00:00,11.2,20.5,26.5,89,14.1,karachi
2024-10-01 04:00:00,10.9,20.2,26.5,89,14.6,karachi
2024-10-01 05:00:00,10.8,20.4,26.4,90,15.7,karachi
2024-10-01 06:00:00,10.9,21.1,27.0,86,15.5,karachi
2024-10-01 07:00:00,12.3,23.3,27.1,86,15.2,karachi
2024-10-01 08:00:00,11.4,24.1,28.5,77,20.6,karachi
2024-10-01 09:00:00,11.0,24.2,29.9,70,22.3,karachi
2024-10-01 10:00:00,11.3,25.6,31.0,64,24.1,karachi
2024-10-01 11:00:00,11.6,27.1,31.9,60,25.0,karachi
2024-10-01 12:00:00,11.8,28.9,32.6,56,26.0,karachi
2024-10-01 13:00:00,11.8,30.5,32.8,56,26.7,karachi
2024-10-01 14:00:00,11.7,31.4,32.7,57,27.0,karachi
2024-10-01 15:00:00,11.4,30.6,32.2,60,27.2,karachi
2024-10-01 16:00:00,10.9,27.8,31.3,64,26.9,karachi
2024-10-01 17:00:00,11.7,30.9,30.0,71,25.0,karachi
2024-10-01 18:00:00,11.3,27.4,28.7,79,21.0,karachi
2024-10-01 19:00:00,11.1,23.5,28.1,83,18.0,karachi
2024-10-01 20:00:00,11.1,21.3,28.0,85,16.6,karachi
2024-10-01 21:00:00,11.5,21.1,27.8,86,14.5,karachi
2024-10-01 22:00:00,11.9,21.4,27.5,88,12.5,karachi
2024-10-01 23:00:00,12.3,22.1,27.2,90,13.6,karachi
2024-10-02 00:00:00,12.9,23.4,27.0,91,13.6,karachi
2024-10-02 01:00:00,13.0,24.2,26.9,92,14.4,karachi
2024-10-02 02:00:00,12.7,23.7,26.9,92,15.7,karachi
2024-10-02 03:00:00,12.6,23.5,26.8,92,16.7,karachi
2024-10-02 04:00:00,12.5,23.3,26.7,91,17.1,karachi
2024-10-02 05:00:00,11.8,21.7,26.5,92,16.8,karachi
2024-10-02 06:00:00,11.7,21.2,26.9,89,16.0,karachi
2024-10-02 07:00:00,12.2,21.5,26.9,89,15.5,karachi
2024-10-02 08:00:00,11.0,20.0,28.5,78,21.7,karachi
2024-10-02 09:00:00,10.7,20.1,29.9,70,23.5,karachi
2024-10-02 10:00:00,10.7,22.6,31.1,65,24.5,karachi
2024-10-02 11:00:00,11.3,27.8,32.0,61,25.2,karachi
2024-10-02 12:00:00,12.0,33.9,32.3,60,27.3,karachi
2024-10-02 13:00:00,12.3,37.5,32.3,61,28.3,karachi
2024-10-02 14:00:00,12.3,37.4,32.1,62,28.4,karachi
2024-10-02 15:00:00,12.3,35.2,31.5,65,28.2,karachi
2024-10-02 16:00:00,12.3,32.0,30.8,69,27.4,karachi
2024-10-02 17:00:00,11.3,26.7,30.0,73,25.8,karachi
2024-10-02 18:00:00,12.5,28.1,29.0,77,21.6,karachi
2024-10-02 19:00:00,13.9,30.7,28.4,81,18.5,karachi
2024-10-02 20:00:00,15.1,34.3,28.1,82,18.8,karachi
2024-10-02 21:00:00,16.2,37.5,27.8,86,18.0,karachi
2024-10-02 22:00:00,17.2,39.9,27.5,88,14.1,karachi
2024-10-02 23:00:00,18.2,41.8,27.4,89,16.5,karachi
2024-10-03 00:00:00,18.2,41.8,27.2,90,18.5,karachi
2024-10-03 01:00:00,17.4,39.0,27.1,91,19.7,karachi
2024-10-03 02:00:00,16.5,35.9,27.0,91,20.9,karachi
2024-10-03 03:00:00,15.4,32.7,26.8,91,19.7,karachi
2024-10-03 04:00:00,14.4,30.4,26.9,90,19.4,karachi
2024-10-03 05:00:00,13.5,28.1,26.7,91,18.2,karachi
2024-10-03 06:00:00,12.9,27.4,26.9,87,18.5,karachi
2024-10-03 07:00:00,13.3,27.5,27.1,85,18.2,karachi
2024-10-03 08:00:00,13.0,27.4,28.6,75,25.6,karachi
2024-10-03 09:00:00,12.0,25.6,30.0,67,26.8,karachi
2024-10-03 10:00:00,11.6,26.1,30.9,64,26.8,karachi
2024-10-03 11:00:00,11.8,29.0,31.6,63,28.5,karachi
2024-10-03 12:00:00,12.0,32.5,32.0,63,30.1,karachi
2024-10-03 13:00:00,12.5,38.8,32.0,63,30.6,karachi
2024-10-03 14:00:00,12.9,40.2,31.9,63,30.6,karachi
2024-10-03 15:00:00,13.0,38.1,31.5,65,30.2,karachi
2024-10-03 16:00:00,13.0,34.9,30.8,69,28.6,karachi
2024-10-03 17:00:00,12.7,28.8,29.6,75,26.5,karachi
2024-10-03 18:00:00,13.3,28.8,28.6,78,22.5,karachi
2024-10-03 19:00:00,14.0,29.3,27.9,83,22.4,karachi
2024-10-03 20:00:00,14.5,30.7,27.6,85,24.5,karachi
2024-10-03 21:00:00,14.5,31.0,27.5,86,22.0,karachi
2024-10-03 22:00:00,15.2,32.2,27.3,88,20.5,karachi
2024-10-03 23:00:00,15.5,32.5,27.1,88,21.2,karachi
2024-10-04 00:00:00,15.9,32.7,27.0,89,21.4,karachi
2024-10-04 01:00:00,15.8,31.9,27.0,90,20.3,karachi
2024-10-04 02:00:00,15.4,31.0,26.9,90,21.4,karachi
2024-10-04 03:00:00,15.2,30.6,26.8,91,21.4,karachi
2024-10-04 04:00:00,15.0,31.0,26.9,91,20.4,karachi
2024-10-04 05:00:00,14.7,31.4,26.8,91,20.8,karachi
2024-10-04 06:00:00,14.9,32.5,27.3,87,22.5,karachi
2024-10-04 07:00:00,15.7,34.2,27.5,87,21.5,karachi
2024-10-04 08:00:00,15.8,36.1,28.6,80,26.9,karachi
2024-10-04 09:00:00,15.0,35.2,30.0,69,28.1,karachi
2024-10-04 10:00:00,14.9,38.0,30.6,66,27.9,karachi
2024-10-04 11:00:00,15.3,38.2,31.2,63,28.0,karachi
2024-10-04 12:00:00,15.3,37.6,31.9,61,29.4,karachi
2024-10-04 13:00:00,15.3,37.7,32.0,61,30.1,karachi
2024-10-04 14:00:00,15.2,38.0,31.5,66,30.6,karachi
2024-10-04 15:00:00,15.1,37.1,31.0,69,31.0,karachi
2024-10-04 16:00:00,14.7,35.4,30.5,72,30.5,karachi
2024-10-04 17:00:00,16.5,41.1,29.5,76,28.3,karachi
2024-10-04 18:00:00,16.2,37.6,28.2,81,24.3,karachi
2024-10-04 19:00:00,15.8,35.4,27.9,83,22.8,karachi
2024-10-04 20:00:00,15.2,33.9,27.6,85,23.8,karachi
2024-10-04 21:00:00,15.3,33.2,27.4,87,18.2,karachi
2024-10-04 22:00:00,16.0,34.8,27.2,88,16.0,karachi
2024-10-04 23:00:00,16.8,36.6,27.0,90,15.5,karachi
2024-10-05 00:00:00,17.6,38.2,26.8,92,15.9,karachi
2024-10-05 01:00:00,17.8,38.5,26.7,93,14.4,karachi
2024-10-05 02:00:00,17.8,39.0,26.5,93,15.6,karachi
2024-10-05 03:00:00,16.9,38.0,26.5,93,17.2,karachi
2024-10-05 04:00:00,15.8,36.3,26.3,94,18.5,karachi
2024-10-05 05:00:00,14.2,34.6,26.4,93,19.3,karachi
2024-10-05 06:00:00,15.3,37.3,26.9,90,21.3,karachi
2024-10-05 07:00:00,16.2,38.5,27.0,89,21.7,karachi
2024-10-05 08:00:00,16.1,41.8,28.5,78,25.3,karachi
2024-10-05 09:00:00,15.2,41.8,29.8,69,26.3,karachi
2024-10-05 10:00:00,14.9,41.3,31.0,61,25.2,karachi
2024-10-05 11:00:00,15.1,43.2,32.1,55,24.9,karachi
2024-10-05 12:00:00,15.3,45.2,32.3,55,25.7,karachi
2024-10-05 13:00:00,15.3,47.6,31.9,60,25.6,karachi
2024-10-05 14:00:00,15.1,47.3,31.9,58,25.0,karachi
2024-10-05 15:00:00,14.8,45.6,30.9,65,25.1,karachi
2024-10-05 16:00:00,14.5,41.3,30.4,68,25.9,karachi
2024-10-05 17:00:00,13.4,36.3,29.4,74,23.9,karachi
2024-10-05 18:00:00,13.7,35.2,28.9,77,18.4,karachi
2024-10-05 19:00:00,14.3,35.3,28.1,82,17.6,karachi
2024-10-05 20:00:00,15.0,36.2,28.0,83,19.5,karachi
2024-10-05 21:00:00,15.0,36.2,27.5,86,16.8,karachi
2024-10-05 22:00:00,15.8,36.4,27.3,87,14.6,karachi
2024-10-05 23:00:00,16.4,37.4,27.1,88,14.1,karachi
2024-10-06 00:00:00,16.6,38.0,26.9,89,10.0,karachi
2024-10-06 01:00:00,16.7,38.5,26.8,90,9.8,karachi
2024-10-06 02:00:00,16.8,38.5,26.5,91,11.1,karachi
2024-10-06 03:00:00,17.1,38.9,26.4,92,11.0,karachi
2024-10-06 04:00:00,17.1,39.3,26.2,93,13.5,karachi
2024-10-06 05:00:00,16.4,40.4,26.0,94,9.1,karachi
2024-10-06 06:00:00,16.1,43.2,26.5,90,9.6,karachi
2024-10-06 07:00:00,17.5,46.1,26.6,89,8.2,karachi
2024-10-06 08:00:00,16.3,48.3,28.0,78,10.8,karachi
2024-10-06 09:00:00,16.1,49.0,29.2,72,11.8,karachi
2024-10-06 10:00:00,15.9,50.2,30.4,65,12.8,karachi
2024-10-06 11:00:00,16.7,52.3,31.5,59,12.2,karachi
2024-10-06 12:00:00,17.9,55.4,32.0,58,15.7,karachi
2024-10-06 13:00:00,18.5,55.4,31.5,65,22.8,karachi
2024-10-06 14:00:00,18.3,53.3,31.1,64,21.9,karachi
2024-10-06 15:00:00,17.9,51.3,30.6,65,20.1,karachi
2024-10-06 16:00:00,17.1,48.3,30.1,67,20.5,karachi
2024-10-06 17:00:00,20.7,57.9,29.4,71,20.2,karachi
2024-10-06 18:00:00,18.8,51.9,28.4,74,19.0,karachi
2024-10-06 19:00:00,17.1,46.8,28.0,77,16.9,karachi
2024-10-06 20:00:00,16.4,45.2,27.6,79,13.2,karachi
2024-10-06 21:00:00,16.4,45.5,27.5,80,9.5,karachi
2024-10-06 22:00:00,16.8,46.3,27.2,81,9.0,karachi
2024-10-06 23:00:00,17.1,46.4,27.0,84,8.3,karachi
2024-10-07 00:00:00,17.6,45.3,26.5,87,6.1,karachi
2024-10-07 01:00:00,17.1,43.8,26.0,91,4.8,karachi
2024-10-07 02:00:00,16.4,40.9,25.6,93,7.1,karachi
2024-10-07 03:00:00,15.7,37.7,25.4,94,8.4,karachi
2024-10-07 04:00:00,14.8,35.9,25.1,96,9.9,karachi
2024-10-07 05:00:00,15.7,36.1,24.9,96,10.0,karachi
2024-10-07 06:00:00,15.4,37.5,25.4,94,8.0,karachi
2024-10-07 07:00:00,17.1,40.6,25.5,92,7.7,karachi
2024-10-07 08:00:00,18.0,50.4,27.2,81,7.8,karachi
2024-10-07 09:00:00,19.7,54.8,29.8,66,8.1,karachi
2024-10-07 10:00:00,20.5,55.5,31.7,53,3.8,karachi
2024-10-07 11:00:00,21.0,55.9,33.0,44,4.7,karachi
2024-10-07 12:00:00,22.4,58.1,33.5,42,10.7,karachi
2024-10-07 13:00:00,23.5,59.5,34.0,41,15.6,karachi
2024-10-07 14:00:00,23.3,58.4,34.0,38,19.2,karachi
2024-10-07 15:00:00,23.1,56.9,33.8,37,19.6,karachi
2024-10-07 16:00:00,22.8,56.0,33.5,37,18.0,karachi
2024-10-07 17:00:00,22.5,53.1,32.7,40,18.0,karachi
2024-10-07 18:00:00,21.9,51.1,30.3,54,18.8,karachi
2024-10-07 19:00:00,21.2,48.0,29.2,66,16.9,karachi
2024-10-07 20:00:00,20.5,45.5,28.6,65,14.9,karachi
2024-10-07 21:00:00,20.0,43.7,28.0,72,13.7,karachi
2024-10-07 22:00:00,19.7,41.9,27.8,72,11.2,karachi
2024-10-07 23:00:00,19.2,41.7,27.2,73,12.4,karachi
2024-10-08 00:00:00,18.5,39.7,26.7,76,12.1,karachi
2024-10-08 01:00:00,17.6,37.8,26.2,79,13.1,karachi
2024-10-08 02:00:00,16.9,36.3,25.7,83,14.0,karachi
2024-10-08 03:00:00,16.1,34.8,25.4,83,14.5,karachi
2024-10-08 04:00:00,15.5,33.3,25.0,81,12.9,karachi
2024-10-08 05:00:00,16.6,35.2,24.8,80,11.5,karachi
2024-10-08 06:00:00,17.1,35.4,25.1,79,11.8,karachi
2024-10-08 07:00:00,19.6,38.3,25.5,72,11.4,karachi
2024-10-08 08:00:00,23.7,43.9,28.0,58,9.5,karachi
2024-10-08 09:00:00,23.1,43.9,31.5,41,12.0,karachi
2024-10-08 10:00:00,20.4,42.4,34.8,27,14.6,karachi
2024-10-08 11:00:00,19.0,41.6,36.5,23,9.8,karachi
2024-10-08 12:00:00,20.3,43.0,37.0,23,8.3,karachi
2024-10-08 13:00:00,21.7,44.1,37.5,23,11.7,karachi
2024-10-08 14:00:00,23.1,45.6,37.5,23,14.9,karachi
2024-10-08 15:00:00,24.0,46.6,37.5,23,17.3,karachi
2024-10-08 16:00:00,24.6,47.1,36.8,24,21.8,karachi
2024-10-08 17:00:00,27.3,53.6,35.7,26,20.6,karachi
2024-10-08 18:00:00,28.6,53.1,34.2,30,20.3,karachi
2024-10-08 19:00:00,29.4,52.2,32.9,35,14.9,karachi
2024-10-08 20:00:00,28.5,50.2,32.2,38,15.8,karachi
2024-10-08 21:00:00,26.4,47.6,31.2,43,14.5,karachi
2024-10-08 22:00:00,26.3,47.0,30.4,48,13.7,karachi
2024-10-08 23:00:00,26.4,47.1,29.8,51,13.0,karachi
2024-10-09 00:00:00,25.9,46.4,28.9,59,16.4,karachi
2024-10-09 01:00:00,24.8,44.8,28.5,59,11.9,karachi
2024-10-09 02:00:00,23.5,42.8,27.9,58,7.7,karachi
2024-10-09 03:00:00,22.5,41.2,27.4,58,8.1,karachi
2024-10-09 04:00:00,22.1,40.4,27.3,61,13.8,karachi
2024-10-09 05:00:00,23.0,41.7,26.9,65,11.3,karachi
2024-10-09 06:00:00,24.4,44.1,26.8,71,10.3,karachi
2024-10-09 07:00:00,28.2,49.2,27.0,72,10.0,karachi
2024-10-09 08:00:00,33.2,56.2,29.1,64,9.6,karachi
2024-10-09 09:00:00,34.3,59.5,31.8,51,12.3,karachi
2024-10-09 10:00:00,32.2,58.7,34.3,38,14.0,karachi
2024-10-09 11:00:00,28.3,53.9,36.0,31,12.9,karachi
2024-10-09 12:00:00,26.7,50.6,36.8,27,11.5,karachi
2024-10-09 13:00:00,25.6,48.3,37.5,25,13.5,karachi
2024-10-09 14:00:00,23.7,44.8,38.0,23,17.6,karachi
2024-10-09 15:00:00,23.0,43.5,37.8,23,21.8,karachi
2024-10-09 16:00:00,23.1,43.7,37.2,23,25.1,karachi
2024-10-09 17:00:00,23.6,45.2,36.1,25,26.9,karachi
2024-10-09 18:00:00,25.8,47.0,33.2,40,21.8,karachi
2024-10-09 19:00:00,27.8,47.0,31.3,52,15.9,karachi
2024-10-09 20:00:00,28.4,46.7,30.5,58,13.8,karachi
2024-10-09 21:00:00,27.9,46.3,29.7,65,13.5,karachi
2024-10-09 22:00:00,27.0,45.4,29.1,66,10.8,karachi
2024-10-09 23:00:00,28.1,46.7,28.5,68,4.8,karachi
2024-10-10 00:00:00,28.8,47.5,27.9,71,6.7,karachi
2024-10-10 01:00:00,29.3,47.8,27.4,75,9.4,karachi
2024-10-10 02:00:00,29.0,47.1,27.0,80,9.8,karachi
2024-10-10 03:00:00,28.6,46.7,26.6,84,11.4,karachi
2024-10-10 04:00:00,27.6,45.8,26.2,85,9.7,karachi
2024-10-10 05:00:00,26.5,44.1,25.8,82,8.5,karachi
2024-10-10 06:00:00,27.1,45.2,26.0,86,8.9,karachi
2024-10-10 07:00:00,30.9,50.4,26.0,84,8.2,karachi
2024-10-10 08:00:00,35.6,57.5,28.1,75,9.0,karachi
2024-10-10 09:00:00,33.8,56.0,30.7,64,13.8,karachi
2024-10-10 10:00:00,31.8,54.0,33.7,45,13.6,karachi
2024-10-10 11:00:00,29.5,52.9,35.7,32,8.8,karachi
2024-10-10 12:00:00,28.3,54.2,36.5,28,8.4,karachi
2024-10-10 13:00:00,27.2,56.6,37.0,26,11.3,karachi
2024-10-10 14:00:00,26.1,59.8,37.0,26,13.9,karachi
2024-10-10 15:00:00,25.4,59.8,36.5,28,20.5,karachi
2024-10-10 16:00:00,25.1,58.3,35.8,29,24.0,karachi
2024-10-10 17:00:00,24.4,56.5,34.3,32,20.2,karachi
2024-10-10 18:00:00,23.6,48.8,33.2,37,15.3,karachi
2024-10-10 19:00:00,22.3,40.9,31.3,51,14.9,karachi
2024-10-10 20:00:00,21.9,37.7,30.8,56,11.5,karachi
2024-10-10 21:00:00,20.8,36.4,30.6,51,10.5,karachi
2024-10-10 22:00:00,21.9,38.3,29.9,53,8.7,karachi
2024-10-10 23:00:00,24.2,41.6,29.2,54,10.5,karachi
2024-10-11 00:00:00,27.2,45.2,28.6,55,10.8,karachi
2024-10-11 01:00:00,27.6,45.6,27.9,56,10.8,karachi
2024-10-11 02:00:00,25.8,43.4,27.5,58,13.1,karachi
2024-10-11 03:00:00,23.1,40.4,27.4,57,15.6,karachi
2024-10-11 04:00:00,20.8,37.7,27.5,50,14.4,karachi
2024-10-11 05:00:00,20.7,36.9,27.3,46,12.6,karachi
2024-10-11 06:00:00,22.1,39.2,26.5,58,9.1,karachi
2024-10-11 07:00:00,27.2,47.5,27.0,54,10.2,karachi
2024-10-11 08:00:00,31.9,57.9,29.9,43,10.9,karachi
2024-10-11 09:00:00,32.2,65.2,33.3,33,11.8,karachi
2024-10-11 10:00:00,29.3,70.8,36.0,24,12.7,karachi
2024-10-11 11:00:00,26.3,65.7,37.3,21,10.8,karachi
2024-10-11 12:00:00,22.8,57.2,37.5,19,4.8,karachi
2024-10-11 13:00:00,20.0,50.1,37.0,24,8.7,karachi
2024-10-11 14:00:00,18.1,45.2,37.0,28,17.5,karachi
2024-10-11 15:00:00,17.1,42.4,37.2,24,21.4,karachi
2024-10-11 16:00:00,16.9,41.2,37.5,22,24.4,karachi
2024-10-11 17:00:00,20.0,45.6,36.3,22,27.0,karachi
2024-10-11 18:00:00,29.8,61.0,32.7,48,15.0,karachi
2024-10-11 19:00:00,36.3,71.5,31.9,51,8.5,karachi
2024-10-11 20:00:00,38.8,76.4,30.2,69,12.8,karachi
2024-10-11 21:00:00,41.1,81.7,29.4,74,9.1,karachi
2024-10-11 22:00:00,42.4,84.1,28.8,80,5.0,karachi
2024-10-11 23:00:00,42.8,86.8,28.1,86,3.9,karachi
2024-10-12 00:00:00,42.4,85.2,27.6,86,8.4,karachi
2024-10-12 01:00:00,42.3,83.8,27.1,84,9.3,karachi
2024-10-12 02:00:00,43.0,84.5,26.9,75,11.6,karachi
2024-10-12 03:00:00,44.8,87.5,26.3,70,8.2,karachi
2024-10-12 04:00:00,46.6,89.6,26.0,72,3.8,karachi
2024-10-12 05:00:00,43.3,82.0,25.1,71,6.4,karachi
2024-10-12 06:00:00,41.6,79.4,25.6,83,4.4,karachi
2024-10-12 07:00:00,44.5,82.7,26.1,79,2.3,karachi
2024-10-12 08:00:00,49.1,91.5,28.0,67,3.5,karachi
2024-10-12 09:00:00,42.4,89.6,31.0,49,5.4,karachi
2024-10-12 10:00:00,41.2,88.9,33.9,35,6.3,karachi
2024-10-12 11:00:00,40.7,85.4,35.7,27,4.6,karachi
2024-10-12 12:00:00,40.9,82.7,36.1,26,9.0,karachi
2024-10-12 13:00:00,40.7,80.8,36.0,32,16.9,karachi
2024-10-12 14:00:00,38.0,75.2,35.3,36,23.1,karachi
2024-10-12 15:00:00,36.4,71.9,35.5,30,25.6,karachi
2024-10-12 16:00:00,38.0,74.0,35.4,27,22.4,karachi
2024-10-12 17:00:00,37.6,71.2,34.7,32,16.4,karachi
2024-10-12 18:00:00,38.4,70.8,32.0,51,14.9,karachi
2024-10-12 19:00:00,38.3,69.4,30.5,66,13.4,karachi
2024-10-12 20:00:00,37.8,68.7,30.0,69,8.1,karachi
2024-10-12 21:00:00,38.5,69.8,29.6,77,8.2,karachi
2024-10-12 22:00:00,40.2,72.9,29.2,78,7.6,karachi
2024-10-12 23:00:00,42.6,76.6,28.6,81,3.6,karachi
2024-10-13 00:00:00,45.1,79.6,28.5,84,7.5,karachi
2024-10-13 01:00:00,46.6,81.3,28.3,85,7.7,karachi
2024-10-13 02:00:00,45.9,79.4,28.2,85,4.6,karachi
2024-10-13 03:00:00,48.1,80.1,27.4,90,3.5,karachi
2024-10-13 04:00:00,45.9,75.2,26.9,92,6.6,karachi
2024-10-13 05:00:00,31.4,50.6,26.2,93,7.0,karachi
2024-10-13 06:00:00,31.3,49.4,26.5,92,7.7,karachi
2024-10-13 07:00:00,36.0,55.1,26.4,92,7.0,karachi
2024-10-13 08:00:00,33.6,51.1,28.2,81,6.2,karachi
2024-10-13 09:00:00,28.2,43.5,30.0,66,3.1,karachi
2024-10-13 10:00:00,26.3,41.3,30.6,59,1.0,karachi
2024-10-13 11:00:00,25.0,40.4,31.5,54,2.2,karachi
2024-10-13 12:00:00,23.4,38.8,33.1,47,4.3,karachi
2024-10-13 13:00:00,21.6,36.2,33.6,45,8.0,karachi
2024-10-13 14:00:00,18.6,31.4,33.2,49,15.6,karachi
2024-10-13 15:00:00,15.1,25.6,33.3,48,16.9,karachi
2024-10-13 16:00:00,12.7,21.4,33.0,47,18.2,karachi
2024-10-13 17:00:00,17.9,30.5,31.8,51,20.3,karachi
2024-10-13 18:00:00,17.0,28.3,31.5,53,15.8,karachi
2024-10-13 19:00:00,18.7,29.5,30.9,62,12.8,karachi
2024-10-13 20:00:00,20.3,31.1,30.2,69,13.8,karachi
2024-10-13 21:00:00,21.9,33.5,29.6,73,12.4,karachi
2024-10-13 22:00:00,23.6,36.1,29.5,74,9.0,karachi
2024-10-13 23:00:00,24.9,38.2,29.3,75,6.2,karachi
2024-10-14 00:00:00,25.8,39.6,29.1,75,3.6,karachi
2024-10-14 01:00:00,26.3,40.2,29.1,75,3.1,karachi
2024-10-14 02:00:00,27.0,41.0,29.0,74,3.4,karachi
2024-10-14 03:00:00,27.6,41.8,29.0,73,6.2,karachi
2024-10-14 04:00:00,27.4,41.4,28.9,74,8.3,karachi
2024-10-14 05:00:00,28.9,42.7,28.7,77,9.6,karachi
2024-10-14 06:00:00,28.8,42.5,28.3,77,6.7,karachi
2024-10-14 07:00:00,31.8,46.7,28.3,76,3.5,karachi
2024-10-14 08:00:00,32.6,47.8,28.5,73,3.4,karachi
2024-10-14 09:00:00,31.2,45.9,29.5,65,7.2,karachi
2024-10-14 10:00:00,27.4,40.6,30.5,57,6.9,karachi
2024-10-14 11:00:00,23.7,35.4,31.9,51,8.0,karachi
2024-10-14 12:00:00,19.5,30.3,32.7,48,10.0,karachi
2024-10-14 13:00:00,16.5,27.0,34.1,42,13.7,karachi
2024-10-14 14:00:00,15.2,25.0,34.4,36,12.4,karachi
2024-10-14 15:00:00,14.1,23.4,33.2,41,9.0,karachi
2024-10-14 16:00:00,14.2,23.5,31.2,65,12.2,karachi
2024-10-14 17:00:00,20.5,33.5,30.4,68,12.8,karachi
2024-10-14 18:00:00,21.0,34.3,32.0,55,2.9,karachi
2024-10-14 19:00:00,23.9,38.4,31.5,59,0.6,karachi
2024-10-14 20:00:00,25.7,41.0,32.0,46,10.3,karachi
2024-10-14 21:00:00,26.6,41.8,31.5,46,12.3,karachi
2024-10-14 22:00:00,27.9,43.9,31.2,48,14.7,karachi
2024-10-14 23:00:00,29.3,46.1,29.4,73,11.2,karachi
2024-10-15 00:00:00,30.3,48.2,28.5,84,18.2,karachi
2024-10-15 01:00:00,30.2,47.8,28.0,84,15.9,karachi
2024-10-15 02:00:00,30.4,47.7,27.6,83,7.5,karachi
2024-10-15 03:00:00,29.8,46.7,27.1,84,3.6,karachi
2024-10-15 04:00:00,29.6,46.2,27.0,84,2.7,karachi
2024-10-15 05:00:00,25.1,39.2,26.9,83,6.3,karachi
2024-10-15 06:00:00,25.4,39.5,28.4,66,11.4,karachi
2024-10-15 07:00:00,25.4,38.9,28.1,63,12.8,karachi
2024-10-15 08:00:00,26.8,40.7,29.7,55,8.8,karachi
2024-10-15 09:00:00,27.3,41.6,32.4,42,13.0,karachi
2024-10-15 10:00:00,24.3,38.0,34.7,31,13.5,karachi
2024-10-15 11:00:00,22.7,35.9,36.0,26,12.6,karachi
2024-10-15 12:00:00,23.5,37.1,36.4,26,12.6,karachi
2024-10-15 13:00:00,23.4,37.1,36.2,28,13.4,karachi
2024-10-15 14:00:00,23.5,37.3,36.0,32,19.4,karachi
2024-10-15 15:00:00,24.2,38.4,35.3,35,22.4,karachi
2024-10-15 16:00:00,25.7,40.9,33.5,44,28.8,karachi
2024-10-15 17:00:00,27.0,43.2,32.8,46,23.2,karachi
2024-10-15 18:00:00,27.0,43.4,31.5,49,18.9,karachi
2024-10-15 19:00:00,26.1,42.0,31.2,54,14.7,karachi
2024-10-15 20:00:00,25.1,39.9,30.6,53,11.4,karachi
2024-10-15 21:00:00,23.6,37.5,30.1,57,8.8,karachi
2024-10-15 22:00:00,23.5,37.3,29.6,65,8.0,karachi
2024-10-15 23:00:00,24.2,38.4,28.9,74,10.9,karachi
2024-10-16 00:00:00,24.4,38.9,28.5,80,11.5,karachi
2024-10-16 01:00:00,24.4,39.2,28.1,81,9.8,karachi
2024-10-16 02:00:00,24.3,39.3,27.8,83,9.9,karachi
2024-10-16 03:00:00,24.0,39.2,27.5,84,9.8,karachi
2024-10-16 04:00:00,23.5,38.6,27.2,87,8.6,karachi
2024-10-16 05:00:00,20.8,33.6,27.0,89,8.2,karachi
2024-10-16 06:00:00,20.0,32.2,26.7,89,8.4,karachi
2024-10-16 07:00:00,21.8,34.6,27.0,85,7.7,karachi
2024-10-16 08:00:00,22.5,35.4,28.7,75,6.9,karachi
2024-10-16 09:00:00,22.8,35.6,31.2,58,8.5,karachi
2024-10-16 10:00:00,21.9,34.8,33.6,43,11.0,karachi
2024-10-16 11:00:00,25.1,40.9,35.0,34,15.0,karachi
2024-10-16 12:00:00,26.0,42.6,35.8,31,17.5,karachi
2024-10-16 13:00:00,25.8,42.4,36.1,32,20.5,karachi
2024-10-16 14:00:00,25.3,41.6,36.0,32,23.9,karachi
2024-10-16 15:00:00,24.6,40.6,36.0,29,24.2,karachi
2024-10-16 16:00:00,23.2,38.6,35.2,32,25.2,karachi
2024-10-16 17:00:00,16.1,26.4,34.5,30,24.4,karachi
2024-10-16 18:00:00,16.1,26.1,30.8,70,18.6,karachi
2024-10-16 19:00:00,16.3,26.2,30.0,73,15.9,karachi
2024-10-16 20:00:00,16.7,26.9,29.4,79,14.9,karachi
2024-10-16 21:00:00,17.2,27.8,29.1,83,15.8,karachi
2024-10-16 22:00:00,18.2,29.5,28.8,84,14.4,karachi
2024-10-16 23:00:00,19.0,31.0,28.5,84,12.7,karachi
2024-10-17 00:00:00,19.2,31.3,28.0,86,12.5,karachi
2024-10-17 01:00:00,19.4,31.7,27.6,90,11.6,karachi
2024-10-17 02:00:00,19.6,32.2,27.2,90,11.1,karachi
2024-10-17 03:00:00,19.7,32.5,27.4,87,13.5,karachi
2024-10-17 04:00:00,19.7,32.8,27.8,84,11.7,karachi
2024-10-17 05:00:00,19.7,32.7,27.7,85,11.4,karachi
2024-10-17 06:00:00,20.3,33.8,27.5,88,14.9,karachi
2024-10-17 07:00:00,23.3,38.3,27.6,86,14.5,karachi
2024-10-17 08:00:00,24.3,40.6,29.4,77,14.2,karachi
2024-10-17 09:00:00,22.7,38.8,31.0,66,16.6,karachi
2024-10-17 10:00:00,22.5,39.1,32.3,56,15.1,karachi
2024-10-17 11:00:00,22.2,39.7,34.2,47,17.1,karachi
2024-10-17 12:00:00,22.2,40.5,34.5,47,17.4,karachi
2024-10-17 13:00:00,21.8,40.5,34.0,54,21.9,karachi
2024-10-17 14:00:00,21.1,39.6,33.5,54,23.0,karachi
2024-10-17 15:00:00,20.3,38.1,33.1,55,22.9,karachi
2024-10-17 16:00:00,19.3,35.7,32.5,55,23.0,karachi
2024-10-17 17:00:00,20.1,36.0,31.5,59,20.8,karachi
2024-10-17 18:00:00,20.0,34.9,29.4,77,19.5,karachi
2024-10-17 19:00:00,19.6,33.6,29.0,81,16.4,karachi
2024-10-17 20:00:00,19.7,33.3,28.8,82,14.8,karachi
2024-10-17 21:00:00,19.7,33.1,28.5,86,11.0,karachi
2024-10-17 22:00:00,19.6,32.9,28.0,88,6.3,karachi
2024-10-17 23:00:00,20.0,33.3,27.5,91,5.9,karachi
2024-10-18 00:00:00,20.7,34.0,27.0,93,6.9,karachi
2024-10-18 01:00:00,21.0,34.3,26.4,95,9.0,karachi
2024-10-18 02:00:00,21.1,34.0,25.8,96,7.6,karachi
2024-10-18 03:00:00,20.5,32.5,25.1,97,5.2,karachi
2024-10-18 04:00:00,19.0,30.2,25.5,96,1.7,karachi
2024-10-18 05:00:00,20.6,31.7,25.5,97,0.0,karachi
2024-10-18 06:00:00,20.9,32.0,25.2,99,4.1,karachi
2024-10-18 07:00:00,24.7,37.5,25.2,99,3.9,karachi
2024-10-18 08:00:00,28.2,43.7,25.5,99,2.2,karachi
2024-10-18 09:00:00,25.6,42.0,28.0,85,3.4,karachi
2024-10-18 10:00:00,22.5,36.7,31.4,62,4.9,karachi
2024-10-18 11:00:00,20.8,33.8,33.5,52,9.3,karachi
2024-10-18 12:00:00,21.8,35.0,33.8,53,14.4,karachi
2024-10-18 13:00:00,23.1,37.3,34.1,51,17.9,karachi
2024-10-18 14:00:00,23.9,38.8,34.5,41,20.0,karachi
2024-10-18 15:00:00,24.0,39.2,34.5,41,19.0,karachi
2024-10-18 16:00:00,23.9,38.6,33.9,46,19.4,karachi
2024-10-18 17:00:00,22.6,36.6,33.0,51,19.3,karachi
2024-10-18 18:00:00,22.8,36.6,30.5,64,18.4,karachi
2024-10-18 19:00:00,22.1,35.2,29.5,72,15.5,karachi
2024-10-18 20:00:00,21.5,34.1,29.1,76,9.4,karachi
2024-10-18 21:00:00,21.5,34.2,28.6,81,7.2,karachi
2024-10-18 22:00:00,21.9,34.9,28.0,84,8.1,karachi
2024-10-18 23:00:00,22.6,35.9,27.4,85,7.8,karachi
2024-10-19 00:00:00,22.9,36.2,26.9,88,7.6,karachi
2024-10-19 01:00:00,23.6,36.9,26.4,90,13.2,karachi
2024-10-19 02:00:00,23.5,36.7,26.4,90,14.3,karachi
2024-10-19 03:00:00,22.5,35.0,26.2,89,14.1,karachi
2024-10-19 04:00:00,20.9,32.8,26.2,82,12.9,karachi
2024-10-19 05:00:00,20.1,31.8,26.0,74,11.3,karachi
2024-10-19 06:00:00,20.5,32.5,25.6,88,8.3,karachi
2024-10-19 07:00:00,23.9,37.7,25.5,85,7.8,karachi
2024-10-19 08:00:00,29.6,46.3,27.8,70,5.2,karachi
2024-10-19 09:00:00,33.1,52.3,30.5,56,2.7,karachi
2024-10-19 10:00:00,28.9,46.9,33.2,41,1.9,karachi
2024-10-19 11:00:00,27.9,45.6,35.0,33,2.9,karachi
2024-10-19 12:00:00,27.2,44.7,35.8,32,6.2,karachi
2024-10-19 13:00:00,27.2,45.1,36.5,32,11.3,karachi
2024-10-19 14:00:00,27.0,45.4,36.8,32,16.3,karachi
2024-10-19 15:00:00,26.6,46.2,35.6,35,23.0,karachi
2024-10-19 16:00:00,26.3,46.4,35.2,33,20.0,karachi
2024-10-19 17:00:00,30.6,52.4,34.3,35,20.0,karachi
2024-10-19 18:00:00,29.0,48.2,32.8,41,18.5,karachi
2024-10-19 19:00:00,26.9,43.5,31.5,52,15.8,karachi
2024-10-19 20:00:00,25.0,40.2,30.7,57,13.0,karachi
2024-10-19 21:00:00,24.0,38.9,30.2,59,10.9,karachi
2024-10-19 22:00:00,23.6,38.3,29.6,60,8.9,karachi
2024-10-19 23:00:00,23.9,38.4,29.0,63,9.4,karachi
2024-10-20 00:00:00,24.7,39.5,28.1,66,7.2,karachi
2024-10-20 01:00:00,24.7,39.5,27.3,72,5.9,karachi
2024-10-20 02:00:00,24.7,39.5,27.0,70,11.5,karachi
2024-10-20 03:00:00,24.4,39.1,27.0,70,14.5,karachi
2024-10-20 04:00:00,23.3,37.8,26.8,74,13.8,karachi
2024-10-20 05:00:00,21.1,34.5,26.4,72,11.5,karachi
2024-10-20 06:00:00,20.8,33.9,26.1,82,10.5,karachi
2024-10-20 07:00:00,23.9,38.1,26.0,83,9.6,karachi
2024-10-20 08:00:00,29.5,46.1,28.0,75,6.8,karachi
2024-10-20 09:00:00,29.2,46.0,30.5,62,7.3,karachi
2024-10-20 10:00:00,27.4,44.6,33.2,45,7.3,karachi
2024-10-20 11:00:00,26.9,45.9,35.3,31,8.9,karachi
2024-10-20 12:00:00,29.2,50.4,36.6,27,11.3,karachi
2024-10-20 13:00:00,29.4,51.7,37.1,26,14.7,karachi
2024-10-20 14:00:00,28.7,51.1,37.2,25,17.6,karachi
2024-10-20 15:00:00,27.8,50.3,36.7,26,20.2,karachi
2024-10-20 16:00:00,27.2,48.9,35.6,29,21.4,karachi
2024-10-20 17:00:00,22.2,38.3,33.7,38,21.7,karachi
2024-10-20 18:00:00,19.6,33.1,32.2,46,17.7,karachi
2024-10-20 19:00:00,16.9,28.1,30.6,58,13.1,karachi
2024-10-20 20:00:00,16.2,27.1,29.5,74,14.6,karachi
2024-10-20 21:00:00,15.6,26.2,29.0,78,14.6,karachi
2024-10-20 22:00:00,15.5,26.4,28.6,81,12.3,karachi
2024-10-20 23:00:00,15.3,26.5,28.1,83,8.7,karachi
2024-10-21 00:00:00,15.8,27.5,27.5,87,11.5,karachi
2024-10-21 01:00:00,16.5,28.8,26.9,91,10.9,karachi
2024-10-21 02:00:00,17.5,30.6,26.6,95,10.1,karachi
2024-10-21 03:00:00,17.8,30.3,26.3,96,7.1,karachi
2024-10-21 04:00:00,17.2,28.9,26.0,96,9.9,karachi
2024-10-21 05:00:00,15.9,25.7,25.9,95,8.6,karachi
2024-10-21 06:00:00,16.6,26.5,26.0,93,9.1,karachi
2024-10-21 07:00:00,19.9,31.4,26.0,91,7.5,karachi
2024-10-21 08:00:00,22.1,35.6,27.6,82,6.0,karachi
2024-10-21 09:00:00,21.3,36.8,30.0,66,8.4,karachi
2024-10-21 10:00:00,22.3,41.2,32.5,49,6.7,karachi
2024-10-21 11:00:00,24.3,46.3,34.4,37,7.9,karachi
2024-10-21 12:00:00,26.5,51.2,35.2,35,12.4,karachi
2024-10-21 13:00:00,27.0,52.6,35.2,40,17.4,karachi
2024-10-21 14:00:00,26.5,51.9,34.7,43,23.4,karachi
2024-10-21 15:00:00,24.7,48.4,33.9,43,26.0,karachi
2024-10-21 16:00:00,21.1,41.3,32.8,48,26.1,karachi
2024-10-21 17:00:00,16.5,30.6,31.4,56,26.5,karachi
2024-10-21 18:00:00,14.1,25.4,29.7,69,21.7,karachi
2024-10-21 19:00:00,13.4,23.8,28.8,74,21.5,karachi
2024-10-21 20:00:00,14.2,25.1,28.5,78,17.5,karachi
2024-10-21 21:00:00,15.3,27.0,28.1,80,10.9,karachi
2024-10-21 22:00:00,16.4,28.9,27.8,82,10.6,karachi
2024-10-21 23:00:00,17.5,31.0,27.3,84,13.8,karachi
2024-10-22 00:00:00,18.6,33.2,26.7,88,10.6,karachi
2024-10-22 01:00:00,19.4,34.5,26.0,92,6.2,karachi
2024-10-22 02:00:00,19.9,35.4,25.9,94,9.7,karachi
2024-10-22 03:00:00,20.1,35.6,25.7,95,8.3,karachi
2024-10-22 04:00:00,20.3,36.0,25.0,97,4.5,karachi
2024-10-22 05:00:00,19.7,33.1,24.7,97,4.8,karachi
2024-10-22 06:00:00,20.3,33.8,25.5,96,5.6,karachi
2024-10-22 07:00:00,23.2,37.6,25.8,93,8.7,karachi
2024-10-22 08:00:00,26.6,44.0,27.9,78,9.7,karachi
2024-10-22 09:00:00,28.3,50.3,30.2,59,11.4,karachi
2024-10-22 10:00:00,29.9,55.4,32.6,43,9.8,karachi
2024-10-22 11:00:00,29.7,56.8,34.7,30,9.5,karachi
2024-10-22 12:00:00,28.1,54.7,35.8,26,12.3,karachi
2024-10-22 13:00:00,26.9,53.1,36.2,27,17.3,karachi
2024-10-22 14:00:00,26.0,51.8,36.1,30,22.5,karachi
2024-10-22 15:00:00,25.3,50.5,35.7,30,26.7,karachi
2024-10-22 16:00:00,25.2,50.2,34.3,35,28.5,karachi
2024-10-22 17:00:00,26.4,51.1,32.7,46,29.4,karachi
2024-10-22 18:00:00,29.2,53.9,30.4,56,24.5,karachi
2024-10-22 19:00:00,31.1,55.4,29.4,69,20.2,karachi
2024-10-22 20:00:00,32.2,56.6,28.9,75,7.0,karachi
2024-10-22 21:00:00,33.5,58.4,28.2,79,2.7,karachi
2024-10-22 22:00:00,35.3,61.9,27.9,80,9.4,karachi
2024-10-22 23:00:00,36.9,64.5,27.3,81,11.7,karachi
2024-10-23 00:00:00,38.5,66.8,26.8,85,13.2,karachi
2024-10-23 01:00:00,39.3,67.8,26.2,90,15.8,karachi
2024-10-23 02:00:00,39.8,68.5,26.0,94,15.1,karachi
2024-10-23 03:00:00,39.5,68.2,26.0,94,13.7,karachi
2024-10-23 04:00:00,39.0,67.3,25.2,95,4.6,karachi
2024-10-23 05:00:00,39.3,66.6,25.4,94,8.6,karachi
2024-10-23 06:00:00,38.6,63.6,25.0,93,7.0,karachi
2024-10-23 07:00:00,41.7,66.6,25.2,91,6.8,karachi
2024-10-23 08:00:00,44.6,71.9,27.5,80,6.5,karachi
2024-10-23 09:00:00,43.1,72.2,29.5,70,10.6,karachi
2024-10-23 10:00:00,38.6,65.9,31.3,58,10.6,karachi
2024-10-23 11:00:00,35.5,61.5,33.0,47,12.2,karachi
2024-10-23 12:00:00,32.7,58.2,34.2,43,14.9,karachi
2024-10-23 13:00:00,30.4,55.8,34.8,41,17.3,karachi
2024-10-23 14:00:00,28.8,54.2,34.9,41,19.3,karachi
2024-10-23 15:00:00,28.1,53.7,34.3,42,23.2,karachi
2024-10-23 16:00:00,27.6,52.5,33.6,41,25.6,karachi
2024-10-23 17:00:00,24.8,45.9,32.2,51,24.3,karachi
2024-10-23 18:00:00,25.0,45.8,30.2,67,16.1,karachi
2024-10-23 19:00:00,26.6,47.5,29.2,76,12.7,karachi
2024-10-23 20:00:00,26.4,46.9,28.9,80,12.9,karachi
2024-10-23 21:00:00,26.7,47.4,28.4,82,12.1,karachi
2024-10-23 22:00:00,26.1,48.0,28.0,82,13.3,karachi
2024-10-23 23:00:00,27.1,48.9,27.5,82,11.6,karachi
2024-10-24 00:00:00,27.9,49.6,26.9,84,8.7,karachi
2024-10-24 01:00:00,28.0,49.2,26.0,90,5.4,karachi
2024-10-24 02:00:00,28.2,49.2,25.5,94,4.6,karachi
2024-10-24 03:00:00,27.1,47.7,25.4,95,9.3,karachi
2024-10-24 04:00:00,25.8,46.1,25.1,96,10.7,karachi
2024-10-24 05:00:00,25.8,45.6,24.8,96,9.2,karachi
2024-10-24 06:00:00,26.4,46.8,24.0,94,8.2,karachi
2024-10-24 07:00:00,31.0,53.4,23.6,90,7.1,karachi
2024-10-24 08:00:00,38.5,65.0,25.6,75,5.3,karachi
2024-10-24 09:00:00,31.7,60.5,29.5,55,3.5,karachi
2024-10-24 10:00:00,26.8,56.3,33.2,35,3.7,karachi
2024-10-24 11:00:00,25.4,53.0,35.5,24,3.8,karachi
2024-10-24 12:00:00,25.1,49.9,36.3,22,6.0,karachi
2024-10-24 13:00:00,22.5,43.1,36.5,24,11.3,karachi
2024-10-24 14:00:00,22.4,43.1,36.5,26,16.7,karachi
2024-10-24 15:00:00,22.7,44.6,35.8,26,23.2,karachi
2024-10-24 16:00:00,22.6,44.9,35.0,27,21.5,karachi
2024-10-24 17:00:00,19.6,37.5,34.4,32,16.0,karachi
2024-10-24 18:00:00,18.6,36.1,32.9,38,15.1,karachi
2024-10-24 19:00:00,20.1,37.1,30.9,57,15.0,karachi
2024-10-24 20:00:00,19.8,36.1,30.5,56,10.7,karachi
2024-10-24 21:00:00,18.5,36.1,29.5,55,6.3,karachi
2024-10-24 22:00:00,18.4,36.1,29.0,55,9.0,karachi
2024-10-24 23:00:00,18.7,37.3,28.1,60,12.8,karachi
2024-10-25 00:00:00,18.7,38.2,27.4,70,12.5,karachi
2024-10-25 01:00:00,18.5,37.8,26.6,81,11.9,karachi
2024-10-25 02:00:00,17.8,37.8,26.2,83,12.6,karachi
2024-10-25 03:00:00,16.6,37.6,25.9,87,13.6,karachi
2024-10-25 04:00:00,15.5,37.3,25.6,87,11.6,karachi
2024-10-25 05:00:00,14.5,35.4,25.2,86,10.5,karachi
2024-10-25 06:00:00,14.5,35.7,25.2,88,10.8,karachi
2024-10-25 07:00:00,17.1,38.8,25.0,87,9.9,karachi
2024-10-25 08:00:00,21.2,44.9,27.3,76,7.8,karachi
2024-10-25 09:00:00,20.9,46.8,30.5,60,8.5,karachi
2024-10-25 10:00:00,17.2,42.8,34.0,37,11.8,karachi
2024-10-25 11:00:00,15.9,40.5,36.3,24,16.5,karachi
2024-10-25 12:00:00,15.9,40.2,37.5,18,19.6,karachi
2024-10-25 13:00:00,15.9,39.9,37.9,17,20.8,karachi
2024-10-25 14:00:00,15.7,39.9,37.8,17,21.3,karachi
2024-10-25 15:00:00,15.3,39.5,37.3,18,20.5,karachi
2024-10-25 16:00:00,14.6,38.4,35.8,24,20.0,karachi
2024-10-25 17:00:00,12.6,31.1,33.4,38,17.9,karachi
2024-10-25 18:00:00,12.9,29.2,31.1,60,14.3,karachi
2024-10-25 19:00:00,13.6,28.5,30.1,69,12.3,karachi
2024-10-25 20:00:00,13.8,29.0,29.8,68,14.0,karachi
2024-10-25 21:00:00,13.2,28.7,29.4,67,15.6,karachi
2024-10-25 22:00:00,13.2,28.2,29.0,67,16.7,karachi
2024-10-25 23:00:00,13.5,27.8,28.4,73,15.2,karachi
2024-10-26 00:00:00,13.2,27.0,27.6,83,12.9,karachi
2024-10-26 01:00:00,12.4,25.8,27.0,89,11.4,karachi
2024-10-26 02:00:00,11.9,25.0,26.6,91,11.0,karachi
2024-10-26 03:00:00,11.3,24.6,26.6,88,11.4,karachi
2024-10-26 04:00:00,11.0,25.0,26.5,87,12.1,karachi
2024-10-26 05:00:00,10.8,25.1,26.5,86,12.6,karachi
2024-10-26 06:00:00,11.5,26.5,26.5,88,13.2,karachi
2024-10-26 07:00:00,14.4,30.9,26.6,88,12.2,karachi
2024-10-26 08:00:00,18.0,37.3,28.5,81,12.1,karachi
2024-10-26 09:00:00,15.3,40.3,30.5,71,17.1,karachi
2024-10-26 10:00:00,15.7,53.2,32.4,59,18.5,karachi
2024-10-26 11:00:00,17.1,69.2,34.0,50,20.3,karachi
2024-10-26 12:00:00,18.3,80.8,35.0,46,21.5,karachi
2024-10-26 13:00:00,18.6,83.4,35.7,41,21.8,karachi
2024-10-26 14:00:00,18.8,83.8,35.6,41,22.5,karachi
2024-10-26 15:00:00,19.2,81.5,34.8,44,23.0,karachi
2024-10-26 16:00:00,19.7,76.1,33.5,50,23.0,karachi
2024-10-26 17:00:00,20.0,71.2,32.2,55,19.4,karachi
2024-10-26 18:00:00,20.2,60.1,30.1,71,18.0,karachi
2024-10-26 19:00:00,20.0,49.8,29.6,74,16.0,karachi
2024-10-26 20:00:00,19.0,43.8,29.5,74,17.5,karachi
2024-10-26 21:00:00,17.5,38.5,29.2,72,15.3,karachi
2024-10-26 22:00:00,16.8,36.1,28.8,74,12.6,karachi
2024-10-26 23:00:00,16.7,35.5,28.6,72,12.5,karachi
2024-10-27 00:00:00,16.5,35.5,28.0,74,11.8,karachi
2024-10-27 01:00:00,16.1,34.7,27.4,79,11.4,karachi
2024-10-27 02:00:00,15.6,33.2,27.1,77,10.3,karachi
2024-10-27 03:00:00,15.2,31.9,26.1,80,7.7,karachi
2024-10-27 04:00:00,15.1,32.0,27.3,74,3.2,karachi
2024-10-27 05:00:00,17.3,36.0,26.8,76,1.6,karachi
2024-10-27 06:00:00,17.8,37.4,25.6,87,4.8,karachi
2024-10-27 07:00:00,21.9,43.4,24.5,91,6.1,karachi
2024-10-27 08:00:00,26.8,51.1,27.2,78,4.4,karachi
2024-10-27 09:00:00,22.8,57.3,29.7,73,3.8,karachi
2024-10-27 10:00:00,21.4,75.7,32.0,62,6.1,karachi
2024-10-27 11:00:00,24.3,92.2,34.0,50,7.5,karachi
2024-10-27 12:00:00,27.6,103.4,35.8,41,10.3,karachi
2024-10-27 13:00:00,30.0,109.4,36.4,40,15.3,karachi
2024-10-27 14:00:00,30.6,109.7,36.3,41,18.7,karachi
2024-10-27 15:00:00,30.6,108.5,36.4,36,19.4,karachi
2024-10-27 16:00:00,31.7,109.9,35.3,38,20.1,karachi
2024-10-27 17:00:00,33.2,110.4,33.6,44,18.1,karachi
2024-10-27 18:00:00,35.6,107.8,30.7,66,15.5,karachi
2024-10-27 19:00:00,37.6,106.2,29.6,78,12.6,karachi
2024-10-27 20:00:00,39.3,106.6,29.0,84,12.0,karachi
2024-10-27 21:00:00,40.7,110.8,28.5,84,13.6,karachi
2024-10-27 22:00:00,40.6,106.9,28.1,83,13.7,karachi
2024-10-27 23:00:00,39.2,100.6,27.6,80,10.0,karachi
2024-10-28 00:00:00,36.8,92.7,26.8,84,8.8,karachi
2024-10-28 01:00:00,33.4,83.8,26.4,87,9.6,karachi
2024-10-28 02:00:00,30.0,74.5,26.0,88,9.8,karachi
2024-10-28 03:00:00,26.8,66.1,25.9,89,10.2,karachi
2024-10-28 04:00:00,24.2,58.6,25.5,90,9.5,karachi
2024-10-28 05:00:00,22.8,54.6,25.1,89,8.8,karachi
2024-10-28 06:00:00,22.5,52.4,25.5,90,9.6,karachi
2024-10-28 07:00:00,25.6,54.7,25.4,91,8.6,karachi
2024-10-28 08:00:00,29.7,60.3,28.1,82,7.2,karachi
2024-10-28 09:00:00,26.7,60.8,30.2,73,11.4,karachi
2024-10-28 10:00:00,26.7,65.2,31.9,66,13.9,karachi
2024-10-28 11:00:00,27.9,74.5,33.0,61,18.1,karachi
2024-10-28 12:00:00,28.3,81.5,33.8,55,19.5,karachi
2024-10-28 13:00:00,28.0,84.5,34.2,52,19.9,karachi
2024-10-28 14:00:00,28.6,88.2,34.5,48,18.5,karachi
2024-10-28 15:00:00,29.5,89.4,34.0,51,17.6,karachi
2024-10-28 16:00:00,30.3,90.1,33.1,55,18.2,karachi
2024-10-28 17:00:00,37.3,106.2,31.8,58,17.3,karachi
2024-10-28 18:00:00,38.4,100.4,29.6,79,15.8,karachi
2024-10-28 19:00:00,38.3,91.7,28.9,87,14.5,karachi
2024-10-28 20:00:00,37.0,87.1,28.5,91,12.2,karachi
2024-10-28 21:00:00,36.6,82.2,28.0,93,9.4,karachi
2024-10-28 22:00:00,36.6,78.9,27.6,96,11.5,karachi
2024-10-28 23:00:00,36.9,76.8,27.5,96,11.4,karachi
2024-10-29 00:00:00,36.7,75.9,27.3,96,10.5,karachi
2024-10-29 01:00:00,36.0,75.0,27.0,95,10.3,karachi
2024-10-29 02:00:00,35.3,73.8,26.6,96,9.0,karachi
2024-10-29 03:00:00,34.1,71.7,26.1,97,8.3,karachi
2024-10-29 04:00:00,33.3,71.0,26.0,96,8.9,karachi
2024-10-29 05:00:00,32.6,70.5,26.0,96,9.6,karachi
2024-10-29 06:00:00,32.9,72.2,25.8,97,8.1,karachi
2024-10-29 07:00:00,35.3,77.8,25.5,98,6.8,karachi
2024-10-29 08:00:00,36.7,86.4,27.2,93,6.0,karachi
2024-10-29 09:00:00,36.4,94.1,29.3,80,11.0,karachi
2024-10-29 10:00:00,37.4,107.6,30.8,72,13.2,karachi
2024-10-29 11:00:00,39.1,119.7,31.7,67,16.7,karachi
2024-10-29 12:00:00,41.4,136.0,32.3,63,18.9,karachi
2024-10-29 13:00:00,43.3,148.5,32.5,62,20.3,karachi
2024-10-29 14:00:00,45.9,165.3,32.7,59,21.4,karachi
2024-10-29 15:00:00,48.4,178.3,32.3,59,22.1,karachi
2024-10-29 16:00:00,50.8,185.8,31.7,61,20.6,karachi
2024-10-29 17:00:00,49.0,180.7,30.7,64,18.1,karachi
2024-10-29 18:00:00,49.2,170.4,29.0,73,17.7,karachi
2024-10-29 19:00:00,49.0,158.3,28.6,76,14.5,karachi
2024-10-29 20:00:00,48.9,144.8,28.1,81,11.0,karachi
2024-10-29 21:00:00,48.5,138.8,27.5,86,9.4,karachi
2024-10-29 22:00:00,47.4,133.2,27.0,92,9.8,karachi
2024-10-29 23:00:00,45.2,124.8,26.6,95,9.1,karachi
2024-10-30 00:00:00,42.4,118.3,26.2,97,9.1,karachi
2024-10-30 01:00:00,40.0,113.4,26.1,97,10.3,karachi
2024-10-30 02:00:00,38.3,112.0,26.0,97,10.3,karachi
2024-10-30 03:00:00,37.3,113.6,25.7,97,9.4,karachi
2024-10-30 04:00:00,36.8,118.3,25.8,95,10.3,karachi
2024-10-30 05:00:00,37.3,128.5,25.7,94,11.7,karachi
2024-10-30 06:00:00,38.6,142.5,25.9,94,12.7,karachi
2024-10-30 07:00:00,42.1,151.3,25.6,95,11.3,karachi
2024-10-30 08:00:00,46.0,182.5,27.2,91,9.9,karachi
2024-10-30 09:00:00,46.9,204.0,29.1,76,14.3,karachi
2024-10-30 10:00:00,45.9,213.7,30.6,65,16.0,karachi
2024-10-30 11:00:00,46.4,217.9,31.5,61,18.0,karachi
2024-10-30 12:00:00,46.1,210.5,32.0,61,20.7,karachi
2024-10-30 13:00:00,43.9,193.2,32.2,60,22.9,karachi
2024-10-30 14:00:00,41.1,175.1,32.0,61,23.9,karachi
2024-10-30 15:00:00,38.5,159.3,31.5,64,23.7,karachi
2024-10-30 16:00:00,36.8,146.7,30.9,65,22.9,karachi
2024-10-30 17:00:00,35.3,136.4,29.7,72,21.1,karachi
2024-10-30 18:00:00,32.9,115.5,28.5,83,16.7,karachi
2024-10-30 19:00:00,31.3,99.0,28.0,88,14.7,karachi
2024-10-30 20:00:00,30.9,90.3,27.6,91,10.5,karachi
2024-10-30 21:00:00,31.4,85.0,27.3,92,8.1,karachi
2024-10-30 22:00:00,31.5,81.0,26.7,95,8.0,karachi
2024-10-30 23:00:00,32.9,76.8,26.3,97,7.8,karachi
2024-10-31 00:00:00,34.0,76.1,25.9,97,7.9,karachi
2024-10-31 01:00:00,35.0,76.4,25.6,97,8.0,karachi
2024-10-31 02:00:00,34.8,76.1,25.5,98,8.8,karachi
2024-10-31 03:00:00,34.3,77.8,25.6,99,10.2,karachi
2024-10-31 04:00:00,33.4,79.6,25.5,99,9.6,karachi
2024-10-31 05:00:00,32.2,78.2,25.4,97,10.4,karachi
2024-10-31 06:00:00,33.2,82.2,25.4,99,7.3,karachi
2024-10-31 07:00:00,36.2,86.6,25.4,97,5.3,karachi
2024-10-31 08:00:00,41.2,96.4,26.0,93,4.2,karachi
2024-10-31 09:00:00,46.0,109.4,27.5,82,6.3,karachi
2024-10-31 10:00:00,44.4,140.2,29.1,72,6.3,karachi
2024-10-31 11:00:00,46.2,150.9,30.9,62,8.4,karachi
2024-10-31 12:00:00,44.2,139.2,32.2,57,11.5,karachi
2024-10-31 13:00:00,41.8,126.7,33.0,53,14.6,karachi
2024-10-31 14:00:00,38.9,115.7,33.4,48,17.0,karachi
2024-10-31 15:00:00,38.5,112.9,33.3,45,18.6,karachi
2024-10-31 16:00:00,37.8,110.4,32.7,45,18.4,karachi
2024-10-31 17:00:00,38.8,112.2,31.3,53,17.4,karachi
2024-10-31 18:00:00,38.3,108.3,28.7,72,18.0,karachi
2024-10-31 19:00:00,37.5,100.6,27.9,78,15.2,karachi
2024-10-31 20:00:00,36.7,95.9,27.5,80,13.6,karachi
2024-10-31 21:00:00,35.5,94.8,27.2,82,10.9,karachi
2024-10-31 22:00:00,35.0,92.0,26.7,88,9.5,karachi
2024-10-31 23:00:00,35.4,88.0,26.0,94,9.0,karachi
2024-11-01 00:00:00,35.6,85.7,25.4,97,8.8,karachi
2024-11-01 01:00:00,36.1,80.1,25.0,98,8.1,karachi
2024-11-01 02:00:00,35.4,78.5,24.7,98,8.2,karachi
2024-11-01 03:00:00,33.8,75.2,24.5,97,9.3,karachi
2024-11-01 04:00:00,32.5,72.6,24.2,99,11.5,karachi
2024-11-01 05:00:00,31.1,69.8,24.3,99,11.8,karachi
2024-11-01 06:00:00,31.3,71.5,25.0,100,12.1,karachi
2024-11-01 07:00:00,33.8,76.1,24.9,99,10.5,karachi
2024-11-01 08:00:00,36.4,80.8,25.8,91,8.7,karachi
2024-11-01 09:00:00,33.6,86.6,28.5,74,7.3,karachi
2024-11-01 10:00:00,30.4,79.4,31.4,53,8.4,karachi
2024-11-01 11:00:00,25.8,65.9,33.5,37,10.9,karachi
2024-11-01 12:00:00,25.6,65.2,34.2,34,14.5,karachi
2024-11-01 13:00:00,26.9,68.7,34.5,36,17.9,karachi
2024-11-01 14:00:00,27.7,70.1,34.3,37,20.5,karachi
2024-11-01 15:00:00,27.5,69.4,34.0,37,21.2,karachi
2024-11-01 16:00:00,26.7,66.4,33.2,39,21.1,karachi
2024-11-01 17:00:00,25.6,61.5,31.6,48,19.9,karachi
2024-11-01 18:00:00,26.4,58.3,29.9,59,16.8,karachi
2024-11-01 19:00:00,26.7,55.6,28.6,72,14.5,karachi
2024-11-01 20:00:00,26.7,54.5,28.0,82,14.2,karachi
2024-11-01 21:00:00,26.4,53.2,27.7,84,14.6,karachi
2024-11-01 22:00:00,26.0,51.5,27.3,85,15.3,karachi
2024-11-01 23:00:00,25.7,49.6,27.1,84,15.0,karachi
2024-11-02 00:00:00,24.7,46.9,26.5,86,13.4,karachi
2024-11-02 01:00:00,23.5,43.9,25.8,92,12.0,karachi
2024-11-02 02:00:00,22.4,40.6,25.5,94,11.0,karachi
2024-11-02 03:00:00,21.7,39.0,25.4,94,10.4,karachi
2024-11-02 04:00:00,21.1,37.8,25.2,94,10.3,karachi
2024-11-02 05:00:00,20.7,37.0,25.3,92,11.6,karachi
2024-11-02 06:00:00,20.8,37.1,25.2,93,11.6,karachi
2024-11-02 07:00:00,23.3,40.5,25.4,92,12.1,karachi
2024-11-02 08:00:00,26.8,45.9,27.0,87,11.5,karachi
2024-11-02 09:00:00,22.8,43.7,29.0,73,15.9,karachi
2024-11-02 10:00:00,21.8,45.8,30.6,63,16.5,karachi
2024-11-02 11:00:00,22.4,51.9,31.6,58,18.1,karachi
2024-11-02 12:00:00,23.2,56.6,32.0,58,19.6,karachi
2024-11-02 13:00:00,23.7,60.1,32.2,58,20.1,karachi
2024-11-02 14:00:00,24.0,62.9,32.1,58,20.3,karachi
2024-11-02 15:00:00,24.3,64.3,31.5,61,20.4,karachi
2024-11-02 16:00:00,24.4,64.3,30.6,66,20.1,karachi
2024-11-02 17:00:00,25.2,65.0,29.4,75,19.3,karachi
2024-11-02 18:00:00,25.6,63.1,28.3,81,16.6,karachi
2024-11-02 19:00:00,25.7,60.5,28.0,84,14.0,karachi
2024-11-02 20:00:00,26.7,58.4,27.8,86,11.7,karachi
2024-11-02 21:00:00,27.8,59.0,27.5,87,11.0,karachi
2024-11-02 22:00:00,29.0,59.1,27.1,89,10.9,karachi
2024-11-02 23:00:00,30.4,59.8,26.8,91,10.4,karachi
2024-11-03 00:00:00,31.0,60.1,26.4,93,10.7,karachi
2024-11-03 01:00:00,30.3,59.1,26.0,94,10.3,karachi
2024-11-03 02:00:00,28.6,56.0,25.6,95,7.7,karachi
2024-11-03 03:00:00,27.6,54.2,25.0,96,3.9,karachi
2024-11-03 04:00:00,27.3,54.0,25.5,95,2.3,karachi
2024-11-03 05:00:00,31.0,62.4,24.6,98,3.3,karachi
2024-11-03 06:00:00,32.6,66.1,24.2,98,5.2,karachi
2024-11-03 07:00:00,34.7,68.7,24.5,99,5.6,karachi
2024-11-03 08:00:00,35.5,69.6,25.0,98,5.6,karachi
2024-11-03 09:00:00,32.6,66.4,26.3,91,3.8,karachi
2024-11-03 10:00:00,27.5,62.4,28.8,77,5.4,karachi
2024-11-03 11:00:00,27.4,65.2,30.1,70,8.5,karachi
2024-11-03 12:00:00,26.8,65.9,31.1,65,11.6,karachi
2024-11-03 13:00:00,25.7,63.6,31.5,62,14.2,karachi
2024-11-03 14:00:00,23.9,59.4,31.5,60,15.3,karachi
2024-11-03 15:00:00,22.1,54.9,31.3,61,16.1,karachi
2024-11-03 16:00:00,20.6,51.6,30.5,65,16.3,karachi
2024-11-03 17:00:00,22.1,54.2,29.5,71,15.6,karachi
2024-11-03 18:00:00,22.7,54.2,28.3,74,13.0,karachi
2024-11-03 19:00:00,23.2,53.6,27.8,78,10.0,karachi
2024-11-03 20:00:00,24.3,53.8,27.4,80,7.7,karachi
2024-11-03 21:00:00,25.3,53.7,26.7,85,7.2,karachi
2024-11-03 22:00:00,26.8,54.4,26.0,90,6.3,karachi
2024-11-03 23:00:00,28.2,55.1,25.5,93,7.5,karachi
2024-11-04 00:00:00,30.7,55.6,24.8,95,7.2,karachi
2024-11-04 01:00:00,31.4,55.6,24.1,97,7.3,karachi
2024-11-04 02:00:00,30.3,52.9,23.8,97,7.8,karachi
2024-11-04 03:00:00,28.5,49.9,23.5,99,7.8,karachi
2024-11-04 04:00:00,26.2,47.4,23.6,99,8.3,karachi
2024-11-04 05:00:00,24.9,45.5,24.0,99,9.5,karachi
2024-11-04 06:00:00,24.9,46.7,24.1,99,8.7,karachi
2024-11-04 07:00:00,29.0,53.0,24.0,96,4.9,karachi
2024-11-04 08:00:00,35.6,64.0,24.4,91,3.8,karachi
2024-11-04 09:00:00,30.9,68.9,26.1,80,3.8,karachi
2024-11-04 10:00:00,28.2,67.3,28.5,65,5.0,karachi
2024-11-04 11:00:00,25.9,59.5,31.1,46,4.4,karachi
2024-11-04 12:00:00,22.5,48.4,32.8,36,10.3,karachi
2024-11-04 13:00:00,21.4,43.9,32.9,39,16.4,karachi
2024-11-04 14:00:00,21.4,43.0,32.3,44,19.8,karachi
2024-11-04 15:00:00,21.1,42.0,31.6,48,19.9,karachi
2024-11-04 16:00:00,20.0,39.6,30.5,57,18.2,karachi
2024-11-04 17:00:00,20.1,39.3,29.3,65,15.6,karachi
2024-11-04 18:00:00,21.6,42.3,28.5,65,12.6,karachi
2024-11-04 19:00:00,22.5,43.4,28.0,71,11.8,karachi
2024-11-04 20:00:00,23.1,44.4,27.5,73,10.2,karachi
2024-11-04 21:00:00,24.4,45.4,27.1,75,9.6,karachi
2024-11-04 22:00:00,26.4,47.7,26.5,79,9.4,karachi
2024-11-04 23:00:00,28.1,49.8,25.9,83,8.9,karachi
2024-11-05 00:00:00,29.0,50.8,25.2,87,8.5,karachi
2024-11-05 01:00:00,28.7,49.9,24.6,90,8.9,karachi
2024-11-05 02:00:00,27.7,48.3,24.2,94,9.9,karachi
2024-11-05 03:00:00,26.3,45.9,24.0,95,9.4,karachi
2024-11-05 04:00:00,24.7,43.4,23.6,96,8.7,karachi
2024-11-05 05:00:00,23.5,41.1,23.1,97,7.6,karachi
2024-11-05 06:00:00,23.2,40.9,22.9,98,6.4,karachi
2024-11-05 07:00:00,25.6,44.1,22.7,98,5.9,karachi
2024-11-05 08:00:00,29.9,50.6,23.3,98,4.9,karachi
2024-11-05 09:00:00,28.0,51.8,24.7,95,4.7,karachi
2024-11-05 10:00:00,25.6,47.6,28.1,75,4.9,karachi
2024-11-05 11:00:00,25.5,46.3,30.5,56,7.6,karachi
2024-11-05 12:00:00,26.4,47.1,32.2,44,12.2,karachi
2024-11-05 13:00:00,27.0,48.0,32.8,39,15.0,karachi
2024-11-05 14:00:00,27.1,48.1,33.0,35,16.1,karachi
2024-11-05 15:00:00,27.1,48.2,32.9,34,17.0,karachi
2024-11-05 16:00:00,27.5,48.8,32.2,36,16.4,karachi
2024-11-05 17:00:00,28.5,50.2,31.1,40,15.1,karachi
2024-11-05 18:00:00,29.7,51.5,29.5,50,13.2,karachi
2024-11-05 19:00:00,31.3,52.9,28.6,59,10.3,karachi
2024-11-05 20:00:00,32.0,53.2,27.8,68,7.9,karachi
2024-11-05 21:00:00,32.4,53.3,26.9,75,6.9,karachi
2024-11-05 22:00:00,32.8,53.6,26.1,80,7.3,karachi
2024-11-05 23:00:00,33.3,53.9,25.1,85,6.0,karachi
2024-11-06 00:00:00,32.5,52.5,24.4,88,6.8,karachi
2024-11-06 01:00:00,30.6,49.6,24.0,89,7.7,karachi
2024-11-06 02:00:00,28.5,46.6,23.7,90,8.8,karachi
2024-11-06 03:00:00,26.4,43.4,23.5,90,10.3,karachi
2024-11-06 04:00:00,24.6,40.5,23.2,92,9.4,karachi
2024-11-06 05:00:00,23.9,39.1,23.1,93,9.4,karachi
2024-11-06 06:00:00,23.0,36.2,23.1,93,8.9,karachi
2024-11-06 07:00:00,26.1,40.0,22.8,94,8.0,karachi
2024-11-06 08:00:00,31.3,47.6,24.6,87,5.9,karachi
2024-11-06 09:00:00,25.5,41.4,27.5,76,7.7,karachi
2024-11-06 10:00:00,24.6,41.4,29.9,62,9.3,karachi
2024-11-06 11:00:00,25.8,44.5,32.2,46,9.8,karachi
2024-11-06 12:00:00,25.0,43.8,33.6,37,12.9,karachi
2024-11-06 13:00:00,24.2,42.8,34.0,36,16.4,karachi
2024-11-06 14:00:00,23.9,42.4,34.0,35,18.8,karachi
2024-11-06 15:00:00,23.6,42.1,33.5,37,20.3,karachi
2024-11-06 16:00:00,23.7,42.4,32.5,42,19.8,karachi
2024-11-06 17:00:00,17.8,30.4,30.8,51,18.0,karachi
2024-11-06 18:00:00,20.5,34.2,28.7,69,15.0,karachi
2024-11-06 19:00:00,23.3,38.2,27.9,76,11.7,karachi
2024-11-06 20:00:00,25.6,41.7,27.1,80,8.9,karachi
2024-11-06 21:00:00,27.4,44.5,26.5,82,7.5,karachi
2024-11-06 22:00:00,28.9,46.9,25.6,87,6.6,karachi
2024-11-06 23:00:00,30.3,49.2,24.9,91,6.3,karachi
2024-11-07 00:00:00,30.7,50.2,24.5,93,7.3,karachi
2024-11-07 01:00:00,29.8,49.2,24.3,93,8.6,karachi
2024-11-07 02:00:00,29.4,48.9,24.3,92,9.8,karachi
2024-11-07 03:00:00,28.8,48.2,24.1,92,9.2,karachi
2024-11-07 04:00:00,28.3,47.5,23.9,93,8.9,karachi
2024-11-07 05:00:00,28.7,48.0,23.7,94,8.7,karachi
2024-11-07 06:00:00,29.6,49.5,25.0,94,11.0,karachi
2024-11-07 07:00:00,34.1,56.1,25.2,93,11.2,karachi
2024-11-07 08:00:00,39.2,63.8,27.0,87,13.0,karachi
2024-11-07 09:00:00,33.6,57.2,28.6,76,15.5,karachi
2024-11-07 10:00:00,30.3,52.7,30.0,68,16.0,karachi
2024-11-07 11:00:00,29.4,51.7,31.0,64,18.0,karachi
2024-11-07 12:00:00,28.3,51.1,31.5,63,19.6,karachi
2024-11-07 13:00:00,27.3,50.5,31.8,61,20.5,karachi
2024-11-07 14:00:00,26.3,49.9,31.8,60,21.5,karachi
2024-11-07 15:00:00,25.4,49.8,31.4,63,22.0,karachi
2024-11-07 16:00:00,25.0,50.1,30.5,68,21.6,karachi
2024-11-07 17:00:00,20.0,38.6,29.4,75,20.2,karachi
2024-11-07 18:00:00,20.1,38.6,28.5,78,17.7,karachi
2024-11-07 19:00:00,20.3,38.8,28.2,80,16.1,karachi
2024-11-07 20:00:00,20.9,39.5,28.0,81,14.2,karachi
2024-11-07 21:00:00,21.5,40.2,27.6,83,11.5,karachi
2024-11-07 22:00:00,22.5,41.0,27.3,86,10.1,karachi
2024-11-07 23:00:00,23.5,41.9,26.8,89,8.8,karachi
2024-11-08 00:00:00,23.2,41.3,26.5,90,8.4,karachi
2024-11-08 01:00:00,21.7,38.6,26.1,92,9.7,karachi
2024-11-08 02:00:00,20.2,36.6,26.0,92,10.5,karachi
2024-11-08 03:00:00,19.5,35.7,25.6,93,9.0,karachi
2024-11-08 04:00:00,18.7,34.9,25.4,93,8.4,karachi
2024-11-08 05:00:00,19.3,36.1,25.2,93,8.8,karachi
2024-11-08 06:00:00,20.1,37.4,25.5,92,8.8,karachi
2024-11-08 07:00:00,24.0,43.3,25.6,91,8.9,karachi
2024-11-08 08:00:00,22.8,44.5,27.6,81,9.8,karachi
2024-11-08 09:00:00,21.5,43.2,29.1,72,13.2,karachi
2024-11-08 10:00:00,18.1,39.6,30.2,66,13.2,karachi
2024-11-08 11:00:00,18.3,40.9,31.1,61,14.3,karachi
2024-11-08 12:00:00,18.2,42.3,31.6,59,16.6,karachi
2024-11-08 13:00:00,17.9,42.5,31.8,58,18.8,karachi
2024-11-08 14:00:00,17.2,41.3,31.8,57,19.7,karachi
2024-11-08 15:00:00,16.5,39.2,31.3,59,20.1,karachi
2024-11-08 16:00:00,15.8,37.1,30.5,63,19.2,karachi
2024-11-08 17:00:00,15.7,37.0,29.5,68,17.2,karachi
2024-11-08 18:00:00,16.4,36.3,28.3,73,14.0,karachi
2024-11-08 19:00:00,17.2,36.9,27.8,76,11.0,karachi
2024-11-08 20:00:00,18.2,38.1,27.5,78,7.6,karachi
2024-11-08 21:00:00,20.1,39.8,27.2,80,8.0,karachi
2024-11-08 22:00:00,22.3,42.1,26.6,83,7.9,karachi
2024-11-08 23:00:00,24.7,44.9,26.0,87,7.5,karachi
2024-11-09 00:00:00,25.6,45.8,25.5,90,7.4,karachi
2024-11-09 01:00:00,25.4,45.2,25.1,92,8.6,karachi
2024-11-09 02:00:00,24.8,44.5,25.0,93,8.6,karachi
2024-11-09 03:00:00,23.6,42.1,24.9,93,8.1,karachi
2024-11-09 04:00:00,22.9,41.4,24.6,94,7.9,karachi
2024-11-09 05:00:00,21.5,40.3,24.4,95,6.9,karachi
2024-11-09 06:00:00,22.6,43.4,24.2,95,6.0,karachi
2024-11-09 07:00:00,25.5,49.1,24.2,94,5.0,karachi
2024-11-09 08:00:00,27.9,55.3,26.3,84,4.0,karachi
2024-11-09 09:00:00,26.9,56.5,28.2,73,8.8,karachi
2024-11-09 10:00:00,22.6,51.7,29.4,66,9.7,karachi
2024-11-09 11:00:00,20.8,48.7,30.3,62,12.0,karachi
2024-11-09 12:00:00,19.7,45.9,30.8,60,15.8,karachi
2024-11-09 13:00:00,18.8,43.1,31.0,59,18.4,karachi
2024-11-09 14:00:00,18.2,41.2,31.0,57,19.2,karachi
2024-11-09 15:00:00,17.2,39.1,30.8,56,19.4,karachi
2024-11-09 16:00:00,16.4,37.0,30.0,59,18.4,karachi
2024-11-09 17:00:00,14.6,31.7,29.0,65,16.8,karachi
2024-11-09 18:00:00,16.2,34.3,28.0,73,14.6,karachi
2024-11-09 19:00:00,17.8,36.7,27.5,78,12.1,karachi
2024-11-09 20:00:00,19.1,38.5,27.0,80,9.0,karachi
2024-11-09 21:00:00,20.7,40.2,26.5,81,8.5,karachi
2024-11-09 22:00:00,22.7,42.3,26.0,84,9.2,karachi
2024-11-09 23:00:00,24.2,43.8,25.5,88,9.6,karachi
2024-11-10 00:00:00,24.3,43.0,24.9,93,8.3,karachi
2024-11-10 01:00:00,24.1,42.1,24.5,95,8.4,karachi
2024-11-10 02:00:00,24.0,41.9,24.2,95,9.5,karachi
2024-11-10 03:00:00,22.8,40.6,24.2,95,9.7,karachi
2024-11-10 04:00:00,21.9,40.3,24.5,94,8.7,karachi
2024-11-10 05:00:00,20.3,38.3,24.6,94,7.8,karachi
2024-11-10 06:00:00,21.4,40.4,24.8,95,6.7,karachi
2024-11-10 07:00:00,24.7,45.8,23.9,96,5.1,karachi
2024-11-10 08:00:00,27.2,50.6,25.8,88,5.3,karachi
2024-11-10 09:00:00,23.7,49.4,28.0,74,12.4,karachi
2024-11-10 10:00:00,19.5,44.0,29.4,65,15.5,karachi
2024-11-10 11:00:00,18.3,41.7,30.3,61,18.1,karachi
2024-11-10 12:00:00,17.6,39.9,30.9,57,19.6,karachi
2024-11-10 13:00:00,17.0,38.3,31.2,55,20.6,karachi
2024-11-10 14:00:00,16.3,36.6,31.2,54,20.7,karachi
2024-11-10 15:00:00,15.8,35.3,30.9,55,20.0,karachi
2024-11-10 16:00:00,15.5,34.1,30.2,57,18.9,karachi
2024-11-10 17:00:00,15.7,33.5,29.2,64,18.6,karachi
2024-11-10 18:00:00,16.9,35.0,28.0,69,14.9,karachi
2024-11-10 19:00:00,18.5,37.0,27.5,73,12.1,karachi
2024-11-10 20:00:00,20.0,38.9,27.1,76,9.3,karachi
2024-11-10 21:00:00,21.9,40.7,26.6,79,7.2,karachi
2024-11-10 22:00:00,24.6,43.8,25.9,83,6.0,karachi
2024-11-10 23:00:00,26.5,46.0,25.3,86,6.9,karachi
2024-11-11 00:00:00,27.4,46.8,24.8,88,7.9,karachi
2024-11-11 01:00:00,26.4,44.6,24.4,91,7.8,karachi
2024-11-11 02:00:00,24.9,42.0,24.1,94,6.9,karachi
2024-11-11 03:00:00,23.9,40.9,23.7,95,4.6,karachi
2024-11-11 04:00:00,23.9,41.6,24.4,93,3.2,karachi
2024-11-11 05:00:00,25.3,44.5,23.9,94,3.9,karachi
2024-11-11 06:00:00,28.2,49.6,23.2,96,6.0,karachi
2024-11-11 07:00:00,32.6,57.9,23.4,96,4.0,karachi
2024-11-11 08:00:00,35.0,64.5,24.2,94,1.9,karachi
2024-11-11 09:00:00,35.5,65.7,26.9,80,3.4,karachi
2024-11-11 10:00:00,25.4,56.1,29.4,64,11.2,karachi
2024-11-11 11:00:00,21.7,50.8,30.5,58,14.2,karachi
2024-11-11 12:00:00,20.5,48.1,31.1,56,16.6,karachi
2024-11-11 13:00:00,19.2,45.8,31.2,57,18.9,karachi
2024-11-11 14:00:00,18.5,45.2,31.0,58,20.1,karachi
2024-11-11 15:00:00,18.0,45.4,30.7,59,19.6,karachi
2024-11-11 16:00:00,17.7,45.9,30.0,61,19.1,karachi
2024-11-11 17:00:00,16.9,44.4,29.0,64,17.6,karachi
2024-11-11 18:00:00,17.6,44.8,28.2,69,16.0,karachi
2024-11-11 19:00:00,18.2,45.3,27.7,74,12.3,karachi
2024-11-11 20:00:00,19.2,45.8,27.3,77,7.7,karachi
2024-11-11 21:00:00,20.0,46.6,26.9,80,8.8,karachi
2024-11-11 22:00:00,21.9,47.1,26.5,81,10.3,karachi
2024-11-11 23:00:00,24.3,49.2,26.2,84,10.9,karachi
2024-11-12 00:00:00,25.6,50.3,25.6,88,11.8,karachi
2024-11-12 01:00:00,25.6,50.2,25.3,90,8.3,karachi
2024-11-12 02:00:00,25.1,49.9,24.5,94,6.3,karachi
2024-11-12 03:00:00,25.0,51.1,24.0,95,5.7,karachi
2024-11-12 04:00:00,26.0,54.2,25.0,91,3.1,karachi
2024-11-12 05:00:00,28.3,60.8,24.8,92,2.9,karachi
2024-11-12 06:00:00,32.2,67.5,24.2,94,3.8,karachi
2024-11-12 07:00:00,37.5,75.7,24.3,93,3.1,karachi
2024-11-12 08:00:00,45.8,85.0,24.8,91,3.9,karachi
2024-11-12 09:00:00,44.7,87.8,27.2,79,2.6,karachi
2024-11-12 10:00:00,30.6,78.7,29.0,68,6.0,karachi
2024-11-12 11:00:00,24.9,71.9,30.2,62,10.4,karachi
2024-11-12 12:00:00,23.7,68.5,30.9,58,14.0,karachi
2024-11-12 13:00:00,22.1,64.0,31.0,56,16.2,karachi
2024-11-12 14:00:00,20.3,59.5,30.9,56,17.5,karachi
2024-11-12 15:00:00,18.6,55.4,30.5,58,17.7,karachi
2024-11-12 16:00:00,17.5,52.4,29.8,61,17.1,karachi
2024-11-12 17:00:00,19.4,39.7,28.9,66,15.8,karachi
2024-11-12 18:00:00,24.3,41.7,28.1,67,7.7,karachi
2024-11-12 19:00:00,30.0,46.4,27.8,70,6.4,karachi
2024-11-12 20:00:00,33.9,49.9,27.5,72,4.8,karachi
2024-11-12 21:00:00,36.9,53.1,27.1,75,4.2,karachi
2024-11-12 22:00:00,40.7,58.8,26.9,77,5.0,karachi
2024-11-12 23:00:00,45.5,66.6,26.5,79,4.9,karachi
2024-11-13 00:00:00,48.4,71.9,26.2,81,3.9,karachi
2024-11-13 01:00:00,49.9,75.4,25.8,84,2.7,karachi
2024-11-13 02:00:00,52.9,79.4,25.3,87,1.8,karachi
2024-11-13 03:00:00,53.4,78.9,24.8,89,3.4,karachi
2024-11-13 04:00:00,50.1,74.0,24.2,91,6.1,karachi
2024-11-13 05:00:00,44.9,67.3,23.9,90,6.2,karachi
2024-11-13 06:00:00,46.0,63.1,23.8,92,6.2,karachi
2024-11-13 07:00:00,52.5,66.6,23.5,93,5.6,karachi
2024-11-13 08:00:00,59.6,71.5,24.1,90,4.3,karachi
2024-11-13 09:00:00,53.7,67.3,25.8,81,4.1,karachi
2024-11-13 10:00:00,32.4,57.0,27.7,66,3.5,karachi
2024-11-13 11:00:00,28.5,46.6,29.5,51,1.6,karachi
2024-11-13 12:00:00,30.9,43.3,31.0,38,4.4,karachi
2024-11-13 13:00:00,29.5,38.9,31.6,35,8.5,karachi
2024-11-13 14:00:00,29.2,38.0,31.5,35,10.4,karachi
2024-11-13 15:00:00,29.3,38.2,31.2,34,10.6,karachi
2024-11-13 16:00:00,29.2,38.1,30.6,35,9.8,karachi
2024-11-13 17:00:00,29.0,37.4,29.5,44,8.8,karachi
2024-11-13 18:00:00,35.3,43.4,28.4,52,7.7,karachi
2024-11-13 19:00:00,37.3,46.1,27.5,62,6.6,karachi
2024-11-13 20:00:00,38.0,47.4,26.9,70,6.4,karachi
2024-11-13 21:00:00,40.4,50.8,26.5,75,5.2,karachi
2024-11-13 22:00:00,44.9,57.0,26.1,77,4.3,karachi
2024-11-13 23:00:00,49.6,62.6,25.9,78,4.1,karachi
2024-11-14 00:00:00,50.3,63.6,25.5,79,4.1,karachi
2024-11-14 01:00:00,46.7,59.0,24.8,81,4.5,karachi
2024-11-14 02:00:00,42.4,52.2,24.1,83,5.4,karachi
2024-11-14 03:00:00,37.8,45.4,23.4,85,6.7,karachi
2024-11-14 04:00:00,33.9,42.0,23.0,86,7.2,karachi
2024-11-14 05:00:00,30.5,40.6,22.9,87,8.1,karachi
2024-11-14 06:00:00,30.0,40.3,23.1,89,7.6,karachi
2024-11-14 07:00:00,35.6,45.9,22.9,90,6.9,karachi
2024-11-14 08:00:00,42.4,50.9,23.7,85,5.0,karachi
2024-11-14 09:00:00,34.5,44.4,25.8,75,5.1,karachi
2024-11-14 10:00:00,31.5,41.7,27.9,60,4.5,karachi
2024-11-14 11:00:00,34.9,42.5,29.8,45,1.6,karachi
2024-11-14 12:00:00,34.3,40.3,31.3,33,4.4,karachi
2024-11-14 13:00:00,33.5,39.0,31.7,31,8.5,karachi
2024-11-14 14:00:00,33.2,38.2,31.6,33,10.6,karachi
2024-11-14 15:00:00,32.8,37.7,31.2,33,10.7,karachi
2024-11-14 16:00:00,32.5,37.3,30.9,32,9.7,karachi
2024-11-14 17:00:00,33.4,38.9,30.2,33,9.6,karachi
2024-11-14 18:00:00,42.8,47.8,29.1,40,8.8,karachi
2024-11-14 19:00:00,44.9,50.6,27.7,49,8.0,karachi
2024-11-14 20:00:00,43.9,49.9,26.8,55,7.7,karachi
2024-11-14 21:00:00,43.0,48.9,26.2,58,7.1,karachi
2024-11-14 22:00:00,42.8,48.4,25.5,61,6.6,karachi
2024-11-14 23:00:00,43.7,49.0,25.2,64,5.5,karachi
2024-11-15 00:00:00,44.0,49.1,25.0,66,6.1,karachi
2024-11-15 01:00:00,42.1,47.0,24.8,68,5.6,karachi
2024-11-15 02:00:00,38.3,43.0,23.9,68,7.5,karachi
2024-11-15 03:00:00,35.2,39.8,23.2,66,8.3,karachi
2024-11-15 04:00:00,33.3,37.8,23.0,70,8.7,karachi
2024-11-15 05:00:00,31.7,36.2,22.9,74,9.0,karachi
2024-11-15 06:00:00,33.3,37.7,22.8,78,9.2,karachi
2024-11-15 07:00:00,38.9,43.0,22.7,76,9.4,karachi
2024-11-15 08:00:00,46.4,50.1,23.4,70,8.0,karachi
2024-11-15 09:00:00,47.5,51.0,25.6,60,6.0,karachi
2024-11-15 10:00:00,44.1,48.2,28.2,48,7.3,karachi
2024-11-15 11:00:00,40.3,44.0,30.2,36,5.4,karachi
2024-11-15 12:00:00,39.1,42.8,31.5,28,3.2,karachi
2024-11-15 13:00:00,39.8,43.4,32.0,26,5.7,karachi
2024-11-15 14:00:00,40.5,44.0,32.0,28,9.0,karachi
2024-11-15 15:00:00,40.9,44.2,31.6,29,10.6,karachi
2024-11-15 16:00:00,41.2,44.6,31.1,29,10.5,karachi
2024-11-15 17:00:00,36.2,38.4,30.2,30,10.3,karachi
2024-11-15 18:00:00,43.7,45.4,28.8,38,9.3,karachi
2024-11-15 19:00:00,42.8,44.6,27.4,47,7.1,karachi
2024-11-15 20:00:00,40.7,42.6,26.5,54,6.2,karachi
2024-11-15 21:00:00,39.6,41.6,26.0,59,5.3,karachi
2024-11-15 22:00:00,39.2,41.2,25.9,64,6.7,karachi
2024-11-15 23:00:00,39.5,41.7,25.4,67,7.0,karachi
2024-11-16 00:00:00,39.3,41.9,24.9,68,7.9,karachi
2024-11-16 01:00:00,38.4,41.1,24.6,72,9.2,karachi
2024-11-16 02:00:00,37.1,39.9,24.4,76,8.7,karachi
2024-11-16 03:00:00,35.6,38.5,24.1,79,7.2,karachi
2024-11-16 04:00:00,34.0,37.1,23.8,82,6.1,karachi
2024-11-16 05:00:00,32.8,36.4,23.4,83,5.5,karachi
2024-11-16 06:00:00,32.9,36.6,22.8,83,5.2,karachi
2024-11-16 07:00:00,38.3,41.9,22.4,84,4.2,karachi
2024-11-16 08:00:00,46.6,49.9,23.4,79,4.2,karachi
2024-11-16 09:00:00,43.9,48.5,26.0,67,2.3,karachi
2024-11-16 10:00:00,34.2,41.7,28.4,58,3.4,karachi
2024-11-16 11:00:00,31.9,38.3,30.0,49,4.2,karachi
2024-11-16 12:00:00,32.0,37.6,31.0,42,5.3,karachi
2024-11-16 13:00:00,30.7,37.5,31.4,41,7.5,karachi
2024-11-16 14:00:00,30.0,38.0,31.4,42,9.6,karachi
2024-11-16 15:00:00,29.5,38.2,30.9,44,11.7,karachi
2024-11-16 16:00:00,29.0,37.7,29.9,50,12.4,karachi
2024-11-16 17:00:00,27.2,32.7,29.0,52,10.4,karachi
2024-11-16 18:00:00,31.3,35.9,28.4,56,8.8,karachi
2024-11-16 19:00:00,30.4,35.2,27.4,63,7.1,karachi
2024-11-16 20:00:00,29.8,34.7,26.8,68,5.7,karachi
2024-11-16 21:00:00,29.9,34.9,26.4,72,5.0,karachi
2024-11-16 22:00:00,30.3,35.3,25.9,76,6.0,karachi
2024-11-16 23:00:00,31.1,36.3,25.6,78,6.3,karachi
2024-11-17 00:00:00,31.8,37.6,25.1,80,5.7,karachi
2024-11-17 01:00:00,31.7,38.2,24.7,83,4.1,karachi
2024-11-17 02:00:00,30.6,37.4,24.0,85,7.1,karachi
2024-11-17 03:00:00,29.1,36.0,23.5,87,5.7,karachi
2024-11-17 04:00:00,26.8,33.2,23.0,90,6.2,karachi
2024-11-17 05:00:00,26.2,35.3,22.6,92,6.3,karachi
2024-11-17 06:00:00,26.7,36.1,22.8,90,6.6,karachi
2024-11-17 07:00:00,33.3,43.3,22.6,92,6.9,karachi
2024-11-17 08:00:00,43.3,52.3,23.4,88,5.1,karachi
2024-11-17 09:00:00,33.4,45.9,25.6,76,3.6,karachi
2024-11-17 10:00:00,27.6,44.1,27.9,65,2.3,karachi
2024-11-17 11:00:00,24.9,37.6,29.9,49,0.6,karachi
2024-11-17 12:00:00,26.9,37.7,31.4,36,2.5,karachi
2024-11-17 13:00:00,27.1,38.2,31.8,37,6.7,karachi
2024-11-17 14:00:00,27.1,38.5,31.5,41,11.2,karachi
2024-11-17 15:00:00,27.0,38.4,30.2,51,14.9,karachi
2024-11-17 16:00:00,26.8,38.0,29.8,48,13.4,karachi
2024-11-17 17:00:00,32.7,45.1,29.2,52,10.3,karachi
2024-11-17 18:00:00,38.5,47.7,28.1,62,11.4,karachi
2024-11-17 19:00:00,34.8,43.2,27.5,63,9.4,karachi
2024-11-17 20:00:00,31.0,39.6,27.0,66,7.2,karachi
2024-11-17 21:00:00,29.3,38.1,26.5,70,5.7,karachi
2024-11-17 22:00:00,30.3,38.6,26.0,72,4.8,karachi
2024-11-17 23:00:00,34.0,42.1,25.3,74,5.0,karachi
2024-11-18 00:00:00,36.7,44.0,25.0,76,5.5,karachi
2024-11-18 01:00:00,36.0,43.0,24.9,76,5.4,karachi
2024-11-18 02:00:00,34.3,41.2,24.4,78,7.4,karachi
2024-11-18 03:00:00,32.1,39.5,23.7,82,7.4,karachi
2024-11-18 04:00:00,30.2,37.8,23.1,85,8.0,karachi
2024-11-18 05:00:00,35.5,41.7,23.0,82,9.0,karachi
2024-11-18 06:00:00,34.9,41.4,23.6,72,9.0,karachi
2024-11-18 07:00:00,41.0,47.4,23.5,68,8.9,karachi
2024-11-18 08:00:00,49.6,55.4,24.1,61,7.7,karachi
2024-11-18 09:00:00,53.3,60.3,26.5,48,6.2,karachi
2024-11-18 10:00:00,54.7,65.7,29.1,38,6.2,karachi
2024-11-18 11:00:00,43.2,56.3,30.7,32,5.6,karachi
2024-11-18 12:00:00,37.5,50.4,31.8,28,3.3,karachi
2024-11-18 13:00:00,37.3,49.8,32.3,27,4.0,karachi
2024-11-18 14:00:00,37.0,49.5,32.3,29,7.7,karachi
2024-11-18 15:00:00,36.4,48.9,31.5,37,13.8,karachi
2024-11-18 16:00:00,36.0,48.3,30.5,36,17.1,karachi
2024-11-18 17:00:00,34.2,44.8,29.8,34,11.2,karachi
2024-11-18 18:00:00,52.9,61.2,28.9,40,7.0,karachi
2024-11-18 19:00:00,51.9,59.1,27.9,48,5.8,karachi
2024-11-18 20:00:00,48.0,55.3,27.2,55,4.8,karachi
2024-11-18 21:00:00,48.2,56.1,27.0,57,3.7,karachi
2024-11-18 22:00:00,52.2,61.0,26.5,61,5.8,karachi
2024-11-18 23:00:00,57.6,66.8,25.6,67,7.2,karachi
2024-11-19 00:00:00,58.9,67.1,24.9,71,6.1,karachi
2024-11-19 01:00:00,56.8,62.2,24.3,72,6.4,karachi
2024-11-19 02:00:00,51.5,55.6,24.2,70,6.8,karachi
2024-11-19 03:00:00,46.6,50.9,24.0,70,7.9,karachi
2024-11-19 04:00:00,43.7,48.1,23.6,70,9.0,karachi
2024-11-19 05:00:00,44.2,48.4,23.5,70,9.2,karachi
2024-11-19 06:00:00,42.8,47.3,23.1,71,7.1,karachi
2024-11-19 07:00:00,49.0,53.6,22.8,71,6.0,karachi
2024-11-19 08:00:00,60.3,64.3,23.3,68,4.8,karachi
2024-11-19 09:00:00,55.9,61.2,25.6,57,1.9,karachi
2024-11-19 10:00:00,37.1,45.8,28.2,46,1.9,karachi
2024-11-19 11:00:00,33.6,43.1,30.2,35,4.1,karachi
2024-11-19 12:00:00,34.8,44.8,31.3,31,6.7,karachi
2024-11-19 13:00:00,35.6,45.3,31.4,33,9.4,karachi
2024-11-19 14:00:00,34.8,44.0,31.5,33,10.8,karachi
2024-11-19 15:00:00,33.8,42.5,31.4,31,11.9,karachi
2024-11-19 16:00:00,32.8,41.2,30.8,31,12.6,karachi
2024-11-19 17:00:00,31.0,37.8,29.7,35,12.1,karachi
2024-11-19 18:00:00,37.5,42.5,28.5,46,9.6,karachi
2024-11-19 19:00:00,38.4,43.2,27.7,50,8.2,karachi
2024-11-19 20:00:00,37.8,42.6,27.1,53,7.4,karachi
2024-11-19 21:00:00,37.3,41.9,26.6,55,7.8,karachi
2024-11-19 22:00:00,36.8,41.3,26.3,56,7.2,karachi
2024-11-19 23:00:00,36.1,40.6,25.7,58,6.2,karachi
2024-11-20 00:00:00,34.7,39.1,25.1,61,7.5,karachi
2024-11-20 01:00:00,32.5,36.6,24.5,64,6.6,karachi
2024-11-20 02:00:00,29.9,33.8,23.9,67,6.9,karachi
2024-11-20 03:00:00,27.6,31.3,23.0,70,7.5,karachi
2024-11-20 04:00:00,25.8,29.5,22.6,71,7.4,karachi
2024-11-20 05:00:00,25.4,28.8,22.6,70,6.8,karachi
2024-11-20 06:00:00,26.0,29.3,22.8,65,6.0,karachi
2024-11-20 07:00:00,32.7,35.9,22.5,64,5.3,karachi
2024-11-20 08:00:00,43.1,45.8,22.9,60,5.0,karachi
2024-11-20 09:00:00,41.3,44.6,25.4,51,4.1,karachi
2024-11-20 10:00:00,28.3,34.1,27.9,45,1.5,karachi
2024-11-20 11:00:00,23.7,29.9,29.4,43,2.6,karachi
2024-11-20 12:00:00,22.8,29.0,30.5,38,5.5,karachi
2024-11-20 13:00:00,22.3,28.8,30.6,40,8.9,karachi
2024-11-20 14:00:00,22.5,28.9,30.4,45,11.6,karachi
2024-11-20 15:00:00,22.8,28.9,30.2,45,12.8,karachi
2024-11-20 16:00:00,22.6,28.4,30.0,43,12.3,karachi
2024-11-20 17:00:00,25.4,31.9,29.1,45,10.5,karachi
2024-11-20 18:00:00,32.0,36.4,27.9,55,9.6,karachi
2024-11-20 19:00:00,31.1,34.7,27.1,60,9.2,karachi
2024-11-20 20:00:00,27.9,31.1,26.4,63,6.8,karachi
2024-11-20 21:00:00,25.8,28.9,25.9,65,5.7,karachi
2024-11-20 22:00:00,26.7,29.8,25.6,66,5.9,karachi
2024-11-20 23:00:00,31.2,34.3,25.1,69,4.8,karachi
2024-11-21 00:00:00,37.4,40.7,24.2,73,5.2,karachi
2024-11-21 01:00:00,40.9,43.4,23.2,77,5.6,karachi
2024-11-21 02:00:00,41.8,43.9,22.9,79,6.4,karachi
2024-11-21 03:00:00,40.9,42.8,22.5,80,5.4,karachi
2024-11-21 04:00:00,39.0,41.0,22.0,83,5.2,karachi
2024-11-21 05:00:00,42.0,44.0,21.6,84,4.6,karachi
2024-11-21 06:00:00,44.7,46.6,21.6,81,3.7,karachi
2024-11-21 07:00:00,55.8,57.6,21.5,81,2.8,karachi
2024-11-21 08:00:00,69.8,71.2,22.3,77,2.1,karachi
2024-11-21 09:00:00,43.5,47.7,25.0,68,0.6,karachi
2024-11-21 10:00:00,26.5,33.2,27.1,65,1.7,karachi
2024-11-21 11:00:00,19.7,25.0,28.8,56,5.7,karachi
2024-11-21 12:00:00,21.0,27.0,29.9,49,8.4,karachi
2024-11-21 13:00:00,22.9,28.9,30.2,46,10.8,karachi
2024-11-21 14:00:00,23.9,29.6,30.2,45,11.9,karachi
2024-11-21 15:00:00,24.0,29.4,30.0,44,12.1,karachi
2024-11-21 16:00:00,23.6,28.6,29.4,48,11.8,karachi
2024-11-21 17:00:00,19.8,23.2,28.5,53,10.3,karachi
2024-11-21 18:00:00,25.5,27.8,27.6,57,9.6,karachi
2024-11-21 19:00:00,25.5,27.5,27.0,62,7.2,karachi
2024-11-21 20:00:00,23.5,25.6,26.3,67,5.9,karachi
2024-11-21 21:00:00,23.0,25.3,26.0,71,5.8,karachi
2024-11-21 22:00:00,24.0,26.5,25.5,74,6.1,karachi
2024-11-21 23:00:00,25.2,27.9,25.1,75,6.3,karachi
2024-11-22 00:00:00,25.4,28.2,24.5,76,7.0,karachi
2024-11-22 01:00:00,24.7,27.6,24.0,78,7.1,karachi
2024-11-22 02:00:00,23.3,26.2,23.4,81,6.9,karachi
2024-11-22 03:00:00,21.6,24.4,23.1,81,5.9,karachi
2024-11-22 04:00:00,20.2,23.2,23.2,81,5.4,karachi
2024-11-22 05:00:00,21.4,24.7,23.5,80,5.2,karachi
2024-11-22 06:00:00,21.2,24.7,23.0,81,2.5,karachi
2024-11-22 07:00:00,26.6,30.3,22.7,82,2.5,karachi
2024-11-22 08:00:00,36.7,39.5,23.1,81,3.2,karachi
2024-11-22 09:00:00,29.7,33.5,25.4,70,1.6,karachi
2024-11-22 10:00:00,21.7,26.9,27.6,60,4.7,karachi
2024-11-22 11:00:00,20.3,24.2,29.0,51,7.4,karachi
2024-11-22 12:00:00,21.5,25.2,29.9,47,9.1,karachi
2024-11-22 13:00:00,22.4,26.0,30.4,44,10.5,karachi
2024-11-22 14:00:00,22.8,26.2,30.4,43,11.2,karachi
2024-11-22 15:00:00,22.9,26.2,29.9,46,12.6,karachi
2024-11-22 16:00:00,22.6,25.8,28.7,55,14.4,karachi
2024-11-22 17:00:00,15.5,17.2,27.6,58,13.6,karachi
2024-11-22 18:00:00,21.3,22.8,27.3,58,10.9,karachi
2024-11-22 19:00:00,22.9,24.6,27.0,60,7.5,karachi
2024-11-22 20:00:00,23.6,25.6,26.5,62,6.7,karachi
2024-11-22 21:00:00,24.0,26.1,26.0,66,6.8,karachi
2024-11-22 22:00:00,24.3,26.5,25.6,69,7.8,karachi
2024-11-22 23:00:00,24.2,26.4,25.1,70,7.1,karachi
2024-11-23 00:00:00,23.1,25.4,24.6,73,7.5,karachi
2024-11-23 01:00:00,21.4,23.8,24.1,75,8.3,karachi
2024-11-23 02:00:00,19.6,22.1,24.0,75,8.5,karachi
2024-11-23 03:00:00,18.0,20.6,24.0,75,7.2,karachi
2024-11-23 04:00:00,17.2,20.3,24.1,75,7.4,karachi
2024-11-23 05:00:00,15.6,18.8,24.0,75,6.8,karachi
2024-11-23 06:00:00,16.5,19.8,23.6,76,6.4,karachi
2024-11-23 07:00:00,22.1,25.5,22.9,80,5.0,karachi
2024-11-23 08:00:00,32.0,34.9,23.3,78,4.3,karachi
2024-11-23 09:00:00,25.9,30.0,25.7,67,2.5,karachi
2024-11-23 10:00:00,19.8,25.6,27.8,60,5.0,karachi
2024-11-23 11:00:00,18.3,23.9,29.2,52,8.5,karachi
2024-11-23 12:00:00,17.4,22.0,30.0,47,10.2,karachi
2024-11-23 13:00:00,17.1,21.2,30.2,46,11.1,karachi
2024-11-23 14:00:00,17.0,21.2,30.0,47,12.0,karachi
2024-11-23 15:00:00,16.8,21.1,29.8,48,12.1,karachi
2024-11-23 16:00:00,16.6,21.2,29.0,52,12.5,karachi
2024-11-23 17:00:00,17.1,22.1,28.2,55,11.4,karachi
2024-11-23 18:00:00,22.3,25.7,27.6,59,10.1,karachi
2024-11-23 19:00:00,26.2,29.3,27.0,63,7.6,karachi
2024-11-23 20:00:00,27.8,31.0,26.6,67,7.7,karachi
2024-11-23 21:00:00,27.9,31.3,26.2,69,6.9,karachi
2024-11-23 22:00:00,28.3,31.8,25.8,70,5.7,karachi
2024-11-23 23:00:00,28.9,32.6,25.4,72,5.9,karachi
2024-11-24 00:00:00,28.8,32.6,25.0,74,4.9,karachi
2024-11-24 01:00:00,27.2,31.2,24.5,76,5.7,karachi
2024-11-24 02:00:00,25.2,29.1,24.0,79,6.8,karachi
2024-11-24 03:00:00,23.1,27.0,23.7,81,5.3,karachi
2024-11-24 04:00:00,21.9,26.1,23.6,81,4.6,karachi
2024-11-24 05:00:00,20.1,24.8,23.3,83,3.6,karachi
2024-11-24 06:00:00,22.0,26.4,23.1,85,3.0,karachi
2024-11-24 07:00:00,30.0,34.1,22.9,86,3.5,karachi
2024-11-24 08:00:00,39.6,42.5,23.4,84,4.6,karachi
2024-11-24 09:00:00,30.3,35.4,25.6,73,3.7,karachi
2024-11-24 10:00:00,21.9,29.8,27.5,65,0.7,karachi
2024-11-24 11:00:00,21.1,27.3,28.6,56,2.2,karachi
2024-11-24 12:00:00,22.9,28.6,29.6,49,5.2,karachi
2024-11-24 13:00:00,23.7,29.9,29.9,47,7.9,karachi
2024-11-24 14:00:00,24.2,31.2,29.5,49,9.3,karachi
2024-11-24 15:00:00,24.6,31.9,29.4,51,9.8,karachi
2024-11-24 16:00:00,24.8,32.1,29.0,52,9.6,karachi
2024-11-24 17:00:00,23.6,29.6,28.4,53,9.5,karachi
2024-11-24 18:00:00,36.4,41.0,28.1,55,8.3,karachi
2024-11-24 19:00:00,38.9,42.8,27.2,61,10.1,karachi
2024-11-24 20:00:00,38.8,42.6,26.6,64,9.4,karachi
2024-11-24 21:00:00,39.3,43.2,26.0,67,8.4,karachi
2024-11-24 22:00:00,41.0,44.8,25.5,70,7.1,karachi
2024-11-24 23:00:00,43.5,47.4,25.0,72,6.1,karachi
2024-11-25 00:00:00,45.4,48.9,24.5,75,6.1,karachi
2024-11-25 01:00:00,44.0,47.3,24.1,77,5.9,karachi
2024-11-25 02:00:00,40.6,43.7,23.8,80,6.5,karachi
2024-11-25 03:00:00,36.6,39.6,23.3,84,7.3,karachi
2024-11-25 04:00:00,32.8,35.9,22.9,82,7.7,karachi
2024-11-25 05:00:00,31.3,34.2,22.5,74,7.2,karachi
2024-11-25 06:00:00,29.3,32.1,21.8,66,6.9,karachi
2024-11-25 07:00:00,32.6,35.5,21.5,63,7.4,karachi
2024-11-25 08:00:00,37.4,40.3,22.1,57,7.2,karachi
2024-11-25 09:00:00,37.6,41.0,24.0,50,5.1,karachi
2024-11-25 10:00:00,30.2,35.7,26.9,39,5.1,karachi
2024-11-25 11:00:00,26.1,32.4,28.8,30,4.1,karachi
2024-11-25 12:00:00,23.5,30.2,30.0,26,3.9,karachi
2024-11-25 13:00:00,23.4,30.2,30.8,24,3.8,karachi
2024-11-25 14:00:00,24.0,31.0,31.1,24,5.0,karachi
2024-11-25 15:00:00,24.3,31.4,30.9,27,7.7,karachi
2024-11-25 16:00:00,24.7,31.8,29.9,34,10.8,karachi
2024-11-25 17:00:00,35.3,46.1,28.6,35,11.5,karachi
2024-11-25 18:00:00,61.0,70.5,27.2,42,8.2,karachi
2024-11-25 19:00:00,72.4,81.7,26.2,49,8.4,karachi
2024-11-25 20:00:00,70.3,79.4,25.4,55,7.3,karachi
2024-11-25 21:00:00,65.0,73.6,25.0,57,6.4,karachi
2024-11-25 22:00:00,64.3,72.2,24.6,59,7.2,karachi
2024-11-25 23:00:00,65.4,71.9,24.1,62,6.3,karachi
2024-11-26 00:00:00,63.3,69.2,23.5,66,6.0,karachi
2024-11-26 01:00:00,60.8,66.1,23.6,61,4.3,karachi
2024-11-26 02:00:00,58.1,63.3,23.2,61,4.7,karachi
2024-11-26 03:00:00,55.4,60.5,22.1,65,6.1,karachi
2024-11-26 04:00:00,51.6,56.6,21.5,68,6.8,karachi
2024-11-26 05:00:00,45.4,50.5,21.1,69,7.1,karachi
2024-11-26 06:00:00,43.3,48.2,21.4,77,6.8,karachi
2024-11-26 07:00:00,49.1,53.8,21.0,79,5.2,karachi
2024-11-26 08:00:00,60.8,64.7,21.4,78,3.6,karachi
2024-11-26 09:00:00,53.1,59.3,24.0,67,1.9,karachi
2024-11-26 10:00:00,36.2,46.9,26.8,56,1.0,karachi
2024-11-26 11:00:00,35.0,46.4,29.0,40,2.3,karachi
2024-11-26 12:00:00,34.9,45.2,30.3,33,5.5,karachi
2024-11-26 13:00:00,33.5,43.2,30.8,34,8.5,karachi
2024-11-26 14:00:00,33.1,42.6,30.7,36,10.7,karachi
2024-11-26 15:00:00,32.7,42.4,30.6,35,12.2,karachi
2024-11-26 16:00:00,31.9,41.2,29.9,37,12.3,karachi
2024-11-26 17:00:00,24.2,28.8,28.6,43,10.7,karachi
2024-11-26 18:00:00,28.7,32.7,27.4,55,8.6,karachi
2024-11-26 19:00:00,31.1,35.4,26.5,62,6.4,karachi
2024-11-26 20:00:00,32.6,37.4,25.8,65,5.0,karachi
2024-11-26 21:00:00,34.7,39.9,25.2,68,4.9,karachi
2024-11-26 22:00:00,37.8,44.2,24.8,71,4.8,karachi
2024-11-26 23:00:00,40.6,48.4,24.2,73,1.9,karachi
2024-11-27 00:00:00,40.5,49.5,23.6,76,3.1,karachi
2024-11-27 01:00:00,38.8,49.2,23.0,79,5.2,karachi
2024-11-27 02:00:00,36.4,47.5,22.6,81,4.1,karachi
2024-11-27 03:00:00,34.0,45.5,22.4,83,2.8,karachi
2024-11-27 04:00:00,31.5,43.4,22.1,86,1.5,karachi
2024-11-27 05:00:00,26.5,38.5,22.3,86,1.1,karachi
2024-11-27 06:00:00,26.5,38.8,22.7,84,1.3,karachi
2024-11-27 07:00:00,32.1,44.6,22.9,86,2.3,karachi
2024-11-27 08:00:00,42.7,54.8,24.2,82,4.4,karachi
2024-11-27 09:00:00,31.1,41.0,26.6,73,4.6,karachi
2024-11-27 10:00:00,21.9,33.1,28.5,60,8.6,karachi
2024-11-27 11:00:00,18.7,29.6,29.4,55,9.8,karachi
2024-11-27 12:00:00,16.9,27.0,29.9,53,11.4,karachi
2024-11-27 13:00:00,15.9,25.4,30.0,53,12.3,karachi
2024-11-27 14:00:00,15.5,24.7,29.9,54,12.4,karachi
2024-11-27 15:00:00,15.3,24.3,29.6,56,12.1,karachi
2024-11-27 16:00:00,15.3,24.3,29.1,57,11.6,karachi
2024-11-27 17:00:00,14.2,22.1,28.2,60,10.5,karachi
2024-11-27 18:00:00,21.8,27.8,27.7,65,7.6,karachi
2024-11-27 19:00:00,28.0,33.8,27.0,70,6.1,karachi
2024-11-27 20:00:00,32.5,38.2,26.5,73,5.3,karachi
2024-11-27 21:00:00,37.6,44.1,26.1,76,4.6,karachi
2024-11-27 22:00:00,42.6,50.3,25.9,78,3.8,karachi
2024-11-27 23:00:00,46.9,55.4,25.4,80,1.7,karachi
2024-11-28 00:00:00,48.7,58.0,25.0,82,2.1,karachi
2024-11-28 01:00:00,47.6,57.6,24.6,84,4.5,karachi
2024-11-28 02:00:00,46.0,56.1,24.3,86,5.2,karachi
2024-11-28 03:00:00,43.8,53.7,24.0,86,3.7,karachi
2024-11-28 04:00:00,41.8,51.3,23.6,87,2.7,karachi
2024-11-28 05:00:00,41.9,51.5,23.0,90,1.3,karachi
2024-11-28 06:00:00,48.7,55.1,22.4,91,1.0,karachi
2024-11-28 07:00:00,56.8,61.9,22.0,91,2.7,karachi
2024-11-28 08:00:00,69.6,73.1,22.5,86,3.6,karachi
2024-11-28 09:00:00,68.0,71.5,24.9,76,3.2,karachi
2024-11-28 10:00:00,29.2,37.8,26.8,71,1.0,karachi
2024-11-28 11:00:00,23.6,34.1,28.2,64,1.8,karachi
2024-11-28 12:00:00,21.5,30.2,29.2,59,4.8,karachi
2024-11-28 13:00:00,23.3,31.9,30.0,53,8.1,karachi
2024-11-28 14:00:00,23.6,31.9,29.2,59,11.2,karachi
2024-11-28 15:00:00,23.5,31.3,28.6,63,11.5,karachi
2024-11-28 16:00:00,22.8,30.0,28.2,64,10.3,karachi
2024-11-28 17:00:00,20.0,26.1,27.7,67,9.2,karachi
2024-11-28 18:00:00,26.1,30.3,27.1,68,8.3,karachi
2024-11-28 19:00:00,27.3,31.4,26.6,71,6.8,karachi
2024-11-28 20:00:00,26.7,30.9,26.4,73,6.4,karachi
2024-11-28 21:00:00,27.4,31.7,26.1,76,5.8,karachi
2024-11-28 22:00:00,29.7,34.1,25.8,77,5.1,karachi
2024-11-28 23:00:00,31.8,36.4,25.2,79,5.6,karachi
2024-11-29 00:00:00,30.3,34.7,24.7,81,6.1,karachi
2024-11-29 01:00:00,26.8,31.2,24.0,85,5.4,karachi
2024-11-29 02:00:00,24.2,28.8,23.4,88,5.8,karachi
2024-11-29 03:00:00,22.6,27.5,23.0,90,6.2,karachi
2024-11-29 04:00:00,21.7,27.5,22.8,92,6.0,karachi
2024-11-29 05:00:00,22.5,29.2,22.5,93,6.1,karachi
2024-11-29 06:00:00,23.1,29.6,22.1,90,5.6,karachi
2024-11-29 07:00:00,27.9,33.4,22.0,91,5.8,karachi
2024-11-29 08:00:00,35.6,40.2,22.1,90,5.8,karachi
2024-11-29 09:00:00,33.6,38.1,23.9,81,3.7,karachi
2024-11-29 10:00:00,21.8,31.0,26.1,69,3.4,karachi
2024-11-29 11:00:00,17.8,25.4,27.9,57,1.8,karachi
2024-11-29 12:00:00,18.1,25.0,29.2,47,1.0,karachi
2024-11-29 13:00:00,19.0,26.1,30.1,42,4.1,karachi
2024-11-29 14:00:00,20.6,28.0,30.0,47,8.3,karachi
2024-11-29 15:00:00,21.8,29.4,29.5,53,10.7,karachi
2024-11-29 16:00:00,22.5,30.0,28.6,60,11.4,karachi
2024-11-29 17:00:00,26.0,35.5,27.6,62,9.8,karachi
2024-11-29 18:00:00,32.9,39.9,26.9,64,8.6,karachi
2024-11-29 19:00:00,32.2,38.5,26.1,69,7.5,karachi
2024-11-29 20:00:00,29.2,35.4,25.6,73,4.4,karachi
2024-11-29 21:00:00,28.2,35.0,25.2,76,4.7,karachi
2024-11-29 22:00:00,28.4,35.2,24.7,79,6.3,karachi
2024-11-29 23:00:00,31.7,38.2,24.2,81,6.4,karachi
2024-11-30 00:00:00,34.6,40.6,23.6,83,5.9,karachi
2024-11-30 01:00:00,34.2,39.2,23.1,85,6.1,karachi
2024-11-30 02:00:00,32.4,36.9,22.8,87,5.7,karachi
2024-11-30 03:00:00,31.1,35.5,22.5,88,5.5,karachi
2024-11-30 04:00:00,30.5,35.0,22.5,88,5.5,karachi
2024-11-30 05:00:00,32.9,36.9,22.1,89,6.5,karachi
2024-11-30 06:00:00,31.9,35.9,21.9,88,7.8,karachi
2024-11-30 07:00:00,34.1,37.8,21.8,85,7.4,karachi
2024-11-30 08:00:00,36.8,39.9,22.0,80,7.0,karachi
2024-11-30 09:00:00,34.1,37.0,23.6,70,5.8,karachi
2024-11-30 10:00:00,32.2,35.5,26.1,56,5.7,karachi
2024-11-30 11:00:00,28.4,31.1,28.3,42,7.4,karachi
2024-11-30 12:00:00,25.0,27.3,29.7,34,7.3,karachi
2024-11-30 13:00:00,23.5,26.1,30.4,30,7.9,karachi
2024-11-30 14:00:00,23.4,26.4,30.6,29,9.1,karachi
2024-11-30 15:00:00,23.4,26.6,30.6,29,10.2,karachi
2024-11-30 16:00:00,23.6,26.7,30.3,30,11.4,karachi
2024-11-30 17:00:00,46.9,52.3,29.6,31,11.5,karachi
2024-11-30 18:00:00,59.8,63.6,28.7,32,9.6,karachi
2024-11-30 19:00:00,62.6,65.2,28.0,32,8.1,karachi
2024-11-30 20:00:00,58.7,60.5,27.3,34,7.9,karachi
2024-11-30 21:00:00,54.5,56.1,26.3,37,10.2,karachi
2024-11-30 22:00:00,51.8,53.3,25.2,41,9.9,karachi
2024-11-30 23:00:00,50.6,52.3,24.5,44,9.0,karachi
2024-12-01 00:00:00,50.2,51.9,23.8,47,7.4,karachi
2024-12-01 01:00:00,49.8,51.8,23.2,49,6.7,karachi
2024-12-01 02:00:00,49.6,51.6,22.8,52,6.4,karachi
2024-12-01 03:00:00,49.2,51.3,22.1,54,6.9,karachi
2024-12-01 04:00:00,48.8,50.9,21.5,57,7.2,karachi
2024-12-01 05:00:00,48.8,51.0,21.0,58,7.9,karachi
2024-12-01 06:00:00,49.1,51.2,20.6,60,7.3,karachi
2024-12-01 07:00:00,53.6,55.6,20.4,59,7.4,karachi
2024-12-01 08:00:00,60.1,61.9,20.6,58,7.4,karachi
2024-12-01 09:00:00,58.9,61.0,22.6,49,5.0,karachi
2024-12-01 10:00:00,51.3,54.4,25.4,36,4.9,karachi
2024-12-01 11:00:00,39.9,43.3,27.3,29,6.2,karachi
2024-12-01 12:00:00,34.6,37.7,28.5,26,5.5,karachi
2024-12-01 13:00:00,31.5,34.3,29.1,26,5.2,karachi
2024-12-01 14:00:00,30.6,33.4,29.4,27,6.7,karachi
2024-12-01 15:00:00,31.1,34.0,29.0,30,9.7,karachi
2024-12-01 16:00:00,32.2,35.2,28.2,34,11.1,karachi
2024-12-01 17:00:00,37.1,40.4,27.5,34,9.6,karachi
2024-12-01 18:00:00,60.1,62.9,27.0,38,6.9,karachi
2024-12-01 19:00:00,73.3,76.1,26.5,37,6.9,karachi
2024-12-01 20:00:00,76.1,78.9,25.8,36,6.5,karachi
2024-12-01 21:00:00,71.5,73.8,25.1,38,6.7,karachi
2024-12-01 22:00:00,63.1,65.2,24.4,40,8.0,karachi
2024-12-01 23:00:00,55.2,57.0,23.9,42,8.0,karachi
2024-12-02 00:00:00,49.2,51.2,23.7,41,7.3,karachi
2024-12-02 01:00:00,44.7,46.7,23.1,42,7.2,karachi
2024-12-02 02:00:00,41.3,43.3,22.5,46,7.5,karachi
2024-12-02 03:00:00,38.4,40.4,22.0,48,7.7,karachi
2024-12-02 04:00:00,35.9,37.8,21.5,49,7.6,karachi
2024-12-02 05:00:00,34.6,36.6,21.0,49,7.9,karachi
2024-12-02 06:00:00,33.8,35.7,20.4,50,8.5,karachi
2024-12-02 07:00:00,37.5,39.5,20.0,51,8.4,karachi
2024-12-02 08:00:00,43.8,45.9,20.5,50,7.6,karachi
2024-12-02 09:00:00,48.5,50.8,22.4,45,5.4,karachi
2024-12-02 10:00:00,52.2,55.9,25.0,36,5.8,karachi
2024-12-02 11:00:00,51.7,56.2,27.1,32,6.6,karachi
2024-12-02 12:00:00,39.6,43.4,28.8,29,7.0,karachi
2024-12-02 13:00:00,31.8,34.8,29.6,27,5.6,karachi
2024-12-02 14:00:00,29.5,32.5,30.1,26,4.6,karachi
2024-12-02 15:00:00,28.1,31.3,30.2,26,4.5,karachi
2024-12-02 16:00:00,27.5,30.7,30.0,26,3.5,karachi
2024-12-02 17:00:00,34.8,38.6,29.1,28,3.3,karachi
2024-12-02 18:00:00,51.7,54.8,27.8,35,7.9,karachi
2024-12-02 19:00:00,61.2,64.3,26.6,40,9.9,karachi
2024-12-02 20:00:00,58.2,60.5,26.0,41,7.5,karachi
2024-12-02 21:00:00,50.4,52.5,25.2,42,8.3,karachi
2024-12-02 22:00:00,45.1,47.3,24.9,42,8.4,karachi
2024-12-02 23:00:00,42.8,45.3,24.4,43,8.0,karachi
2024-12-03 00:00:00,41.6,44.1,23.6,45,7.8,karachi
2024-12-03 01:00:00,40.4,43.1,22.9,48,8.3,karachi
2024-12-03 02:00:00,39.9,42.6,22.2,51,8.8,karachi
2024-12-03 03:00:00,40.4,43.1,21.9,53,9.3,karachi
2024-12-03 04:00:00,42.4,45.1,21.6,55,9.5,karachi
2024-12-03 05:00:00,46.8,49.8,21.4,56,10.2,karachi
2024-12-03 06:00:00,51.1,54.4,21.0,57,10.0,karachi
2024-12-03 07:00:00,56.2,60.3,20.9,58,10.6,karachi
2024-12-03 08:00:00,59.6,64.0,21.6,57,11.2,karachi
2024-12-03 09:00:00,58.9,63.8,23.5,52,10.7,karachi
2024-12-03 10:00:00,56.3,61.5,25.6,46,11.0,karachi
2024-12-03 11:00:00,50.6,55.6,27.5,40,11.7,karachi
2024-12-03 12:00:00,41.6,46.4,29.0,33,12.2,karachi
2024-12-03 13:00:00,30.5,35.4,29.9,29,12.4,karachi
2024-12-03 14:00:00,27.1,32.1,30.2,28,12.2,karachi
2024-12-03 15:00:00,25.8,31.0,30.2,27,12.1,karachi
2024-12-03 16:00:00,26.1,31.2,29.8,28,12.9,karachi
2024-12-03 17:00:00,34.9,39.6,29.0,30,13.6,karachi
2024-12-03 18:00:00,40.5,44.0,28.3,33,13.2,karachi
2024-12-03 19:00:00,43.4,46.7,27.5,36,11.8,karachi
2024-12-03 20:00:00,45.1,48.4,26.3,41,12.3,karachi
2024-12-03 21:00:00,47.8,51.1,25.4,45,12.5,karachi
2024-12-03 22:00:00,50.6,54.1,24.7,48,12.1,karachi
2024-12-03 23:00:00,52.3,55.6,24.1,49,12.9,karachi
2024-12-04 00:00:00,52.2,55.6,24.0,48,13.5,karachi
2024-12-04 01:00:00,51.3,54.9,23.9,47,14.3,karachi
2024-12-04 02:00:00,51.0,54.5,23.6,48,15.2,karachi
2024-12-04 03:00:00,50.9,54.4,23.2,50,15.1,karachi
2024-12-04 04:00:00,50.8,54.4,22.7,52,15.0,karachi
2024-12-04 05:00:00,51.1,54.8,22.3,54,14.3,karachi
2024-12-04 06:00:00,51.1,55.1,21.9,57,14.3,karachi
2024-12-04 07:00:00,52.3,56.7,21.6,58,13.7,karachi
2024-12-04 08:00:00,53.8,58.6,22.0,56,13.7,karachi
2024-12-04 09:00:00,53.6,59.1,23.4,52,12.4,karachi
2024-12-04 10:00:00,52.6,60.1,25.4,46,13.4,karachi
2024-12-04 11:00:00,50.8,60.1,27.2,38,15.4,karachi
2024-12-04 12:00:00,46.2,56.5,28.5,33,16.1,karachi
2024-12-04 13:00:00,39.7,49.7,29.1,30,14.9,karachi
2024-12-04 14:00:00,34.9,44.0,29.5,29,13.2,karachi
2024-12-04 15:00:00,32.7,41.1,29.6,28,12.1,karachi
2024-12-04 16:00:00,32.4,40.5,29.2,29,11.7,karachi
2024-12-04 17:00:00,35.6,43.2,28.5,30,11.8,karachi
2024-12-04 18:00:00,43.8,49.6,28.1,31,10.2,karachi
2024-12-04 19:00:00,48.1,53.6,27.2,33,10.1,karachi
2024-12-04 20:00:00,49.7,55.5,26.3,36,9.5,karachi
2024-12-04 21:00:00,51.5,58.0,25.4,40,9.3,karachi
2024-12-04 22:00:00,53.7,60.8,24.5,43,9.3,karachi
2024-12-04 23:00:00,55.8,62.9,23.8,46,8.9,karachi
2024-12-05 00:00:00,56.6,63.8,23.0,49,8.3,karachi
2024-12-05 01:00:00,55.8,62.9,22.0,53,9.0,karachi
2024-12-05 02:00:00,54.5,61.7,21.5,55,7.7,karachi
2024-12-05 03:00:00,53.0,60.5,20.9,57,8.3,karachi
2024-12-05 04:00:00,51.6,59.0,20.6,57,8.1,karachi
2024-12-05 05:00:00,51.2,58.8,20.2,58,7.9,karachi
2024-12-05 06:00:00,51.1,58.4,19.6,59,7.8,karachi
2024-12-05 07:00:00,55.5,62.9,19.5,59,7.2,karachi
2024-12-05 08:00:00,62.9,69.6,19.9,57,5.9,karachi
2024-12-05 09:00:00,65.4,72.4,22.0,50,4.0,karachi
2024-12-05 10:00:00,59.8,71.2,24.9,38,2.3,karachi
2024-12-05 11:00:00,50.9,64.5,26.8,32,2.1,karachi
2024-12-05 12:00:00,43.8,56.2,27.8,32,4.1,karachi
2024-12-05 13:00:00,41.7,53.7,28.2,33,7.8,karachi
2024-12-05 14:00:00,40.3,52.5,28.4,34,9.8,karachi
2024-12-05 15:00:00,40.3,52.3,28.3,34,10.5,karachi
2024-12-05 16:00:00,40.4,52.2,27.8,36,10.9,karachi
2024-12-05 17:00:00,32.6,40.3,26.6,40,10.8,karachi
2024-12-05 18:00:00,42.6,48.2,25.9,49,8.7,karachi
2024-12-05 19:00:00,48.0,53.2,25.4,54,6.5,karachi
2024-12-05 20:00:00,49.7,55.5,25.0,60,6.3,karachi
2024-12-05 21:00:00,50.4,57.4,24.8,63,5.6,karachi
2024-12-05 22:00:00,51.2,60.8,24.5,65,4.3,karachi
2024-12-05 23:00:00,51.8,65.2,23.9,67,2.2,karachi
2024-12-06 00:00:00,49.7,68.2,23.0,67,5.6,karachi
2024-12-06 01:00:00,46.1,69.6,22.4,68,3.9,karachi
2024-12-06 02:00:00,44.7,73.8,22.1,67,1.5,karachi
2024-12-06 03:00:00,43.5,75.4,22.2,65,2.5,karachi
2024-12-06 04:00:00,44.6,77.3,21.2,68,7.7,karachi
2024-12-06 05:00:00,39.8,71.9,19.9,74,7.9,karachi
2024-12-06 06:00:00,44.0,74.3,19.2,78,7.2,karachi
2024-12-06 07:00:00,54.6,79.2,18.5,81,8.0,karachi
2024-12-06 08:00:00,73.1,90.1,18.6,78,7.6,karachi
2024-12-06 09:00:00,55.8,72.9,20.5,67,5.8,karachi
2024-12-06 10:00:00,39.2,65.2,23.6,56,4.5,karachi
2024-12-06 11:00:00,34.3,63.1,25.8,49,3.6,karachi
2024-12-06 12:00:00,30.0,59.8,27.1,45,3.4,karachi
2024-12-06 13:00:00,27.9,57.9,27.9,42,4.9,karachi
2024-12-06 14:00:00,25.8,55.9,28.1,44,7.4,karachi
2024-12-06 15:00:00,23.8,52.7,28.1,45,8.2,karachi
2024-12-06 16:00:00,22.1,49.0,27.7,45,8.4,karachi
2024-12-06 17:00:00,17.5,35.4,26.7,46,8.1,karachi
2024-12-06 18:00:00,25.3,35.2,25.4,46,9.3,karachi
2024-12-06 19:00:00,27.6,33.1,24.2,46,7.3,karachi
2024-12-06 20:00:00,27.2,29.9,23.5,46,6.4,karachi
2024-12-06 21:00:00,26.8,28.1,22.8,47,7.1,karachi
2024-12-06 22:00:00,27.5,28.8,22.5,47,6.4,karachi
2024-12-06 23:00:00,28.9,30.4,21.8,49,8.3,karachi
2024-12-07 00:00:00,30.2,32.0,21.5,50,6.9,karachi
2024-12-07 01:00:00,29.3,31.2,21.0,53,5.1,karachi
2024-12-07 02:00:00,28.3,30.3,21.0,53,3.2,karachi
2024-12-07 03:00:00,27.4,29.3,19.9,58,6.9,karachi
2024-12-07 04:00:00,26.4,28.3,18.5,62,8.3,karachi
2024-12-07 05:00:00,24.9,27.3,17.5,60,8.5,karachi
2024-12-07 06:00:00,23.6,26.0,16.6,57,8.9,karachi
2024-12-07 07:00:00,25.7,27.9,16.1,46,10.0,karachi
2024-12-07 08:00:00,31.0,33.9,16.6,38,9.9,karachi
2024-12-07 09:00:00,27.1,31.8,18.8,31,7.6,karachi
2024-12-07 10:00:00,17.4,27.3,21.9,24,7.5,karachi
2024-12-07 11:00:00,14.8,25.6,24.7,16,7.2,karachi
2024-12-07 12:00:00,13.6,22.5,26.5,10,7.7,karachi
2024-12-07 13:00:00,14.9,22.0,27.6,10,6.8,karachi
2024-12-07 14:00:00,17.0,22.9,28.3,12,6.0,karachi
2024-12-07 15:00:00,18.9,23.9,28.5,16,5.2,karachi
2024-12-07 16:00:00,20.3,24.8,28.5,19,5.3,karachi
2024-12-07 17:00:00,19.7,19.8,28.0,20,6.1,karachi
2024-12-07 18:00:00,42.6,42.6,26.8,23,6.8,karachi
2024-12-07 19:00:00,59.5,59.5,25.1,22,9.1,karachi
2024-12-07 20:00:00,67.1,67.1,24.0,22,5.8,karachi
2024-12-07 21:00:00,65.9,65.9,22.8,25,5.3,karachi
2024-12-07 22:00:00,64.0,64.0,21.9,27,7.3,karachi
2024-12-07 23:00:00,60.8,60.8,21.0,28,6.1,karachi
2024-12-08 00:00:00,58.2,58.4,21.0,25,13.4,karachi
2024-12-08 01:00:00,55.5,55.8,20.2,16,12.0,karachi
2024-12-08 02:00:00,51.1,51.3,19.0,16,12.7,karachi
2024-12-08 03:00:00,41.4,42.4,18.0,19,12.3,karachi
2024-12-08 04:00:00,31.2,34.0,17.9,19,12.8,karachi
2024-12-08 05:00:00,23.1,30.9,18.0,16,13.3,karachi
2024-12-08 06:00:00,19.4,32.6,18.2,17,14.8,karachi
2024-12-08 07:00:00,20.6,38.2,18.1,17,14.6,karachi
2024-12-08 08:00:00,23.9,42.1,18.2,16,12.5,karachi
2024-12-08 09:00:00,24.5,39.2,19.8,14,8.0,karachi
2024-12-08 10:00:00,20.7,39.5,22.0,12,7.1,karachi
2024-12-08 11:00:00,17.6,35.5,24.5,10,7.9,karachi
2024-12-08 12:00:00,13.1,28.0,26.1,9,8.9,karachi
2024-12-08 13:00:00,10.4,22.6,27.1,8,7.0,karachi
2024-12-08 14:00:00,9.2,19.8,27.9,9,5.9,karachi
2024-12-08 15:00:00,9.0,19.0,28.1,9,6.3,karachi
2024-12-08 16:00:00,9.5,20.0,27.9,9,7.8,karachi
2024-12-08 17:00:00,10.1,20.0,26.7,11,12.4,karachi
2024-12-08 18:00:00,30.0,39.0,25.5,13,10.9,karachi
2024-12-08 19:00:00,45.6,56.8,24.3,13,11.2,karachi
2024-12-08 20:00:00,52.5,64.5,23.9,12,13.4,karachi
2024-12-08 21:00:00,47.4,57.2,22.0,13,13.9,karachi
2024-12-08 22:00:00,40.7,46.9,20.8,14,13.7,karachi
2024-12-08 23:00:00,36.2,41.7,19.8,15,11.5,karachi
2024-12-09 00:00:00,34.2,40.0,19.0,17,10.5,karachi
2024-12-09 01:00:00,33.3,40.5,18.0,20,9.2,karachi
2024-12-09 02:00:00,31.9,40.4,17.2,22,9.6,karachi
2024-12-09 03:00:00,29.3,38.9,16.6,21,10.7,karachi
2024-12-09 04:00:00,26.3,37.0,16.1,22,9.9,karachi
2024-12-09 05:00:00,23.3,37.3,15.8,24,9.2,karachi
2024-12-09 06:00:00,22.6,37.4,14.4,27,10.1,karachi
2024-12-09 07:00:00,25.7,41.3,14.5,29,10.9,karachi
2024-12-09 08:00:00,32.0,47.8,15.1,29,10.6,karachi
2024-12-09 09:00:00,33.4,49.8,17.0,26,8.3,karachi
2024-12-09 10:00:00,29.7,51.9,20.0,21,6.3,karachi
2024-12-09 11:00:00,25.1,52.0,23.0,15,4.5,karachi
2024-12-09 12:00:00,20.1,40.9,24.6,11,2.6,karachi
2024-12-09 13:00:00,16.9,32.7,25.5,11,3.0,karachi
2024-12-09 14:00:00,15.0,27.9,26.0,13,4.5,karachi
2024-12-09 15:00:00,13.8,24.8,26.1,15,5.8,karachi
2024-12-09 16:00:00,13.5,23.2,25.5,22,7.7,karachi
2024-12-09 17:00:00,15.7,25.2,24.5,26,7.2,karachi
2024-12-09 18:00:00,30.7,36.9,23.3,27,9.0,karachi
2024-12-09 19:00:00,36.0,40.0,22.6,27,6.7,karachi
2024-12-09 20:00:00,31.7,34.7,22.1,28,6.0,karachi
2024-12-09 21:00:00,28.5,31.3,21.6,30,7.3,karachi
2024-12-09 22:00:00,26.5,29.9,20.9,29,8.3,karachi
2024-12-09 23:00:00,25.6,29.7,20.1,25,7.8,karachi
2024-12-10 00:00:00,24.9,29.6,19.0,25,7.9,karachi
2024-12-10 01:00:00,23.7,28.8,18.0,29,7.7,karachi
2024-12-10 02:00:00,22.2,27.2,17.4,32,7.9,karachi
2024-12-10 03:00:00,20.4,25.4,16.7,35,8.9,karachi
2024-12-10 04:00:00,18.9,23.9,16.4,37,9.1,karachi
2024-12-10 05:00:00,17.7,21.7,16.1,37,9.6,karachi
2024-12-10 06:00:00,17.6,21.5,15.2,36,10.3,karachi
2024-12-10 07:00:00,19.9,23.5,15.1,35,10.0,karachi
2024-12-10 08:00:00,23.7,27.1,15.4,34,9.8,karachi
2024-12-10 09:00:00,26.0,28.6,17.4,29,8.3,karachi
2024-12-10 10:00:00,23.5,26.8,20.1,24,7.3,karachi
2024-12-10 11:00:00,24.0,27.3,22.5,21,8.4,karachi
2024-12-10 12:00:00,24.0,27.6,24.0,18,8.3,karachi
2024-12-10 13:00:00,22.9,26.3,24.9,17,6.8,karachi
2024-12-10 14:00:00,22.1,24.9,25.4,16,5.1,karachi
2024-12-10 15:00:00,21.0,23.4,25.6,15,3.6,karachi
2024-12-10 16:00:00,20.6,22.7,25.5,14,2.9,karachi
2024-12-10 17:00:00,21.4,21.9,25.1,15,3.1,karachi
2024-12-10 18:00:00,41.3,41.9,24.4,16,1.9,karachi
2024-12-10 19:00:00,57.6,58.0,23.1,20,5.8,karachi
2024-12-10 20:00:00,60.5,61.0,22.0,30,7.4,karachi
2024-12-10 21:00:00,57.5,58.0,21.1,37,6.1,karachi
2024-12-10 22:00:00,52.7,53.2,20.2,35,4.9,karachi
2024-12-10 23:00:00,48.4,48.9,19.6,30,5.6,karachi
2024-12-11 00:00:00,44.4,45.1,18.7,30,6.5,karachi
2024-12-11 01:00:00,39.8,40.7,17.6,33,7.2,karachi
2024-12-11 02:00:00,36.2,37.1,17.0,35,7.3,karachi
2024-12-11 03:00:00,33.5,34.6,16.5,37,7.0,karachi
2024-12-11 04:00:00,31.5,32.7,15.9,39,7.7,karachi
2024-12-11 05:00:00,31.2,32.0,15.7,40,7.8,karachi
2024-12-11 06:00:00,30.7,31.7,14.8,43,8.0,karachi
2024-12-11 07:00:00,34.2,35.2,14.6,42,7.4,karachi
2024-12-11 08:00:00,40.9,41.8,14.9,41,7.2,karachi
2024-12-11 09:00:00,39.9,41.0,16.8,37,7.0,karachi
2024-12-11 10:00:00,35.6,37.0,19.7,29,5.4,karachi
2024-12-11 11:00:00,29.8,31.1,22.3,23,6.1,karachi
2024-12-11 12:00:00,25.5,27.6,23.8,22,4.3,karachi
2024-12-11 13:00:00,25.0,31.9,24.8,21,2.5,karachi
2024-12-11 14:00:00,25.9,37.5,25.5,20,1.4,karachi
2024-12-11 15:00:00,27.0,41.1,25.9,19,0.8,karachi
2024-12-11 16:00:00,28.2,43.2,25.8,19,2.3,karachi
2024-12-11 17:00:00,30.5,42.5,25.1,21,3.5,karachi
2024-12-11 18:00:00,51.3,61.5,23.9,29,6.8,karachi
2024-12-11 19:00:00,65.2,75.4,22.6,33,7.8,karachi
2024-12-11 20:00:00,70.3,80.3,21.5,34,7.8,karachi
2024-12-11 21:00:00,67.3,75.2,21.0,32,6.4,karachi
2024-12-11 22:00:00,61.0,65.7,20.5,31,6.9,karachi
2024-12-11 23:00:00,53.9,56.7,19.2,34,7.6,karachi
2024-12-12 00:00:00,47.6,49.5,18.2,36,7.8,karachi
2024-12-12 01:00:00,42.5,43.9,17.6,38,8.1,karachi
2024-12-12 02:00:00,38.6,39.9,17.0,40,8.4,karachi
2024-12-12 03:00:00,35.7,36.9,16.4,42,9.0,karachi
2024-12-12 04:00:00,33.2,34.1,15.9,44,10.3,karachi
2024-12-12 05:00:00,30.7,31.1,15.5,44,11.4,karachi
2024-12-12 06:00:00,29.4,29.8,14.6,43,11.2,karachi
2024-12-12 07:00:00,31.8,32.1,14.4,39,10.5,karachi
2024-12-12 08:00:00,36.6,36.8,14.8,36,10.2,karachi
2024-12-12 09:00:00,36.6,37.0,16.5,32,8.0,karachi
2024-12-12 10:00:00,32.2,33.4,19.0,27,6.3,karachi
2024-12-12 11:00:00,27.6,31.3,21.4,24,5.4,karachi
2024-12-12 12:00:00,24.4,31.4,23.1,21,5.8,karachi
2024-12-12 13:00:00,21.8,30.5,24.2,19,5.3,karachi
2024-12-12 14:00:00,20.0,29.7,24.8,18,5.3,karachi
2024-12-12 15:00:00,19.0,29.2,25.0,17,5.8,karachi
2024-12-12 16:00:00,18.5,29.2,24.9,18,7.2,karachi
2024-12-12 17:00:00,18.0,24.7,24.2,19,8.9,karachi
2024-12-12 18:00:00,28.6,33.4,23.2,21,6.2,karachi
2024-12-12 19:00:00,29.9,34.7,22.0,23,4.4,karachi
2024-12-12 20:00:00,25.8,31.5,21.0,25,5.6,karachi
2024-12-12 21:00:00,21.9,28.9,20.0,27,9.8,karachi
2024-12-12 22:00:00,19.2,26.4,18.9,29,11.1,karachi
2024-12-12 23:00:00,17.2,23.8,17.9,30,10.8,karachi
2024-12-13 00:00:00,14.9,20.2,17.3,29,11.6,karachi
2024-12-13 01:00:00,12.3,16.4,16.7,29,11.3,karachi
2024-12-13 02:00:00,10.2,13.9,16.1,30,10.9,karachi
2024-12-13 03:00:00,9.0,13.2,15.6,30,10.9,karachi
2024-12-13 04:00:00,8.5,13.4,15.4,30,11.0,karachi
2024-12-13 05:00:00,8.7,13.4,15.4,29,11.9,karachi
2024-12-13 06:00:00,9.1,13.8,15.1,30,12.4,karachi
2024-12-13 07:00:00,10.9,15.0,14.9,30,13.2,karachi
2024-12-13 08:00:00,14.2,17.5,15.4,30,13.9,karachi
2024-12-13 09:00:00,17.2,19.6,17.0,28,12.7,karachi
2024-12-13 10:00:00,18.0,20.7,19.4,26,13.3,karachi
2024-12-13 11:00:00,20.0,22.4,21.5,23,17.9,karachi
2024-12-13 12:00:00,17.5,20.1,22.8,18,18.2,karachi
2024-12-13 13:00:00,16.4,19.2,23.6,17,16.8,karachi
2024-12-13 14:00:00,16.1,19.0,24.0,16,15.7,karachi
2024-12-13 15:00:00,16.6,19.5,24.0,16,15.3,karachi
2024-12-13 16:00:00,17.4,20.3,23.6,16,14.9,karachi
2024-12-13 17:00:00,21.7,25.1,22.8,19,14.6,karachi
2024-12-13 18:00:00,25.0,27.4,22.2,21,13.5,karachi
2024-12-13 19:00:00,27.0,28.9,21.3,24,13.2,karachi
2024-12-13 20:00:00,27.0,28.8,20.3,29,13.4,karachi
2024-12-13 21:00:00,26.9,28.6,19.3,32,12.7,karachi
2024-12-13 22:00:00,27.5,29.2,18.4,35,11.5,karachi
2024-12-13 23:00:00,28.5,30.3,17.6,36,12.0,karachi
2024-12-14 00:00:00,29.3,31.1,17.4,35,12.3,karachi
2024-12-14 01:00:00,29.7,31.5,17.2,33,12.5,karachi
2024-12-14 02:00:00,29.8,31.9,17.0,32,12.9,karachi
2024-12-14 03:00:00,29.7,31.8,16.8,32,13.1,karachi
2024-12-14 04:00:00,29.4,31.2,16.5,33,13.5,karachi
2024-12-14 05:00:00,28.9,30.5,16.3,34,13.9,karachi
2024-12-14 06:00:00,28.8,30.3,15.9,35,13.6,karachi
2024-12-14 07:00:00,29.9,31.3,15.6,35,13.5,karachi
2024-12-14 08:00:00,31.4,32.7,15.9,34,13.1,karachi
2024-12-14 09:00:00,32.1,33.3,17.5,30,11.3,karachi
2024-12-14 10:00:00,29.1,30.4,20.0,25,11.6,karachi
2024-12-14 11:00:00,24.6,26.0,22.1,20,13.9,karachi
2024-12-14 12:00:00,21.9,23.3,23.4,17,14.1,karachi
2024-12-14 13:00:00,20.4,21.5,24.1,17,12.7,karachi
2024-12-14 14:00:00,19.9,20.8,24.6,16,11.4,karachi
2024-12-14 15:00:00,19.8,20.6,24.8,16,10.3,karachi
2024-12-14 16:00:00,20.1,20.8,24.5,17,9.9,karachi
2024-12-14 17:00:00,25.8,26.5,23.9,18,10.0,karachi
2024-12-14 18:00:00,33.5,34.0,23.2,19,9.1,karachi
2024-12-14 19:00:00,35.2,35.6,22.4,20,9.6,karachi
2024-12-14 20:00:00,32.1,32.6,21.2,23,10.3,karachi
2024-12-14 21:00:00,29.3,29.8,19.8,26,11.1,karachi
2024-12-14 22:00:00,27.7,28.4,18.8,28,11.3,karachi
2024-12-14 23:00:00,27.2,28.1,18.0,31,11.2,karachi
2024-12-15 00:00:00,27.0,27.9,17.3,32,10.3,karachi
2024-12-15 01:00:00,26.3,27.2,16.7,34,10.4,karachi
2024-12-15 02:00:00,25.3,26.3,16.2,34,10.0,karachi
2024-12-15 03:00:00,24.2,25.3,15.8,35,9.5,karachi
2024-12-15 04:00:00,23.2,24.2,15.3,36,9.4,karachi
2024-12-15 05:00:00,22.9,23.7,14.8,37,9.6,karachi
2024-12-15 06:00:00,22.6,23.6,14.2,40,9.9,karachi
2024-12-15 07:00:00,24.7,25.7,13.9,40,9.9,karachi
2024-12-15 08:00:00,28.7,29.6,14.2,39,9.5,karachi
2024-12-15 09:00:00,31.3,32.1,15.9,34,7.2,karachi
2024-12-15 10:00:00,30.2,31.4,18.9,28,6.4,karachi
2024-12-15 11:00:00,24.4,25.7,21.8,22,5.9,karachi
2024-12-15 12:00:00,17.6,18.4,23.8,17,5.4,karachi
2024-12-15 13:00:00,15.7,16.2,24.8,15,3.6,karachi
2024-12-15 14:00:00,16.1,16.6,25.3,14,2.5,karachi
2024-12-15 15:00:00,16.8,17.3,25.6,14,3.1,karachi
2024-12-15 16:00:00,17.5,18.0,25.4,14,5.7,karachi
2024-12-15 17:00:00,6.9,6.9,24.4,17,10.2,karachi
2024-12-15 18:00:00,21.7,21.7,23.0,23,11.2,karachi
2024-12-15 19:00:00,32.5,32.7,21.1,28,9.5,karachi
2024-12-15 20:00:00,37.6,38.2,20.2,30,7.4,karachi
2024-12-15 21:00:00,41.7,42.3,19.5,33,6.2,karachi
2024-12-15 22:00:00,39.6,40.0,18.8,34,6.1,karachi
2024-12-15 23:00:00,35.5,36.1,18.1,34,7.8,karachi
2024-12-16 00:00:00,31.2,31.7,18.0,31,7.1,karachi
2024-12-16 01:00:00,27.4,27.6,17.1,32,7.0,karachi
2024-12-16 02:00:00,25.0,25.3,16.0,36,7.6,karachi
2024-12-16 03:00:00,22.8,23.2,15.3,39,8.1,karachi
2024-12-16 04:00:00,20.9,21.2,15.0,41,9.0,karachi
2024-12-16 05:00:00,17.8,18.1,14.9,43,9.3,karachi
2024-12-16 06:00:00,17.5,17.8,14.8,43,10.6,karachi
2024-12-16 07:00:00,20.4,20.7,14.9,42,9.9,karachi
2024-12-16 08:00:00,26.1,26.4,15.1,42,9.1,karachi
2024-12-16 09:00:00,28.0,28.2,16.7,38,7.9,karachi
2024-12-16 10:00:00,26.1,26.5,19.7,31,5.9,karachi
2024-12-16 11:00:00,19.3,19.7,22.8,24,4.6,karachi
2024-12-16 12:00:00,15.0,15.3,24.4,25,6.0,karachi
2024-12-16 13:00:00,15.3,15.6,25.5,23,5.4,karachi
2024-12-16 14:00:00,16.1,16.9,26.1,20,3.2,karachi
2024-12-16 15:00:00,17.3,18.7,26.4,18,1.7,karachi
2024-12-16 16:00:00,18.8,20.4,26.4,18,1.9,karachi
2024-12-16 17:00:00,25.2,25.4,25.9,19,3.3,karachi
2024-12-16 18:00:00,40.6,40.6,24.5,23,5.5,karachi
2024-12-16 19:00:00,54.8,54.8,22.9,30,6.6,karachi
2024-12-16 20:00:00,56.2,56.2,21.8,33,7.0,karachi
2024-12-16 21:00:00,53.4,53.4,21.4,33,7.0,karachi
2024-12-16 22:00:00,49.8,49.8,21.1,32,6.2,karachi
2024-12-16 23:00:00,46.3,46.4,20.2,32,6.2,karachi
2024-12-17 00:00:00,43.3,43.4,19.1,34,7.2,karachi
2024-12-17 01:00:00,40.7,41.2,18.2,35,6.1,karachi
2024-12-17 02:00:00,38.8,39.7,17.6,37,5.7,karachi
2024-12-17 03:00:00,36.2,38.2,16.6,40,6.7,karachi
2024-12-17 04:00:00,33.4,36.8,15.3,45,9.1,karachi
2024-12-17 05:00:00,30.3,36.1,15.1,44,8.7,karachi
2024-12-17 06:00:00,29.7,37.8,14.6,45,7.9,karachi
2024-12-17 07:00:00,33.8,43.3,14.1,46,7.2,karachi
2024-12-17 08:00:00,43.3,52.9,14.0,46,7.2,karachi
2024-12-17 09:00:00,41.9,52.4,16.1,40,6.2,karachi
2024-12-17 10:00:00,36.3,53.1,19.5,32,3.4,karachi
2024-12-17 11:00:00,34.6,65.4,22.6,27,3.6,karachi
2024-12-17 12:00:00,35.4,78.9,24.1,27,3.4,karachi
2024-12-17 13:00:00,40.6,100.8,25.1,27,3.5,karachi
2024-12-17 14:00:00,44.0,109.9,25.6,25,4.6,karachi
2024-12-17 15:00:00,41.8,102.0,26.0,23,4.2,karachi
2024-12-17 16:00:00,38.5,89.9,25.5,27,5.2,karachi
2024-12-17 17:00:00,40.5,75.9,24.4,38,3.2,karachi
2024-12-17 18:00:00,43.4,58.7,23.5,44,2.7,karachi
2024-12-17 19:00:00,41.7,46.9,22.8,42,3.5,karachi
2024-12-17 20:00:00,38.3,41.9,22.2,32,7.5,karachi
2024-12-17 21:00:00,36.4,40.5,21.2,30,8.4,karachi
2024-12-17 22:00:00,36.0,41.7,20.1,33,9.6,karachi
2024-12-17 23:00:00,35.3,42.4,19.2,35,9.8,karachi
2024-12-18 00:00:00,33.9,41.6,18.5,37,10.1,karachi
2024-12-18 01:00:00,32.2,40.5,18.0,38,10.2,karachi
2024-12-18 02:00:00,31.4,40.4,17.5,38,10.2,karachi
2024-12-18 03:00:00,31.5,41.0,17.2,38,10.2,karachi
2024-12-18 04:00:00,32.1,41.6,16.9,38,10.9,karachi
2024-12-18 05:00:00,33.2,41.3,16.8,38,11.5,karachi
2024-12-18 06:00:00,33.9,41.2,16.8,37,12.6,karachi
2024-12-18 07:00:00,36.0,42.4,16.6,37,12.5,karachi
2024-12-18 08:00:00,39.0,44.5,16.9,36,12.7,karachi
2024-12-18 09:00:00,40.3,44.4,18.4,33,11.3,karachi
2024-12-18 10:00:00,40.0,44.4,20.8,29,10.7,karachi
2024-12-18 11:00:00,41.3,43.9,23.1,24,10.5,karachi
2024-12-18 12:00:00,39.3,41.7,24.6,20,8.9,karachi
2024-12-18 13:00:00,35.6,38.9,25.5,16,6.6,karachi
2024-12-18 14:00:00,31.7,36.3,25.9,16,5.5,karachi
2024-12-18 15:00:00,30.3,35.6,25.9,16,2.7,karachi
2024-12-18 16:00:00,30.0,35.9,25.4,16,1.3,karachi
2024-12-18 17:00:00,26.5,29.7,24.8,18,2.4,karachi
2024-12-18 18:00:00,38.4,40.4,24.5,18,4.7,karachi
2024-12-18 19:00:00,45.6,46.9,23.2,20,5.7,karachi
2024-12-18 20:00:00,46.4,47.4,22.0,22,7.3,karachi
2024-12-18 21:00:00,46.0,46.9,21.1,24,7.0,karachi
2024-12-18 22:00:00,45.3,46.3,20.0,27,6.6,karachi
2024-12-18 23:00:00,45.2,46.4,19.3,29,6.4,karachi
2024-12-19 00:00:00,44.6,46.1,18.4,32,6.4,karachi
2024-12-19 01:00:00,43.0,44.9,17.5,34,5.4,karachi
2024-12-19 02:00:00,40.9,43.3,16.8,37,5.9,karachi
2024-12-19 03:00:00,38.9,41.8,16.0,39,7.5,karachi
2024-12-19 04:00:00,37.4,40.4,15.6,40,8.5,karachi
2024-12-19 05:00:00,36.4,39.1,15.2,42,9.1,karachi
2024-12-19 06:00:00,36.7,39.5,14.9,42,9.9,karachi
2024-12-19 07:00:00,39.2,42.0,14.8,42,9.9,karachi
2024-12-19 08:00:00,43.5,46.3,15.0,42,9.4,karachi
2024-12-19 09:00:00,45.6,48.2,16.6,38,7.7,karachi
2024-12-19 10:00:00,44.0,47.6,19.4,31,5.2,karachi
2024-12-19 11:00:00,37.8,43.5,22.2,25,5.3,karachi
2024-12-19 12:00:00,30.2,38.1,23.9,25,5.2,karachi
2024-12-19 13:00:00,29.5,38.8,24.6,25,4.3,karachi
2024-12-19 14:00:00,29.6,39.5,25.1,24,3.7,karachi
2024-12-19 15:00:00,30.2,39.9,25.1,24,3.6,karachi
2024-12-19 16:00:00,30.6,40.4,24.8,26,4.9,karachi
2024-12-19 17:00:00,33.1,40.3,24.3,27,6.4,karachi
2024-12-19 18:00:00,48.4,53.2,23.0,32,8.7,karachi
2024-12-19 19:00:00,60.5,63.8,21.9,40,9.1,karachi
2024-12-19 20:00:00,54.7,56.2,21.2,41,7.4,karachi
2024-12-19 21:00:00,44.9,46.0,20.6,35,7.7,karachi
2024-12-19 22:00:00,38.9,39.8,20.3,31,5.8,karachi
2024-12-19 23:00:00,34.7,35.7,19.1,33,7.9,karachi
2024-12-20 00:00:00,31.5,33.1,17.8,37,8.6,karachi
2024-12-20 01:00:00,29.2,31.7,17.1,40,8.7,karachi
2024-12-20 02:00:00,27.6,31.2,16.5,43,8.8,karachi
2024-12-20 03:00:00,26.8,31.2,16.3,43,9.1,karachi
2024-12-20 04:00:00,26.4,31.4,16.0,43,10.1,karachi
2024-12-20 05:00:00,26.2,31.3,15.9,43,10.5,karachi
2024-12-20 06:00:00,26.7,32.1,15.4,43,10.9,karachi
2024-12-20 07:00:00,29.3,35.0,15.2,44,10.9,karachi
2024-12-20 08:00:00,33.4,39.2,15.1,44,10.7,karachi
2024-12-20 09:00:00,35.0,40.2,16.8,39,10.0,karachi
2024-12-20 10:00:00,31.4,38.6,19.4,32,8.3,karachi
2024-12-20 11:00:00,28.3,34.9,21.7,26,10.1,karachi
2024-12-20 12:00:00,25.6,30.3,23.1,22,12.0,karachi
2024-12-20 13:00:00,23.9,27.5,23.9,20,12.1,karachi
2024-12-20 14:00:00,23.7,26.8,24.3,20,11.7,karachi
2024-12-20 15:00:00,23.4,26.2,24.5,19,11.3,karachi
2024-12-20 16:00:00,23.2,25.7,24.2,19,11.1,karachi
2024-12-20 17:00:00,26.0,28.0,23.5,20,10.9,karachi
2024-12-20 18:00:00,32.8,34.6,22.8,22,9.7,karachi
2024-12-20 19:00:00,38.5,40.2,21.6,24,8.4,karachi
2024-12-20 20:00:00,39.1,40.9,20.3,27,8.4,karachi
2024-12-20 21:00:00,38.3,40.2,19.2,30,8.5,karachi
2024-12-20 22:00:00,37.0,39.0,18.1,34,9.1,karachi
2024-12-20 23:00:00,35.3,37.1,17.5,37,10.0,karachi
2024-12-21 00:00:00,32.6,34.3,17.0,38,10.2,karachi
2024-12-21 01:00:00,30.4,31.9,16.5,40,9.9,karachi
2024-12-21 02:00:00,29.6,30.9,15.9,42,10.2,karachi
2024-12-21 03:00:00,29.9,31.1,15.4,43,10.2,karachi
2024-12-21 04:00:00,31.1,32.1,15.0,44,10.2,karachi
2024-12-21 05:00:00,33.9,34.7,14.6,46,10.2,karachi
2024-12-21 06:00:00,36.6,37.5,14.0,45,10.9,karachi
2024-12-21 07:00:00,40.9,41.9,13.7,45,11.2,karachi
2024-12-21 08:00:00,46.1,47.3,13.9,43,12.0,karachi
2024-12-21 09:00:00,48.2,49.5,15.4,38,11.5,karachi
2024-12-21 10:00:00,49.2,51.3,18.0,30,10.1,karachi
2024-12-21 11:00:00,46.9,49.6,20.3,23,11.6,karachi
2024-12-21 12:00:00,41.7,44.4,21.9,19,11.5,karachi
2024-12-21 13:00:00,40.5,43.3,23.1,16,11.3,karachi
2024-12-21 14:00:00,40.5,43.2,23.9,14,10.5,karachi
2024-12-21 15:00:00,40.4,43.1,24.2,13,9.9,karachi
2024-12-21 16:00:00,40.5,43.2,24.0,14,10.1,karachi
2024-12-21 17:00:00,34.2,35.9,23.4,14,10.5,karachi
2024-12-21 18:00:00,42.7,43.8,22.4,19,7.9,karachi
2024-12-21 19:00:00,46.9,47.8,21.4,21,8.0,karachi
2024-12-21 20:00:00,46.3,47.3,20.2,22,9.2,karachi
2024-12-21 21:00:00,45.2,46.3,19.0,26,10.1,karachi
2024-12-21 22:00:00,44.9,46.3,18.0,31,10.1,karachi
2024-12-21 23:00:00,45.8,47.1,17.0,35,9.3,karachi
2024-12-22 00:00:00,46.2,47.7,16.1,39,9.5,karachi
2024-12-22 01:00:00,46.2,47.6,15.4,42,10.1,karachi
2024-12-22 02:00:00,46.2,47.7,14.9,44,10.2,karachi
2024-12-22 03:00:00,46.3,47.7,14.6,45,10.1,karachi
2024-12-22 04:00:00,46.6,48.0,14.3,45,9.9,karachi
2024-12-22 05:00:00,45.8,47.0,13.9,46,9.4,karachi
2024-12-22 06:00:00,46.8,48.1,13.8,46,9.2,karachi
2024-12-22 07:00:00,50.9,52.2,13.5,47,8.8,karachi
2024-12-22 08:00:00,57.4,58.7,13.6,47,8.9,karachi
2024-12-22 09:00:00,61.2,62.6,15.1,42,6.6,karachi
2024-12-22 10:00:00,63.6,65.2,18.2,35,5.6,karachi
2024-12-22 11:00:00,66.4,68.5,21.2,28,4.6,karachi
2024-12-22 12:00:00,52.9,56.6,22.6,30,3.5,karachi
2024-12-22 13:00:00,42.8,47.5,23.6,31,2.2,karachi
2024-12-22 14:00:00,37.8,43.7,24.1,32,6.1,karachi
2024-12-22 15:00:00,33.8,41.2,24.0,36,9.8,karachi
2024-12-22 16:00:00,30.5,40.0,23.5,40,11.4,karachi
2024-12-22 17:00:00,29.2,43.1,22.6,44,11.3,karachi
2024-12-22 18:00:00,37.8,49.9,22.4,45,7.8,karachi
2024-12-22 19:00:00,44.5,57.3,21.6,48,6.8,karachi
2024-12-22 20:00:00,47.3,61.5,21.1,51,5.2,karachi
2024-12-22 21:00:00,48.9,64.7,20.6,53,3.6,karachi
2024-12-22 22:00:00,50.3,68.2,19.9,54,3.8,karachi
2024-12-22 23:00:00,53.2,73.8,19.0,57,4.9,karachi
2024-12-23 00:00:00,56.6,80.1,18.7,58,5.2,karachi
2024-12-23 01:00:00,56.8,78.7,18.3,59,6.0,karachi
2024-12-23 02:00:00,51.1,63.3,18.0,61,5.0,karachi
2024-12-23 03:00:00,43.5,53.1,17.5,62,5.6,karachi
2024-12-23 04:00:00,41.4,49.0,16.5,67,6.8,karachi
2024-12-23 05:00:00,41.2,46.2,15.6,71,7.1,karachi
2024-12-23 06:00:00,46.8,49.7,14.8,68,7.5,karachi
2024-12-23 07:00:00,54.8,56.5,14.6,65,7.1,karachi
2024-12-23 08:00:00,64.3,65.2,14.8,60,7.1,karachi
2024-12-23 09:00:00,70.3,71.2,16.1,50,4.9,karachi
2024-12-23 10:00:00,73.6,75.7,18.9,39,4.5,karachi
2024-12-23 11:00:00,65.2,73.6,21.3,35,4.5,karachi
2024-12-23 12:00:00,49.7,67.1,22.6,39,2.7,karachi
2024-12-23 13:00:00,42.4,66.4,23.6,39,1.5,karachi
2024-12-23 14:00:00,38.8,67.1,24.2,37,5.1,karachi
2024-12-23 15:00:00,37.0,65.4,24.1,39,8.7,karachi
2024-12-23 16:00:00,36.3,63.1,23.5,48,10.5,karachi
2024-12-23 17:00:00,46.7,74.3,22.8,48,10.4,karachi
2024-12-23 18:00:00,62.2,82.4,21.6,59,10.0,karachi
2024-12-23 19:00:00,71.9,88.9,20.8,66,6.8,karachi
2024-12-23 20:00:00,76.6,93.4,20.1,70,5.2,karachi
2024-12-23 21:00:00,82.2,97.1,19.5,74,3.2,karachi
2024-12-23 22:00:00,78.7,86.4,18.6,71,8.9,karachi
2024-12-23 23:00:00,74.3,79.2,18.4,43,9.3,karachi
2024-12-24 00:00:00,75.0,78.0,17.7,38,9.5,karachi
2024-12-24 01:00:00,75.2,77.3,16.7,41,8.3,karachi
2024-12-24 02:00:00,73.3,75.4,16.0,43,8.1,karachi
2024-12-24 03:00:00,69.6,71.5,15.7,42,9.4,karachi
2024-12-24 04:00:00,64.7,66.8,15.6,41,10.2,karachi
2024-12-24 05:00:00,61.5,63.1,15.4,41,10.3,karachi
2024-12-24 06:00:00,58.7,60.5,15.1,43,10.9,karachi
2024-12-24 07:00:00,58.0,59.8,14.7,45,10.3,karachi
2024-12-24 08:00:00,59.6,61.2,14.9,45,9.9,karachi
2024-12-24 09:00:00,63.1,64.3,16.5,41,8.5,karachi
2024-12-24 10:00:00,71.2,72.6,18.9,35,8.6,karachi
2024-12-24 11:00:00,82.0,83.1,20.9,33,9.7,karachi
2024-12-24 12:00:00,78.0,79.2,22.5,29,10.1,karachi
2024-12-24 13:00:00,69.2,70.3,23.5,25,9.9,karachi
2024-12-24 14:00:00,61.7,62.6,24.2,23,9.9,karachi
2024-12-24 15:00:00,55.4,56.2,24.4,23,10.1,karachi
2024-12-24 16:00:00,51.8,52.6,24.1,23,10.9,karachi
2024-12-24 17:00:00,65.9,66.8,23.4,25,11.8,karachi
2024-12-24 18:00:00,71.0,71.7,22.2,32,10.6,karachi
2024-12-24 19:00:00,74.7,75.4,21.2,35,9.8,karachi
2024-12-24 20:00:00,75.0,75.7,20.1,39,10.3,karachi
2024-12-24 21:00:00,74.0,75.0,19.0,44,10.7,karachi
2024-12-24 22:00:00,73.1,74.0,18.1,48,10.6,karachi
2024-12-24 23:00:00,72.2,73.1,17.5,51,10.0,karachi
2024-12-25 00:00:00,70.5,71.5,17.0,50,9.9,karachi
2024-12-25 01:00:00,69.2,69.8,16.7,49,9.8,karachi
2024-12-25 02:00:00,68.0,68.9,16.4,49,10.0,karachi
2024-12-25 03:00:00,67.5,68.2,16.1,49,10.6,karachi
2024-12-25 04:00:00,67.3,68.0,15.7,50,11.1,karachi
2024-12-25 05:00:00,66.8,67.3,15.2,51,10.7,karachi
2024-12-25 06:00:00,67.1,67.5,14.6,52,10.2,karachi
2024-12-25 07:00:00,69.2,69.6,14.3,52,10.2,karachi
2024-12-25 08:00:00,72.6,73.3,14.4,51,11.1,karachi
2024-12-25 09:00:00,73.6,74.3,16.0,46,10.1,karachi
2024-12-25 10:00:00,72.9,73.6,18.2,41,10.7,karachi
2024-12-25 11:00:00,70.3,71.5,20.0,38,11.8,karachi
2024-12-25 12:00:00,65.9,67.3,21.6,33,13.2,karachi
2024-12-25 13:00:00,60.8,62.2,22.5,29,14.1,karachi
2024-12-25 14:00:00,56.6,58.2,23.2,26,13.5,karachi
2024-12-25 15:00:00,54.4,56.0,23.5,25,13.2,karachi
2024-12-25 16:00:00,54.2,55.9,23.3,24,13.4,karachi
2024-12-25 17:00:00,55.4,56.8,22.6,25,13.6,karachi
2024-12-25 18:00:00,62.2,63.1,21.9,27,10.9,karachi
2024-12-25 19:00:00,67.3,68.0,20.9,30,9.6,karachi
2024-12-25 20:00:00,69.8,70.5,19.8,34,9.9,karachi
2024-12-25 21:00:00,71.7,72.6,18.8,39,10.3,karachi
2024-12-25 22:00:00,73.8,75.0,18.0,43,11.0,karachi
2024-12-25 23:00:00,75.9,77.1,17.5,45,11.5,karachi
2024-12-26 00:00:00,77.1,78.2,17.1,46,11.8,karachi
2024-12-26 01:00:00,76.8,78.2,16.9,46,11.8,karachi
2024-12-26 02:00:00,75.7,77.1,16.5,47,11.8,karachi
2024-12-26 03:00:00,73.6,75.0,16.1,48,12.2,karachi
2024-12-26 04:00:00,71.0,72.4,15.9,49,12.4,karachi
2024-12-26 05:00:00,69.6,71.0,15.5,50,11.8,karachi
2024-12-26 06:00:00,67.5,68.9,14.8,51,10.5,karachi
2024-12-26 07:00:00,67.3,68.9,14.4,51,10.2,karachi
2024-12-26 08:00:00,68.5,70.1,14.6,50,10.6,karachi
2024-12-26 09:00:00,68.0,69.4,16.1,45,9.3,karachi
2024-12-26 10:00:00,64.3,66.4,18.5,40,10.0,karachi
2024-12-26 11:00:00,58.2,59.8,20.5,36,12.1,karachi
2024-12-26 12:00:00,50.1,51.8,21.9,31,11.6,karachi
2024-12-26 13:00:00,44.7,46.4,22.9,28,11.3,karachi
2024-12-26 14:00:00,41.4,43.3,23.5,26,11.4,karachi
2024-12-26 15:00:00,39.6,41.4,23.8,24,11.6,karachi
2024-12-26 16:00:00,38.6,40.6,23.6,23,12.1,karachi
2024-12-26 17:00:00,40.3,42.3,23.0,24,12.4,karachi
2024-12-26 18:00:00,49.1,50.6,22.1,25,10.2,karachi
2024-12-26 19:00:00,55.6,57.0,21.2,27,9.0,karachi
2024-12-26 20:00:00,56.9,58.4,20.2,29,9.4,karachi
2024-12-26 21:00:00,57.3,58.9,19.0,33,10.5,karachi
2024-12-26 22:00:00,57.3,59.1,18.2,37,10.3,karachi
2024-12-26 23:00:00,56.2,58.3,17.4,41,10.5,karachi
2024-12-27 00:00:00,54.5,56.5,16.6,45,9.7,karachi
2024-12-27 01:00:00,52.4,54.4,16.2,46,9.9,karachi
2024-12-27 02:00:00,50.4,52.3,15.9,47,10.1,karachi
2024-12-27 03:00:00,48.4,50.3,15.4,49,10.6,karachi
2024-12-27 04:00:00,46.3,48.1,15.0,50,10.8,karachi
2024-12-27 05:00:00,45.8,47.4,14.8,50,10.5,karachi
2024-12-27 06:00:00,45.1,46.7,14.4,50,9.5,karachi
2024-12-27 07:00:00,47.1,48.7,13.9,51,9.2,karachi
2024-12-27 08:00:00,51.8,53.3,13.8,51,8.9,karachi
2024-12-27 09:00:00,53.7,54.8,15.1,46,6.5,karachi
2024-12-27 10:00:00,50.5,52.2,17.7,37,4.8,karachi
2024-12-27 11:00:00,43.4,45.4,20.4,28,4.6,karachi
2024-12-27 12:00:00,32.1,34.9,22.2,22,3.6,karachi
2024-12-27 13:00:00,27.4,30.0,23.5,18,2.1,karachi
2024-12-27 14:00:00,24.3,26.6,24.2,16,0.4,karachi
2024-12-27 15:00:00,22.6,24.9,24.4,14,2.8,karachi
2024-12-27 16:00:00,21.6,23.9,24.2,16,4.1,karachi
2024-12-27 17:00:00,20.8,21.1,23.7,19,4.2,karachi
2024-12-27 18:00:00,37.7,38.0,21.9,36,8.0,karachi
2024-12-27 19:00:00,54.5,54.6,21.0,39,5.6,karachi
2024-12-27 20:00:00,56.1,56.3,20.5,34,4.3,karachi
2024-12-27 21:00:00,47.3,47.5,20.2,28,6.3,karachi
2024-12-27 22:00:00,41.8,42.3,19.4,35,8.7,karachi
2024-12-27 23:00:00,39.9,40.4,18.2,39,8.4,karachi
2024-12-28 00:00:00,38.5,39.1,17.1,37,6.8,karachi
2024-12-28 01:00:00,36.1,36.7,15.9,34,7.7,karachi
2024-12-28 02:00:00,32.6,33.1,15.0,35,8.0,karachi
2024-12-28 03:00:00,28.6,28.9,14.4,38,8.7,karachi
2024-12-28 04:00:00,24.9,25.1,14.1,36,8.7,karachi
2024-12-28 05:00:00,24.7,24.9,13.4,37,9.2,karachi
2024-12-28 06:00:00,22.1,22.3,12.9,36,7.3,karachi
2024-12-28 07:00:00,23.9,24.2,12.9,35,6.4,karachi
2024-12-28 08:00:00,33.1,33.3,13.1,34,6.7,karachi
2024-12-28 09:00:00,34.2,34.5,14.9,30,5.6,karachi
2024-12-28 10:00:00,32.0,32.2,18.0,22,3.2,karachi
2024-12-28 11:00:00,17.5,17.9,21.1,17,2.3,karachi
2024-12-28 12:00:00,14.4,15.1,23.0,18,2.3,karachi
2024-12-28 13:00:00,14.6,15.5,24.2,17,3.8,karachi
2024-12-28 14:00:00,15.4,16.6,25.0,16,5.1,karachi
2024-12-28 15:00:00,16.0,17.6,25.1,16,6.2,karachi
2024-12-28 16:00:00,16.4,18.6,25.0,16,7.3,karachi
2024-12-28 17:00:00,13.6,17.1,24.0,17,9.7,karachi
2024-12-28 18:00:00,23.7,27.0,22.0,28,11.5,karachi
2024-12-28 19:00:00,28.1,32.0,20.5,37,10.0,karachi
2024-12-28 20:00:00,28.4,33.4,19.5,43,9.5,karachi
2024-12-28 21:00:00,28.5,34.6,19.0,48,8.4,karachi
2024-12-28 22:00:00,30.0,36.8,18.7,52,8.0,karachi
2024-12-28 23:00:00,32.6,39.9,18.1,55,7.3,karachi
2024-12-29 00:00:00,34.8,42.1,17.1,60,6.8,karachi
2024-12-29 01:00:00,33.2,40.4,16.0,64,6.7,karachi
2024-12-29 02:00:00,30.5,37.0,15.4,65,6.7,karachi
2024-12-29 03:00:00,27.2,32.8,14.9,65,7.0,karachi
2024-12-29 04:00:00,23.6,28.7,14.4,61,7.1,karachi
2024-12-29 05:00:00,24.7,30.0,14.1,52,8.1,karachi
2024-12-29 06:00:00,23.0,27.8,13.8,54,7.8,karachi
2024-12-29 07:00:00,25.6,30.3,13.4,46,8.2,karachi
2024-12-29 08:00:00,32.1,36.8,13.4,41,7.4,karachi
2024-12-29 09:00:00,30.5,34.9,14.9,36,7.3,karachi
2024-12-29 10:00:00,28.7,32.8,17.8,28,5.6,karachi
2024-12-29 11:00:00,23.3,28.1,20.8,23,6.6,karachi
2024-12-29 12:00:00,20.6,23.8,22.9,20,6.9,karachi
2024-12-29 13:00:00,20.5,22.6,24.1,18,7.0,karachi
2024-12-29 14:00:00,21.1,22.8,24.9,16,7.4,karachi
2024-12-29 15:00:00,21.6,22.9,25.1,15,9.1,karachi
2024-12-29 16:00:00,22.2,23.4,24.9,15,10.5,karachi
2024-12-29 17:00:00,23.3,23.8,24.2,16,10.8,karachi
2024-12-29 18:00:00,33.9,34.1,23.5,17,10.9,karachi
2024-12-29 19:00:00,36.8,37.0,22.4,20,11.3,karachi
2024-12-29 20:00:00,35.2,35.4,21.1,23,10.4,karachi
2024-12-29 21:00:00,34.7,35.2,19.8,26,10.6,karachi
2024-12-29 22:00:00,35.4,35.9,18.6,30,10.7,karachi
2024-12-29 23:00:00,35.9,36.4,17.8,32,10.4,karachi
2024-12-30 00:00:00,35.4,35.9,17.1,34,10.7,karachi
2024-12-30 01:00:00,33.9,34.5,16.8,34,10.9,karachi
2024-12-30 02:00:00,32.4,33.1,16.5,35,10.9,karachi
2024-12-30 03:00:00,31.4,32.2,16.4,35,10.9,karachi
2024-12-30 04:00:00,31.2,32.0,16.0,36,11.2,karachi
2024-12-30 05:00:00,32.2,33.1,15.7,37,10.9,karachi
2024-12-30 06:00:00,33.5,34.5,15.3,39,11.5,karachi
2024-12-30 07:00:00,36.4,37.4,14.9,40,11.2,karachi
2024-12-30 08:00:00,40.3,41.1,14.9,41,10.9,karachi
2024-12-30 09:00:00,42.0,42.7,16.3,38,9.3,karachi
2024-12-30 10:00:00,41.0,41.8,18.6,33,9.2,karachi
2024-12-30 11:00:00,37.8,38.6,21.0,29,9.1,karachi
2024-12-30 12:00:00,34.7,35.5,22.8,25,8.6,karachi
2024-12-30 13:00:00,31.9,32.9,24.0,22,7.0,karachi
2024-12-30 14:00:00,30.5,31.5,24.7,20,5.3,karachi
2024-12-30 15:00:00,29.5,30.6,25.0,19,3.8,karachi
2024-12-30 16:00:00,29.5,30.7,25.1,19,2.6,karachi
2024-12-30 17:00:00,27.9,28.6,24.8,19,0.4,karachi
2024-12-30 18:00:00,44.5,45.1,22.9,35,10.0,karachi
2024-12-30 19:00:00,61.9,62.4,21.6,44,8.4,karachi
2024-12-30 20:00:00,66.8,67.3,20.6,44,5.0,karachi
2024-12-30 21:00:00,62.2,62.4,20.2,39,4.9,karachi
2024-12-30 22:00:00,55.3,55.6,20.0,37,6.5,karachi
2024-12-30 23:00:00,51.1,51.5,19.2,36,7.6,karachi
2024-12-31 00:00:00,48.4,48.9,18.1,38,7.6,karachi
2024-12-31 01:00:00,46.2,46.8,17.0,41,7.8,karachi
2024-12-31 02:00:00,44.8,45.5,16.1,44,8.1,karachi
2024-12-31 03:00:00,44.0,44.7,15.6,47,7.3,karachi
2024-12-31 04:00:00,43.3,44.0,15.2,49,7.3,karachi
2024-12-31 05:00:00,43.2,43.8,14.9,50,7.7,karachi
2024-12-31 06:00:00,43.0,43.7,14.7,50,8.7,karachi
2024-12-31 07:00:00,44.8,45.6,14.4,50,8.4,karachi
2024-12-31 08:00:00,48.3,49.0,14.4,49,8.7,karachi
2024-12-31 09:00:00,50.5,51.1,15.9,44,7.8,karachi
2024-12-31 10:00:00,45.4,46.0,18.6,37,6.1,karachi
2024-12-31 11:00:00,33.3,33.9,21.4,30,5.6,karachi
2024-12-31 12:00:00,25.5,26.1,23.4,24,5.9,karachi
2024-12-31 13:00:00,23.9,24.8,24.6,21,5.6,karachi
2024-12-31 14:00:00,24.5,25.9,25.4,20,4.2,karachi
2024-12-31 15:00:00,25.5,27.4,25.8,20,3.4,karachi
2024-12-31 16:00:00,26.5,28.8,25.5,20,3.9,karachi
2024-12-31 17:00:00,34.7,37.4,25.0,22,3.5,karachi
2024-12-31 18:00:00,44.5,46.2,24.5,22,2.5,karachi
2024-12-31 19:00:00,51.2,52.4,22.9,25,3.3,karachi
2024-12-31 20:00:00,44.8,45.6,21.7,30,5.0,karachi
2024-12-31 21:00:00,37.8,38.3,20.9,31,5.8,karachi
2024-12-31 22:00:00,33.4,33.9,20.3,32,7.1,karachi
2024-12-31 23:00:00,30.4,30.9,19.2,36,8.4,karachi
2025-01-01 00:00:00,28.8,29.4,18.2,41,8.7,karachi
2025-01-01 01:00:00,28.3,29.2,17.7,44,8.1,karachi
2025-01-01 02:00:00,28.1,29.2,17.2,45,8.5,karachi
2025-01-01 03:00:00,27.7,29.0,16.6,46,9.1,karachi
2025-01-01 04:00:00,27.1,28.5,16.2,46,10.0,karachi
2025-01-01 05:00:00,26.9,28.3,16.0,47,10.1,karachi
2025-01-01 06:00:00,27.2,28.9,15.4,48,10.5,karachi
2025-01-01 07:00:00,30.0,31.8,15.2,49,9.7,karachi
2025-01-01 08:00:00,34.9,36.8,15.3,49,9.5,karachi
2025-01-01 09:00:00,38.4,40.0,16.8,45,8.4,karachi
2025-01-01 10:00:00,40.3,42.3,19.0,39,8.0,karachi
2025-01-01 11:00:00,40.9,43.3,21.5,34,7.0,karachi
2025-01-01 12:00:00,38.0,41.0,23.6,28,8.1,karachi
2025-01-01 13:00:00,35.2,39.6,25.0,23,8.5,karachi
2025-01-01 14:00:00,33.2,39.5,25.8,21,8.3,karachi
2025-01-01 15:00:00,32.7,39.8,26.2,19,7.5,karachi
2025-01-01 16:00:00,32.4,40.4,26.1,19,6.7,karachi
2025-01-01 17:00:00,35.7,44.0,25.6,20,7.2,karachi
2025-01-01 18:00:00,47.4,52.7,24.8,23,6.6,karachi
2025-01-01 19:00:00,53.8,57.5,23.6,25,5.2,karachi
2025-01-01 20:00:00,53.7,56.7,22.5,27,4.6,karachi
2025-01-01 21:00:00,53.2,56.0,21.7,29,7.1,karachi
2025-01-01 22:00:00,53.2,55.9,20.5,35,8.4,karachi
2025-01-01 23:00:00,53.6,56.6,19.3,40,9.2,karachi
2025-01-02 00:00:00,53.6,56.8,18.5,44,9.3,karachi
2025-01-02 01:00:00,52.6,56.2,17.9,47,9.1,karachi
2025-01-02 02:00:00,51.1,54.8,17.2,50,9.1,karachi
2025-01-02 03:00:00,49.6,53.3,16.8,51,8.9,karachi
2025-01-02 04:00:00,48.5,52.0,16.2,53,8.8,karachi
2025-01-02 05:00:00,48.7,52.5,15.8,54,8.7,karachi
2025-01-02 06:00:00,48.3,52.3,15.1,55,9.3,karachi
2025-01-02 07:00:00,50.5,54.2,14.9,56,9.6,karachi
2025-01-02 08:00:00,54.5,57.9,14.9,56,9.0,karachi
2025-01-02 09:00:00,56.1,58.9,16.4,51,7.0,karachi
2025-01-02 10:00:00,54.1,57.0,18.9,43,5.5,karachi
2025-01-02 11:00:00,44.1,47.4,21.9,35,5.2,karachi
2025-01-02 12:00:00,30.2,33.6,23.9,28,5.0,karachi
2025-01-02 13:00:00,24.1,27.8,24.7,25,3.8,karachi
2025-01-02 14:00:00,22.7,26.7,25.3,24,3.1,karachi
2025-01-02 15:00:00,22.6,26.6,25.6,25,3.6,karachi
2025-01-02 16:00:00,23.2,27.0,25.4,27,5.6,karachi
2025-01-02 17:00:00,41.9,50.4,24.2,38,7.4,karachi
2025-01-02 18:00:00,59.6,66.6,22.6,46,9.6,karachi
2025-01-02 19:00:00,79.2,85.4,21.6,50,6.3,karachi
2025-01-02 20:00:00,87.3,92.4,20.6,53,7.9,karachi
2025-01-02 21:00:00,83.1,87.5,19.6,58,7.2,karachi
2025-01-02 22:00:00,76.4,79.4,19.0,61,6.1,karachi
2025-01-02 23:00:00,70.1,72.9,19.0,64,6.0,karachi
2025-01-03 00:00:00,66.4,69.2,18.8,66,5.7,karachi
2025-01-03 01:00:00,64.3,68.0,18.5,63,5.4,karachi
2025-01-03 02:00:00,63.8,68.0,17.8,57,5.1,karachi
2025-01-03 03:00:00,64.0,68.5,17.1,53,4.9,karachi
2025-01-03 04:00:00,64.3,68.9,16.4,52,5.4,karachi
2025-01-03 05:00:00,65.7,70.5,15.7,54,5.3,karachi
2025-01-03 06:00:00,67.1,72.2,14.9,56,6.7,karachi
2025-01-03 07:00:00,71.0,76.4,14.9,57,6.5,karachi
2025-01-03 08:00:00,77.5,82.9,15.1,56,6.4,karachi
2025-01-03 09:00:00,80.3,84.5,16.8,50,6.4,karachi
2025-01-03 10:00:00,74.7,81.0,19.6,41,4.9,karachi
2025-01-03 11:00:00,59.6,68.7,22.1,42,3.9,karachi
2025-01-03 12:00:00,51.1,59.5,23.4,43,1.5,karachi
2025-01-03 13:00:00,50.8,58.6,24.2,39,3.2,karachi
2025-01-03 14:00:00,51.0,58.3,24.5,39,6.1,karachi
2025-01-03 15:00:00,52.4,59.5,24.3,43,9.8,karachi
2025-01-03 16:00:00,54.0,61.0,23.5,50,11.5,karachi
2025-01-03 17:00:00,61.7,70.8,22.7,55,8.9,karachi
2025-01-03 18:00:00,71.0,78.7,22.2,59,8.2,karachi
2025-01-03 19:00:00,75.4,82.4,21.5,64,7.5,karachi
2025-01-03 20:00:00,75.7,83.1,21.2,67,6.1,karachi
2025-01-03 21:00:00,75.7,83.1,20.9,70,6.1,karachi
2025-01-03 22:00:00,78.2,85.9,20.7,72,7.0,karachi
2025-01-03 23:00:00,82.9,91.3,20.6,74,7.6,karachi
2025-01-04 00:00:00,84.5,93.8,20.6,75,7.5,karachi
2025-01-04 01:00:00,85.0,94.3,20.7,75,7.6,karachi
2025-01-04 02:00:00,82.7,91.5,20.5,76,9.9,karachi
2025-01-04 03:00:00,80.1,88.5,20.1,77,8.6,karachi
2025-01-04 04:00:00,78.2,86.6,19.6,78,9.9,karachi
2025-01-04 05:00:00,84.1,92.7,19.5,77,11.7,karachi
2025-01-04 06:00:00,82.7,92.9,18.7,80,8.7,karachi
2025-01-04 07:00:00,86.4,97.6,18.0,82,8.4,karachi
2025-01-04 08:00:00,98.0,108.3,17.2,86,10.0,karachi
2025-01-04 09:00:00,108.7,114.8,17.7,75,8.1,karachi
2025-01-04 10:00:00,55.1,76.4,19.5,59,7.6,karachi
2025-01-04 11:00:00,32.5,64.5,21.2,50,6.8,karachi
2025-01-04 12:00:00,28.1,59.6,22.9,42,6.6,karachi
2025-01-04 13:00:00,25.4,50.9,23.8,37,8.1,karachi
2025-01-04 14:00:00,24.1,45.5,24.2,32,10.2,karachi
2025-01-04 15:00:00,23.5,44.4,24.1,30,12.3,karachi
2025-01-04 16:00:00,22.6,46.0,23.5,28,14.1,karachi
2025-01-04 17:00:00,21.7,48.0,22.6,26,14.0,karachi
2025-01-04 18:00:00,25.4,47.7,21.7,32,13.0,karachi
2025-01-04 19:00:00,26.6,48.9,20.7,36,11.3,karachi
2025-01-04 20:00:00,24.2,48.0,20.1,38,10.2,karachi
2025-01-04 21:00:00,21.2,44.1,19.5,40,9.5,karachi
2025-01-04 22:00:00,19.7,40.4,19.0,42,8.0,karachi
2025-01-04 23:00:00,19.8,38.5,18.7,43,8.0,karachi
2025-01-05 00:00:00,21.8,40.6,18.4,43,7.2,karachi
2025-01-05 01:00:00,25.5,45.6,17.9,46,5.3,karachi
2025-01-05 02:00:00,29.4,48.3,17.1,48,4.5,karachi
2025-01-05 03:00:00,31.4,45.3,15.8,52,5.7,karachi
2025-01-05 04:00:00,32.1,44.1,14.9,56,5.5,karachi
2025-01-05 05:00:00,36.2,51.3,13.9,59,6.4,karachi
2025-01-05 06:00:00,41.3,53.7,14.1,52,6.8,karachi
2025-01-05 07:00:00,49.8,60.3,13.3,55,6.7,karachi
2025-01-05 08:00:00,59.1,67.5,13.1,58,6.6,karachi
2025-01-05 09:00:00,61.0,66.4,14.8,56,5.5,karachi
2025-01-05 10:00:00,52.3,57.9,17.5,51,3.8,karachi
2025-01-05 11:00:00,42.4,50.6,20.0,46,1.5,karachi
2025-01-05 12:00:00,32.0,50.1,21.4,39,2.9,karachi
2025-01-05 13:00:00,28.4,48.0,22.2,35,5.4,karachi
2025-01-05 14:00:00,28.9,47.6,22.5,35,8.1,karachi
2025-01-05 15:00:00,29.8,48.8,22.4,36,9.9,karachi
2025-01-05 16:00:00,30.3,50.5,21.9,38,10.7,karachi
2025-01-05 17:00:00,38.9,57.0,21.2,39,9.9,karachi
2025-01-05 18:00:00,47.6,63.3,20.2,41,9.0,karachi
2025-01-05 19:00:00,52.6,68.5,19.4,47,8.6,karachi
2025-01-05 20:00:00,49.6,67.1,18.8,48,8.1,karachi
2025-01-05 21:00:00,46.7,64.3,18.1,48,7.1,karachi
2025-01-05 22:00:00,47.1,62.4,17.9,47,6.8,karachi
2025-01-05 23:00:00,51.1,62.4,17.0,49,6.7,karachi
2025-01-06 00:00:00,50.4,58.4,16.5,48,6.4,karachi
2025-01-06 01:00:00,43.8,50.1,16.3,45,6.9,karachi
2025-01-06 02:00:00,37.0,42.1,15.6,45,7.9,karachi
2025-01-06 03:00:00,31.9,36.4,14.9,45,7.2,karachi
2025-01-06 04:00:00,28.5,32.6,14.4,47,7.3,karachi
2025-01-06 05:00:00,31.3,35.5,13.9,49,7.6,karachi
2025-01-06 06:00:00,29.7,33.5,13.5,53,7.7,karachi
2025-01-06 07:00:00,33.4,37.1,13.2,53,7.6,karachi
2025-01-06 08:00:00,41.3,45.2,13.2,52,8.3,karachi
2025-01-06 09:00:00,41.2,45.2,14.9,46,8.5,karachi
2025-01-06 10:00:00,32.4,39.7,18.0,36,6.0,karachi
2025-01-06 11:00:00,22.2,33.3,20.8,25,6.0,karachi
2025-01-06 12:00:00,18.7,28.3,22.5,20,5.0,karachi
2025-01-06 13:00:00,17.3,24.7,23.6,18,3.6,karachi
2025-01-06 14:00:00,15.9,21.6,24.3,17,1.9,karachi
2025-01-06 15:00:00,14.6,18.8,24.5,18,3.5,karachi
2025-01-06 16:00:00,13.1,16.1,23.8,26,7.1,karachi
2025-01-06 17:00:00,15.4,16.8,22.6,37,8.0,karachi
2025-01-06 18:00:00,31.3,32.2,20.9,44,9.4,karachi
2025-01-06 19:00:00,50.1,50.6,20.2,42,7.4,karachi
2025-01-06 20:00:00,52.6,53.0,20.0,40,5.1,karachi
2025-01-06 21:00:00,41.0,41.3,19.5,39,5.1,karachi
2025-01-06 22:00:00,29.3,29.7,18.8,34,7.1,karachi
2025-01-06 23:00:00,23.5,24.0,17.6,29,7.9,karachi
2025-01-07 00:00:00,20.5,21.5,16.5,30,8.7,karachi
2025-01-07 01:00:00,18.3,20.0,15.9,30,9.2,karachi
2025-01-07 02:00:00,16.3,18.5,15.4,30,10.3,karachi
2025-01-07 03:00:00,14.7,16.9,15.0,30,10.5,karachi
2025-01-07 04:00:00,13.2,15.3,14.6,30,11.0,karachi
2025-01-07 05:00:00,13.2,15.0,14.3,30,11.3,karachi
2025-01-07 06:00:00,12.8,14.6,13.7,34,11.8,karachi
2025-01-07 07:00:00,14.4,16.1,13.4,35,11.5,karachi
2025-01-07 08:00:00,18.5,20.1,13.6,35,11.1,karachi
2025-01-07 09:00:00,21.0,22.5,15.1,31,9.9,karachi
2025-01-07 10:00:00,18.9,20.8,17.8,26,6.6,karachi
2025-01-07 11:00:00,16.9,18.6,20.5,21,7.3,karachi
2025-01-07 12:00:00,14.9,15.9,22.4,18,7.9,karachi
2025-01-07 13:00:00,14.0,14.8,23.6,15,6.7,karachi
2025-01-07 14:00:00,13.8,14.4,24.4,13,5.2,karachi
2025-01-07 15:00:00,13.9,14.5,24.8,13,4.8,karachi
2025-01-07 16:00:00,14.3,14.8,24.9,13,4.9,karachi
2025-01-07 17:00:00,15.7,15.7,24.5,13,3.1,karachi
2025-01-07 18:00:00,27.2,27.2,22.9,21,3.5,karachi
2025-01-07 19:00:00,45.9,45.9,21.4,25,3.7,karachi
2025-01-07 20:00:00,49.9,49.9,20.6,21,5.0,karachi
2025-01-07 21:00:00,44.5,44.5,20.0,22,6.1,karachi
2025-01-07 22:00:00,38.8,38.8,19.0,24,6.9,karachi
2025-01-07 23:00:00,34.6,34.6,17.6,26,7.1,karachi
2025-01-08 00:00:00,31.9,31.9,16.6,29,6.9,karachi
2025-01-08 01:00:00,29.3,29.3,15.8,31,6.5,karachi
2025-01-08 02:00:00,26.7,26.7,14.9,34,5.5,karachi
2025-01-08 03:00:00,24.0,24.0,14.4,36,4.9,karachi
2025-01-08 04:00:00,21.7,21.7,13.8,38,4.9,karachi
2025-01-08 05:00:00,23.0,23.0,13.1,40,4.8,karachi
2025-01-08 06:00:00,21.0,21.1,12.0,43,5.2,karachi
2025-01-08 07:00:00,22.6,22.6,11.6,44,5.5,karachi
2025-01-08 08:00:00,31.0,31.0,11.5,45,5.8,karachi
2025-01-08 09:00:00,31.9,31.9,13.6,38,3.9,karachi
2025-01-08 10:00:00,29.1,29.2,17.2,28,3.3,karachi
2025-01-08 11:00:00,22.4,22.4,20.2,20,2.5,karachi
2025-01-08 12:00:00,17.8,18.0,22.1,17,2.4,karachi
2025-01-08 13:00:00,17.6,18.2,23.1,18,3.8,karachi
2025-01-08 14:00:00,18.9,19.6,23.5,20,6.1,karachi
2025-01-08 15:00:00,20.8,21.5,23.3,23,8.0,karachi
2025-01-08 16:00:00,22.6,23.3,22.8,24,9.6,karachi
2025-01-08 17:00:00,26.8,26.9,21.8,26,8.7,karachi
2025-01-08 18:00:00,34.2,34.3,20.7,43,7.9,karachi
2025-01-08 19:00:00,40.5,40.7,20.1,49,7.7,karachi
2025-01-08 20:00:00,40.4,40.7,19.6,51,8.5,karachi
2025-01-08 21:00:00,39.0,39.7,18.8,57,7.8,karachi
2025-01-08 22:00:00,37.8,38.6,18.0,62,7.5,karachi
2025-01-08 23:00:00,36.9,37.8,17.5,67,7.6,karachi
2025-01-09 00:00:00,34.9,35.9,17.0,72,7.2,karachi
2025-01-09 01:00:00,32.4,33.2,16.4,76,6.9,karachi
2025-01-09 02:00:00,30.2,31.1,15.9,79,7.3,karachi
2025-01-09 03:00:00,28.5,29.6,15.4,81,7.6,karachi
2025-01-09 04:00:00,26.9,28.3,14.6,84,7.5,karachi
2025-01-09 05:00:00,26.6,28.4,14.0,85,7.2,karachi
2025-01-09 06:00:00,26.5,28.6,12.8,81,6.3,karachi
2025-01-09 07:00:00,29.2,31.3,12.9,76,5.5,karachi
2025-01-09 08:00:00,35.7,37.5,12.2,74,6.4,karachi
2025-01-09 09:00:00,36.1,37.3,13.6,65,6.9,karachi
2025-01-09 10:00:00,33.4,33.9,17.0,48,5.0,karachi
2025-01-09 11:00:00,29.7,29.8,20.5,38,4.5,karachi
2025-01-09 12:00:00,21.8,21.9,22.6,29,5.3,karachi
2025-01-09 13:00:00,17.9,17.9,23.6,24,6.6,karachi
2025-01-09 14:00:00,17.4,17.4,24.1,24,6.2,karachi
2025-01-09 15:00:00,17.5,17.6,24.2,25,6.5,karachi
2025-01-09 16:00:00,17.6,17.7,23.9,26,6.5,karachi
2025-01-09 17:00:00,19.3,19.5,23.3,29,5.5,karachi
2025-01-09 18:00:00,34.9,35.0,22.4,30,6.0,karachi
2025-01-09 19:00:00,51.5,51.7,21.9,34,5.2,karachi
2025-01-09 20:00:00,56.7,56.9,21.2,41,2.1,karachi
2025-01-09 21:00:00,60.1,60.3,20.0,42,4.2,karachi
2025-01-09 22:00:00,61.7,62.2,19.1,36,6.0,karachi
2025-01-09 23:00:00,65.4,65.7,18.3,37,7.7,karachi
2025-01-10 00:00:00,58.1,58.2,17.6,39,8.6,karachi
2025-01-10 01:00:00,48.2,48.2,17.5,39,5.2,karachi
2025-01-10 02:00:00,41.3,41.4,16.9,41,2.7,karachi
2025-01-10 03:00:00,36.4,36.6,16.2,43,3.1,karachi
2025-01-10 04:00:00,32.6,32.6,15.4,47,6.4,karachi
2025-01-10 05:00:00,31.0,31.1,15.5,47,6.9,karachi
2025-01-10 06:00:00,28.6,28.6,16.9,42,6.1,karachi
2025-01-10 07:00:00,29.0,29.1,16.5,44,6.9,karachi
2025-01-10 08:00:00,35.5,35.6,16.2,45,8.0,karachi
2025-01-10 09:00:00,41.3,41.4,17.3,41,8.6,karachi
2025-01-10 10:00:00,40.5,40.9,19.7,35,5.8,karachi
2025-01-10 11:00:00,39.5,40.3,22.0,30,4.0,karachi
2025-01-10 12:00:00,37.0,38.0,23.6,25,2.5,karachi
2025-01-10 13:00:00,30.0,30.7,24.6,22,1.5,karachi
2025-01-10 14:00:00,26.6,27.1,25.2,22,3.6,karachi
2025-01-10 15:00:00,26.6,27.0,25.4,24,9.1,karachi
2025-01-10 16:00:00,27.8,28.2,24.1,36,13.6,karachi
2025-01-10 17:00:00,56.5,58.4,23.0,38,13.1,karachi
2025-01-10 18:00:00,68.7,70.5,22.3,40,11.1,karachi
2025-01-10 19:00:00,72.4,74.3,21.4,44,9.0,karachi
2025-01-10 20:00:00,73.1,75.2,20.5,47,7.7,karachi
2025-01-10 21:00:00,76.6,78.5,20.1,48,8.1,karachi
2025-01-10 22:00:00,74.0,75.0,20.0,45,8.6,karachi
2025-01-10 23:00:00,65.2,65.7,19.9,42,6.8,karachi
2025-01-11 00:00:00,56.9,57.2,19.0,43,6.6,karachi
2025-01-11 01:00:00,49.7,49.8,18.3,44,6.6,karachi
2025-01-11 02:00:00,44.6,44.6,17.6,45,6.9,karachi
2025-01-11 03:00:00,40.6,40.7,17.0,46,6.8,karachi
2025-01-11 04:00:00,37.8,38.0,16.4,48,6.7,karachi
2025-01-11 05:00:00,38.8,38.9,15.9,50,7.6,karachi
2025-01-11 06:00:00,38.5,38.5,15.4,51,7.6,karachi
2025-01-11 07:00:00,41.6,41.6,14.9,52,7.0,karachi
2025-01-11 08:00:00,49.4,49.4,14.8,52,7.2,karachi
2025-01-11 09:00:00,54.1,54.2,16.6,45,5.6,karachi
2025-01-11 10:00:00,53.4,53.4,19.6,36,3.5,karachi
2025-01-11 11:00:00,44.9,45.2,22.2,29,2.2,karachi
2025-01-11 12:00:00,39.9,40.2,23.9,25,1.3,karachi
2025-01-11 13:00:00,36.4,36.6,24.8,23,2.2,karachi
2025-01-11 14:00:00,33.8,33.9,25.3,22,4.8,karachi
2025-01-11 15:00:00,31.9,32.1,25.8,20,4.8,karachi
2025-01-11 16:00:00,30.6,30.9,25.9,18,6.1,karachi
2025-01-11 17:00:00,26.5,27.0,24.8,23,9.4,karachi
2025-01-11 18:00:00,41.3,41.8,22.0,47,10.6,karachi
2025-01-11 19:00:00,50.6,51.5,20.9,56,8.3,karachi
2025-01-11 20:00:00,53.6,54.6,20.5,62,6.2,karachi
2025-01-11 21:00:00,59.0,60.3,20.0,64,6.0,karachi
2025-01-11 22:00:00,65.2,66.4,19.4,66,5.2,karachi
2025-01-11 23:00:00,64.0,64.5,18.6,67,5.4,karachi
2025-01-12 00:00:00,57.6,57.9,18.2,66,5.5,karachi
2025-01-12 01:00:00,49.1,49.4,17.8,61,6.1,karachi
2025-01-12 02:00:00,41.9,41.9,17.1,53,6.3,karachi
2025-01-12 03:00:00,36.9,37.0,16.5,45,6.0,karachi
2025-01-12 04:00:00,33.6,33.6,16.0,43,6.4,karachi
2025-01-12 05:00:00,35.3,35.3,15.7,42,7.0,karachi
2025-01-12 06:00:00,33.8,33.8,14.8,47,6.8,karachi
2025-01-12 07:00:00,36.1,36.2,14.6,45,7.2,karachi
2025-01-12 08:00:00,42.3,42.3,14.7,43,6.8,karachi
2025-01-12 09:00:00,41.3,41.3,16.4,38,5.7,karachi
2025-01-12 10:00:00,36.8,36.9,19.6,31,4.8,karachi
2025-01-12 11:00:00,39.1,39.2,22.3,25,6.2,karachi
2025-01-12 12:00:00,40.5,40.6,23.8,24,7.1,karachi
2025-01-12 13:00:00,38.9,39.0,24.9,22,6.9,karachi
2025-01-12 14:00:00,36.4,36.6,25.5,20,7.1,karachi
2025-01-12 15:00:00,35.2,35.3,25.8,20,7.8,karachi
2025-01-12 16:00:00,35.2,35.3,25.6,21,10.0,karachi
2025-01-12 17:00:00,36.3,36.4,24.9,22,12.8,karachi
2025-01-12 18:00:00,43.9,44.0,23.5,23,13.0,karachi
2025-01-12 19:00:00,48.4,48.5,22.3,24,13.5,karachi
2025-01-12 20:00:00,49.2,49.5,21.1,26,13.1,karachi
2025-01-12 21:00:00,49.9,50.2,20.0,28,13.1,karachi
2025-01-12 22:00:00,50.4,50.8,19.0,30,13.6,karachi
2025-01-12 23:00:00,50.8,51.1,18.4,32,13.2,karachi
2025-01-13 00:00:00,50.9,51.2,17.9,35,12.8,karachi
2025-01-13 01:00:00,50.8,51.2,17.4,38,12.5,karachi
2025-01-13 02:00:00,51.3,51.8,17.0,40,12.5,karachi
2025-01-13 03:00:00,52.9,53.3,16.6,43,13.6,karachi
2025-01-13 04:00:00,55.3,55.8,16.2,46,14.3,karachi
2025-01-13 05:00:00,58.8,59.4,15.7,49,14.4,karachi
2025-01-13 06:00:00,61.9,62.6,14.9,53,14.3,karachi
2025-01-13 07:00:00,65.7,66.6,14.6,55,14.0,karachi
2025-01-13 08:00:00,69.8,71.0,14.6,56,13.8,karachi
2025-01-13 09:00:00,71.9,73.1,15.8,53,13.4,karachi
2025-01-13 10:00:00,71.7,73.6,17.6,48,13.9,karachi
2025-01-13 11:00:00,68.0,70.1,19.6,42,15.1,karachi
2025-01-13 12:00:00,59.1,60.8,21.1,36,14.8,karachi
2025-01-13 13:00:00,50.8,51.9,22.3,32,13.9,karachi
2025-01-13 14:00:00,44.7,45.6,23.0,29,12.6,karachi
2025-01-13 15:00:00,40.6,41.4,23.5,27,11.7,karachi
2025-01-13 16:00:00,38.0,38.8,23.5,27,11.5,karachi
2025-01-13 17:00:00,29.7,29.9,23.0,27,11.9,karachi
2025-01-13 18:00:00,37.4,37.7,21.8,33,11.6,karachi
2025-01-13 19:00:00,43.7,44.1,20.7,37,11.6,karachi
2025-01-13 20:00:00,47.3,47.8,19.7,40,11.3,karachi
2025-01-13 21:00:00,49.7,50.4,18.5,45,11.0,karachi
2025-01-13 22:00:00,51.7,52.4,17.7,49,10.6,karachi
2025-01-13 23:00:00,53.2,54.0,16.9,53,10.1,karachi
2025-01-14 00:00:00,54.0,54.8,16.2,56,10.1,karachi
2025-01-14 01:00:00,54.0,54.9,15.8,59,9.9,karachi
2025-01-14 02:00:00,53.8,54.7,15.2,61,10.1,karachi
2025-01-14 03:00:00,53.7,54.6,14.9,62,10.1,karachi
2025-01-14 04:00:00,53.8,54.6,14.4,65,10.0,karachi
2025-01-14 05:00:00,54.0,54.8,14.1,65,10.3,karachi
2025-01-14 06:00:00,55.2,55.9,13.7,66,10.3,karachi
2025-01-14 07:00:00,58.0,58.8,13.5,66,10.4,karachi
2025-01-14 08:00:00,63.1,63.8,13.6,66,10.3,karachi
2025-01-14 09:00:00,65.2,65.9,14.9,60,8.9,karachi
2025-01-14 10:00:00,65.0,65.9,17.1,53,8.6,karachi
2025-01-14 11:00:00,58.2,59.6,19.5,45,8.2,karachi
2025-01-14 12:00:00,49.2,51.0,21.4,37,6.2,karachi
2025-01-14 13:00:00,41.9,44.0,22.8,34,4.4,karachi
2025-01-14 14:00:00,40.0,42.8,23.7,34,4.0,karachi
2025-01-14 15:00:00,41.1,45.4,24.1,34,3.6,karachi
2025-01-14 16:00:00,41.7,47.6,23.9,35,5.0,karachi
2025-01-14 17:00:00,37.4,42.0,23.4,37,5.8,karachi
2025-01-14 18:00:00,46.7,50.2,22.0,45,9.3,karachi
2025-01-14 19:00:00,64.3,67.1,20.4,51,10.3,karachi
2025-01-14 20:00:00,75.0,77.8,19.5,56,9.1,karachi
2025-01-14 21:00:00,79.9,82.4,19.0,60,5.4,karachi
2025-01-14 22:00:00,71.5,72.9,18.6,58,6.3,karachi
2025-01-14 23:00:00,63.8,65.0,18.8,52,6.4,karachi
2025-01-15 00:00:00,60.5,61.7,18.0,49,8.5,karachi
2025-01-15 01:00:00,58.4,59.8,16.9,52,8.0,karachi
2025-01-15 02:00:00,56.7,58.1,16.4,56,7.8,karachi
2025-01-15 03:00:00,54.9,56.5,15.8,59,8.0,karachi
2025-01-15 04:00:00,52.7,54.1,15.4,60,8.1,karachi
2025-01-15 05:00:00,51.2,52.4,15.1,62,8.3,karachi
2025-01-15 06:00:00,50.1,51.2,14.9,62,9.2,karachi
2025-01-15 07:00:00,51.2,52.6,14.9,61,9.5,karachi
2025-01-15 08:00:00,55.4,57.2,15.0,60,9.2,karachi
2025-01-15 09:00:00,57.2,59.0,16.5,54,7.1,karachi
2025-01-15 10:00:00,55.9,58.3,18.9,46,6.5,karachi
2025-01-15 11:00:00,47.7,53.6,21.2,38,6.6,karachi
2025-01-15 12:00:00,39.6,52.3,23.0,34,7.0,karachi
2025-01-15 13:00:00,38.4,50.8,24.0,33,5.8,karachi
2025-01-15 14:00:00,38.0,49.9,24.8,32,2.7,karachi
2025-01-15 15:00:00,36.9,49.0,25.0,32,3.9,karachi
2025-01-15 16:00:00,35.3,47.4,25.0,32,6.8,karachi
2025-01-15 17:00:00,39.7,50.8,24.0,39,10.4,karachi
2025-01-15 18:00:00,53.7,62.4,22.4,53,9.9,karachi
2025-01-15 19:00:00,76.1,84.3,21.0,62,6.4,karachi
2025-01-15 20:00:00,89.4,97.6,20.4,66,4.3,karachi
2025-01-15 21:00:00,86.6,93.4,19.9,71,3.4,karachi
2025-01-15 22:00:00,77.3,82.0,19.3,75,4.2,karachi
2025-01-15 23:00:00,71.7,75.4,18.2,73,10.5,karachi
2025-01-16 00:00:00,68.7,72.4,17.6,60,10.8,karachi
2025-01-16 01:00:00,66.1,70.3,17.9,55,8.5,karachi
2025-01-16 02:00:00,64.5,69.6,17.6,52,8.1,karachi
2025-01-16 03:00:00,63.8,69.8,17.3,51,7.7,karachi
2025-01-16 04:00:00,63.6,70.1,16.7,53,7.8,karachi
2025-01-16 05:00:00,64.0,69.8,16.0,55,6.7,karachi
2025-01-16 06:00:00,64.5,70.8,15.4,58,4.9,karachi
2025-01-16 07:00:00,67.8,75.0,15.1,59,3.7,karachi
2025-01-16 08:00:00,78.2,84.8,14.7,60,4.8,karachi
2025-01-16 09:00:00,80.1,86.1,15.9,55,3.6,karachi
2025-01-16 10:00:00,73.3,83.4,18.5,45,1.4,karachi
2025-01-16 11:00:00,67.1,78.5,20.7,40,0.8,karachi
2025-01-16 12:00:00,60.1,71.5,22.0,41,4.0,karachi
2025-01-16 13:00:00,54.5,67.5,22.5,41,7.0,karachi
2025-01-16 14:00:00,51.2,65.2,22.6,42,9.8,karachi
2025-01-16 15:00:00,49.9,64.5,22.2,47,11.1,karachi
2025-01-16 16:00:00,49.8,65.2,22.0,49,10.1,karachi
2025-01-16 17:00:00,66.1,79.4,21.5,50,9.1,karachi
2025-01-16 18:00:00,72.6,84.1,20.6,56,6.8,karachi
2025-01-16 19:00:00,83.4,93.1,20.1,61,6.2,karachi
2025-01-16 20:00:00,84.8,94.5,19.5,66,5.7,karachi
2025-01-16 21:00:00,88.9,99.9,19.2,68,1.9,karachi
2025-01-16 22:00:00,95.7,106.9,19.0,68,3.0,karachi
2025-01-16 23:00:00,84.5,91.0,18.4,68,7.6,karachi
2025-01-17 00:00:00,66.1,70.1,17.7,59,9.1,karachi
2025-01-17 01:00:00,51.2,54.1,17.0,53,8.0,karachi
2025-01-17 02:00:00,41.2,44.1,16.5,53,7.8,karachi
2025-01-17 03:00:00,36.1,39.3,16.0,56,8.2,karachi
2025-01-17 04:00:00,33.4,37.3,15.2,59,9.4,karachi
2025-01-17 05:00:00,34.3,38.2,14.9,59,9.9,karachi
2025-01-17 06:00:00,34.6,39.1,14.8,56,10.3,karachi
2025-01-17 07:00:00,37.7,42.8,14.9,55,11.0,karachi
2025-01-17 08:00:00,43.2,49.0,15.1,55,11.5,karachi
2025-01-17 09:00:00,45.6,51.1,16.8,49,11.0,karachi
2025-01-17 10:00:00,41.7,49.6,19.4,39,9.3,karachi
2025-01-17 11:00:00,28.8,36.9,22.0,29,10.9,karachi
2025-01-17 12:00:00,22.3,29.0,23.5,20,15.2,karachi
2025-01-17 13:00:00,21.0,26.6,24.0,19,15.9,karachi
2025-01-17 14:00:00,21.0,26.1,24.4,19,15.6,karachi
2025-01-17 15:00:00,22.0,26.7,24.5,19,15.3,karachi
2025-01-17 16:00:00,23.2,27.6,24.1,19,14.5,karachi
2025-01-17 17:00:00,35.6,43.8,23.4,21,14.3,karachi
2025-01-17 18:00:00,39.8,45.4,22.6,24,13.0,karachi
2025-01-17 19:00:00,42.6,47.6,21.6,28,13.4,karachi
2025-01-17 20:00:00,42.8,47.7,20.5,32,12.7,karachi
2025-01-17 21:00:00,42.6,47.4,19.6,36,11.8,karachi
2025-01-17 22:00:00,43.2,47.6,18.7,40,11.6,karachi
2025-01-17 23:00:00,44.6,48.8,18.0,43,12.0,karachi
2025-01-18 00:00:00,45.9,49.8,17.5,44,12.3,karachi
2025-01-18 01:00:00,46.3,49.6,17.4,42,12.5,karachi
2025-01-18 02:00:00,45.9,48.5,17.2,41,13.4,karachi
2025-01-18 03:00:00,44.9,47.4,16.9,42,13.6,karachi
2025-01-18 04:00:00,44.0,46.3,16.4,46,13.8,karachi
2025-01-18 05:00:00,45.2,46.6,16.0,49,13.6,karachi
2025-01-18 06:00:00,45.2,46.3,15.7,49,13.5,karachi
2025-01-18 07:00:00,46.3,47.3,15.4,49,13.3,karachi
2025-01-18 08:00:00,48.9,49.8,15.6,48,12.9,karachi
2025-01-18 09:00:00,50.2,51.0,17.0,44,10.9,karachi
2025-01-18 10:00:00,49.4,50.4,19.1,38,11.5,karachi
2025-01-18 11:00:00,45.2,47.0,21.4,32,12.1,karachi
2025-01-18 12:00:00,38.8,41.9,23.0,25,12.9,karachi
2025-01-18 13:00:00,33.5,36.8,24.0,22,11.0,karachi
2025-01-18 14:00:00,30.9,33.5,24.6,21,9.4,karachi
2025-01-18 15:00:00,30.4,32.7,24.9,20,8.4,karachi
2025-01-18 16:00:00,30.4,32.5,24.8,21,8.2,karachi
2025-01-18 17:00:00,32.8,35.9,24.2,22,7.7,karachi
2025-01-18 18:00:00,43.2,45.5,23.3,23,8.7,karachi
2025-01-18 19:00:00,54.5,56.2,22.1,26,11.3,karachi
2025-01-18 20:00:00,51.9,53.6,21.1,29,10.5,karachi
2025-01-18 21:00:00,49.1,50.8,20.0,33,10.5,karachi
2025-01-18 22:00:00,48.0,49.6,19.0,36,11.1,karachi
2025-01-18 23:00:00,47.5,49.0,18.0,40,11.4,karachi
2025-01-19 00:00:00,46.8,48.1,17.5,42,10.7,karachi
2025-01-19 01:00:00,45.5,46.7,16.9,44,9.7,karachi
2025-01-19 02:00:00,44.1,45.2,16.3,46,9.7,karachi
2025-01-19 03:00:00,43.0,43.9,15.8,47,9.6,karachi
2025-01-19 04:00:00,42.0,43.1,15.5,48,9.3,karachi
2025-01-19 05:00:00,41.7,42.6,15.2,48,9.6,karachi
2025-01-19 06:00:00,42.0,43.0,14.6,47,10.0,karachi
2025-01-19 07:00:00,44.1,45.2,14.4,47,9.7,karachi
2025-01-19 08:00:00,48.7,49.6,14.6,46,9.4,karachi
2025-01-19 09:00:00,51.8,52.6,16.0,41,8.6,karachi
2025-01-19 10:00:00,51.1,52.0,18.7,34,7.3,karachi
2025-01-19 11:00:00,46.8,47.8,21.6,27,7.7,karachi
2025-01-19 12:00:00,41.8,43.0,23.5,22,7.0,karachi
2025-01-19 13:00:00,40.2,41.7,24.6,20,5.7,karachi
2025-01-19 14:00:00,38.9,40.6,25.5,18,4.2,karachi
2025-01-19 15:00:00,37.6,39.3,25.6,18,3.2,karachi
2025-01-19 16:00:00,36.7,38.5,25.5,18,2.5,karachi
2025-01-19 17:00:00,37.5,39.3,24.8,22,3.4,karachi
2025-01-19 18:00:00,49.4,51.0,24.2,23,2.6,karachi
2025-01-19 19:00:00,64.0,65.4,23.0,24,3.7,karachi
2025-01-19 20:00:00,59.8,60.8,22.0,25,7.2,karachi
2025-01-19 21:00:00,53.8,54.5,21.1,28,9.7,karachi
2025-01-19 22:00:00,53.2,54.0,20.0,34,10.1,karachi
2025-01-19 23:00:00,54.2,55.2,19.0,37,10.3,karachi
2025-01-20 00:00:00,55.3,56.3,18.5,40,9.9,karachi
2025-01-20 01:00:00,55.5,56.7,17.9,42,9.9,karachi
2025-01-20 02:00:00,55.6,56.8,17.4,43,10.1,karachi
2025-01-20 03:00:00,56.0,57.0,17.0,44,10.1,karachi
2025-01-20 04:00:00,56.6,57.6,16.8,44,10.2,karachi
2025-01-20 05:00:00,58.2,59.0,16.5,44,9.8,karachi
2025-01-20 06:00:00,59.0,59.6,16.4,45,11.1,karachi
2025-01-20 07:00:00,60.5,61.0,16.0,46,10.9,karachi
2025-01-20 08:00:00,63.1,63.6,16.0,47,10.9,karachi
2025-01-20 09:00:00,63.6,63.8,17.4,44,9.4,karachi
2025-01-20 10:00:00,61.5,61.9,19.6,38,9.1,karachi
2025-01-20 11:00:00,54.9,56.0,22.1,32,8.7,karachi
2025-01-20 12:00:00,45.8,47.5,24.0,25,8.3,karachi
2025-01-20 13:00:00,42.3,44.1,25.1,22,6.3,karachi
2025-01-20 14:00:00,41.3,43.1,25.8,20,3.6,karachi
2025-01-20 15:00:00,41.3,43.1,26.0,20,2.0,karachi
2025-01-20 16:00:00,42.0,43.9,25.8,21,5.4,karachi
2025-01-20 17:00:00,42.1,44.5,24.0,38,12.0,karachi
2025-01-20 18:00:00,54.9,56.8,22.7,43,12.4,karachi
2025-01-20 19:00:00,76.1,77.8,21.6,45,11.1,karachi
2025-01-20 20:00:00,80.8,82.4,21.0,48,7.6,karachi
2025-01-20 21:00:00,71.5,72.4,20.6,51,6.6,karachi
2025-01-20 22:00:00,61.0,61.9,20.2,52,5.9,karachi
2025-01-20 23:00:00,55.3,56.3,20.0,49,5.9,karachi
2025-01-21 00:00:00,52.0,53.3,19.6,42,6.4,karachi
2025-01-21 01:00:00,49.5,51.2,18.7,43,6.1,karachi
2025-01-21 02:00:00,47.4,49.5,17.7,46,6.0,karachi
2025-01-21 03:00:00,45.4,47.8,16.9,50,6.0,karachi
2025-01-21 04:00:00,43.4,46.1,16.0,54,6.4,karachi
2025-01-21 05:00:00,42.0,44.8,15.4,57,7.7,karachi
2025-01-21 06:00:00,41.3,44.2,14.8,57,8.6,karachi
2025-01-21 07:00:00,43.3,46.3,14.6,57,8.7,karachi
2025-01-21 08:00:00,50.2,53.2,14.8,56,8.3,karachi
2025-01-21 09:00:00,53.7,56.2,16.4,51,7.4,karachi
2025-01-21 10:00:00,51.0,55.1,19.4,42,3.9,karachi
2025-01-21 11:00:00,48.0,54.0,22.2,33,2.8,karachi
2025-01-21 12:00:00,44.2,50.6,23.5,31,1.4,karachi
2025-01-21 13:00:00,44.9,50.8,24.4,29,3.7,karachi
2025-01-21 14:00:00,45.1,51.5,24.6,30,7.4,karachi
2025-01-21 15:00:00,45.2,51.9,24.3,34,11.2,karachi
2025-01-21 16:00:00,45.6,52.5,23.5,41,11.7,karachi
2025-01-21 17:00:00,52.7,59.8,22.6,46,10.4,karachi
2025-01-21 18:00:00,59.5,64.5,22.0,57,9.8,karachi
2025-01-21 19:00:00,62.2,65.9,21.1,63,8.6,karachi
2025-01-21 20:00:00,59.6,62.6,20.6,68,8.6,karachi
2025-01-21 21:00:00,55.3,57.9,20.2,72,8.7,karachi
2025-01-21 22:00:00,50.6,53.2,19.9,75,8.5,karachi
2025-01-21 23:00:00,46.7,49.7,19.5,76,7.8,karachi
2025-01-22 00:00:00,43.3,47.3,19.2,78,6.9,karachi
2025-01-22 01:00:00,39.3,44.5,18.9,78,7.5,karachi
2025-01-22 02:00:00,35.3,41.7,18.6,76,7.8,karachi
2025-01-22 03:00:00,31.5,39.3,18.4,76,8.5,karachi
2025-01-22 04:00:00,28.5,36.9,18.1,76,7.9,karachi
2025-01-22 05:00:00,28.2,38.3,17.3,81,7.1,karachi
2025-01-22 06:00:00,29.6,41.4,16.8,83,6.9,karachi
2025-01-22 07:00:00,36.6,49.5,16.9,82,5.1,karachi
2025-01-22 08:00:00,53.0,65.2,17.0,80,6.3,karachi
2025-01-22 09:00:00,48.9,59.0,18.5,72,4.4,karachi
2025-01-22 10:00:00,31.0,45.9,21.0,58,2.9,karachi
2025-01-22 11:00:00,20.3,34.3,22.9,45,3.2,karachi
2025-01-22 12:00:00,18.5,30.3,24.0,38,3.6,karachi
2025-01-22 13:00:00,18.3,28.9,24.5,36,6.6,karachi
2025-01-22 14:00:00,18.8,29.0,24.9,36,9.4,karachi
2025-01-22 15:00:00,19.3,29.6,25.0,36,11.4,karachi
2025-01-22 16:00:00,19.4,30.0,24.6,36,12.8,karachi
2025-01-22 17:00:00,20.8,32.4,24.0,35,13.4,karachi
2025-01-22 18:00:00,24.4,34.7,22.6,43,11.2,karachi
2025-01-22 19:00:00,30.5,39.8,21.5,51,9.1,karachi
2025-01-22 20:00:00,31.0,40.7,20.8,56,8.4,karachi
2025-01-22 21:00:00,32.5,43.0,20.4,60,8.8,karachi
2025-01-22 22:00:00,37.5,48.2,19.6,64,9.6,karachi
2025-01-22 23:00:00,46.7,57.2,19.1,66,7.8,karachi
2025-01-23 00:00:00,54.2,61.2,18.7,66,8.2,karachi
2025-01-23 01:00:00,55.9,60.5,18.5,65,6.7,karachi
2025-01-23 02:00:00,52.9,56.7,18.2,62,4.6,karachi
2025-01-23 03:00:00,50.2,54.0,17.5,58,6.4,karachi
2025-01-23 04:00:00,48.3,52.4,16.8,54,7.4,karachi
2025-01-23 05:00:00,44.5,49.8,15.8,54,9.5,karachi
2025-01-23 06:00:00,43.7,48.4,15.4,58,8.8,karachi
2025-01-23 07:00:00,45.5,49.6,15.1,59,9.6,karachi
2025-01-23 08:00:00,51.6,55.3,15.4,56,9.2,karachi
2025-01-23 09:00:00,53.0,56.7,16.9,48,7.0,karachi
2025-01-23 10:00:00,45.9,52.6,19.5,37,6.1,karachi
2025-01-23 11:00:00,32.7,44.9,22.0,29,5.7,karachi
2025-01-23 12:00:00,21.7,37.3,24.2,24,6.8,karachi
2025-01-23 13:00:00,18.5,34.0,25.5,19,6.9,karachi
2025-01-23 14:00:00,15.8,29.7,26.1,16,6.9,karachi
2025-01-23 15:00:00,13.2,25.3,26.4,13,8.4,karachi
2025-01-23 16:00:00,11.7,22.2,26.2,13,10.1,karachi
2025-01-23 17:00:00,10.0,15.9,25.7,14,9.8,karachi
2025-01-23 18:00:00,12.4,16.2,24.8,15,12.0,karachi
2025-01-23 19:00:00,16.6,19.0,23.4,17,10.2,karachi
2025-01-23 20:00:00,17.5,19.7,22.2,19,10.5,karachi
2025-01-23 21:00:00,16.7,19.2,21.0,22,9.8,karachi
2025-01-23 22:00:00,16.2,18.5,20.0,24,9.7,karachi
2025-01-23 23:00:00,15.1,17.1,19.1,25,10.3,karachi
2025-01-24 00:00:00,13.0,14.9,18.5,25,11.9,karachi
2025-01-24 01:00:00,10.7,13.3,18.1,24,12.2,karachi
2025-01-24 02:00:00,9.4,12.9,17.8,25,11.1,karachi
2025-01-24 03:00:00,8.8,13.1,17.2,26,11.6,karachi
2025-01-24 04:00:00,8.8,13.6,16.4,29,11.3,karachi
2025-01-24 05:00:00,9.1,14.5,15.9,31,11.3,karachi
2025-01-24 06:00:00,9.7,15.3,15.4,34,10.2,karachi
2025-01-24 07:00:00,11.7,17.3,15.0,35,10.6,karachi
2025-01-24 08:00:00,15.7,21.2,14.9,35,10.5,karachi
2025-01-24 09:00:00,18.6,23.2,16.5,32,9.3,karachi
2025-01-24 10:00:00,15.9,22.8,19.2,28,8.0,karachi
2025-01-24 11:00:00,15.1,20.0,22.1,25,8.9,karachi
2025-01-24 12:00:00,15.5,19.4,24.1,22,12.5,karachi
2025-01-24 13:00:00,15.7,19.2,25.0,19,13.3,karachi
2025-01-24 14:00:00,15.9,19.0,25.6,17,12.8,karachi
2025-01-24 15:00:00,16.2,19.0,25.9,16,13.0,karachi
2025-01-24 16:00:00,16.8,19.3,25.7,16,13.0,karachi
2025-01-24 17:00:00,16.8,19.1,25.1,17,12.6,karachi
2025-01-24 18:00:00,19.5,21.2,24.5,18,12.1,karachi
2025-01-24 19:00:00,24.4,25.8,23.6,21,11.5,karachi
2025-01-24 20:00:00,25.8,27.1,22.8,23,12.1,karachi
2025-01-24 21:00:00,25.6,26.9,21.9,26,12.1,karachi
2025-01-24 22:00:00,25.3,26.9,21.0,28,9.4,karachi
2025-01-24 23:00:00,24.9,26.5,19.7,31,9.8,karachi
2025-01-25 00:00:00,22.9,24.6,18.4,33,9.9,karachi
2025-01-25 01:00:00,19.5,21.2,17.8,33,9.8,karachi
2025-01-25 02:00:00,16.4,18.0,17.2,33,9.7,karachi
2025-01-25 03:00:00,14.4,15.9,16.8,33,10.0,karachi
2025-01-25 04:00:00,13.3,14.7,16.3,34,10.7,karachi
2025-01-25 05:00:00,13.1,14.4,15.9,34,11.1,karachi
2025-01-25 06:00:00,13.6,15.0,15.4,36,11.1,karachi
2025-01-25 07:00:00,15.8,17.2,15.2,36,11.2,karachi
2025-01-25 08:00:00,20.3,21.7,15.4,35,11.3,karachi
2025-01-25 09:00:00,23.9,25.1,17.0,31,10.3,karachi
2025-01-25 10:00:00,22.0,23.7,20.1,24,8.5,karachi
2025-01-25 11:00:00,17.1,22.6,23.1,19,9.5,karachi
2025-01-25 12:00:00,13.3,28.5,24.7,16,8.3,karachi
2025-01-25 13:00:00,12.7,25.5,25.6,14,6.4,karachi
2025-01-25 14:00:00,12.7,22.4,26.1,14,3.6,karachi
2025-01-25 15:00:00,13.1,20.4,26.2,14,3.1,karachi
2025-01-25 16:00:00,13.2,18.8,25.7,19,7.0,karachi
2025-01-25 17:00:00,12.2,14.8,24.6,30,8.3,karachi
2025-01-25 18:00:00,18.7,20.4,24.0,29,8.1,karachi
2025-01-25 19:00:00,39.8,41.3,22.5,32,9.0,karachi
2025-01-25 20:00:00,52.0,53.4,21.4,33,8.3,karachi
2025-01-25 21:00:00,52.0,53.2,20.6,31,6.3,karachi
2025-01-25 22:00:00,47.7,48.7,20.1,27,4.7,karachi
2025-01-25 23:00:00,42.1,42.7,19.6,29,6.5,karachi
2025-01-26 00:00:00,38.3,38.9,18.7,31,7.2,karachi
2025-01-26 01:00:00,35.5,36.1,17.6,31,7.1,karachi
2025-01-26 02:00:00,33.6,34.1,16.8,33,7.1,karachi
2025-01-26 03:00:00,32.1,32.6,16.1,35,6.9,karachi
2025-01-26 04:00:00,30.5,31.0,15.2,39,8.1,karachi
2025-01-26 05:00:00,34.0,34.3,14.8,39,8.5,karachi
2025-01-26 06:00:00,32.8,33.1,14.2,42,7.1,karachi
2025-01-26 07:00:00,36.3,36.6,14.1,42,7.0,karachi
2025-01-26 08:00:00,49.2,49.5,14.2,41,7.3,karachi
2025-01-26 09:00:00,56.3,56.7,16.4,36,5.2,karachi
2025-01-26 10:00:00,33.9,37.1,19.6,30,3.8,karachi
2025-01-26 11:00:00,26.4,36.8,22.4,29,2.4,karachi
2025-01-26 12:00:00,23.0,33.4,24.4,24,0.2,karachi
2025-01-26 13:00:00,22.8,31.8,25.5,21,3.1,karachi
2025-01-26 14:00:00,23.7,32.1,25.8,24,6.6,karachi
2025-01-26 15:00:00,24.7,33.1,25.0,41,11.2,karachi
2025-01-26 16:00:00,25.6,34.5,24.1,44,12.2,karachi
2025-01-26 17:00:00,21.0,27.7,23.2,43,10.2,karachi
2025-01-26 18:00:00,28.7,35.6,22.7,42,8.3,karachi
2025-01-26 19:00:00,35.9,44.0,21.5,53,8.1,karachi
2025-01-26 20:00:00,38.1,47.1,20.6,57,7.2,karachi
2025-01-26 21:00:00,40.7,50.1,20.0,60,7.2,karachi
2025-01-26 22:00:00,44.9,54.0,19.2,64,7.0,karachi
2025-01-26 23:00:00,50.3,57.6,18.4,69,7.1,karachi
2025-01-27 00:00:00,52.5,58.8,17.6,73,7.7,karachi
2025-01-27 01:00:00,49.9,55.8,17.1,76,7.8,karachi
2025-01-27 02:00:00,46.1,52.0,16.6,79,7.9,karachi
2025-01-27 03:00:00,42.4,48.7,16.4,81,7.9,karachi
2025-01-27 04:00:00,38.9,45.4,16.1,82,7.7,karachi
2025-01-27 05:00:00,40.4,46.9,15.6,82,7.5,karachi
2025-01-27 06:00:00,39.3,45.4,14.6,79,7.2,karachi
2025-01-27 07:00:00,43.1,49.1,14.3,73,5.6,karachi
2025-01-27 08:00:00,57.0,62.9,14.2,66,6.2,karachi
2025-01-27 09:00:00,66.8,72.2,16.3,51,4.8,karachi
2025-01-27 10:00:00,39.6,55.4,19.7,37,1.9,karachi
2025-01-27 11:00:00,32.6,46.9,22.6,29,0.4,karachi
2025-01-27 12:00:00,26.5,35.5,24.8,24,1.2,karachi
2025-01-27 13:00:00,25.7,32.2,26.3,20,2.3,karachi
2025-01-27 14:00:00,26.5,32.4,27.0,22,5.5,karachi
2025-01-27 15:00:00,27.6,33.4,26.2,40,10.4,karachi
2025-01-27 16:00:00,28.4,34.2,24.8,51,11.8,karachi
2025-01-27 17:00:00,25.6,28.6,23.6,50,10.1,karachi
2025-01-27 18:00:00,30.2,33.3,22.4,63,8.1,karachi
2025-01-27 19:00:00,33.1,36.3,21.1,78,7.6,karachi
2025-01-27 20:00:00,33.5,37.3,20.6,84,7.1,karachi
2025-01-27 21:00:00,35.4,38.9,20.1,87,6.1,karachi
2025-01-27 22:00:00,39.0,42.3,19.5,90,4.9,karachi
2025-01-27 23:00:00,44.1,47.0,18.6,93,5.7,karachi
2025-01-28 00:00:00,48.0,50.3,17.9,96,6.2,karachi
2025-01-28 01:00:00,47.3,49.5,17.3,96,7.4,karachi
2025-01-28 02:00:00,44.0,46.1,16.8,95,7.8,karachi
2025-01-28 03:00:00,40.2,42.3,16.2,94,7.3,karachi
2025-01-28 04:00:00,36.0,38.0,15.9,94,7.4,karachi
2025-01-28 05:00:00,32.1,34.2,15.4,94,7.0,karachi
2025-01-28 06:00:00,28.6,31.1,14.1,96,5.1,karachi
2025-01-28 07:00:00,31.3,34.0,14.0,93,3.0,karachi
2025-01-28 08:00:00,44.2,46.7,14.0,89,3.6,karachi
2025-01-28 09:00:00,42.8,46.0,15.6,80,3.4,karachi
2025-01-28 10:00:00,30.9,36.0,19.6,53,2.5,karachi
2025-01-28 11:00:00,25.0,29.9,23.1,41,1.5,karachi
2025-01-28 12:00:00,24.6,27.8,25.1,34,4.0,karachi
2025-01-28 13:00:00,25.7,28.3,25.6,39,8.9,karachi
2025-01-28 14:00:00,26.4,29.0,25.6,47,10.8,karachi
2025-01-28 15:00:00,26.0,28.4,25.2,50,11.4,karachi
2025-01-28 16:00:00,24.6,26.8,24.8,48,10.3,karachi
2025-01-28 17:00:00,20.3,21.7,23.7,57,9.2,karachi
2025-01-28 18:00:00,21.1,22.5,22.5,71,7.7,karachi
2025-01-28 19:00:00,24.9,27.0,21.4,85,6.5,karachi
2025-01-28 20:00:00,25.5,27.8,21.0,89,7.0,karachi
2025-01-28 21:00:00,25.1,27.5,20.6,89,7.2,karachi
2025-01-28 22:00:00,24.9,27.5,20.5,88,8.0,karachi
2025-01-28 23:00:00,24.9,27.6,20.2,89,7.7,karachi
2025-01-29 00:00:00,24.4,27.5,19.9,90,7.7,karachi
2025-01-29 01:00:00,23.2,27.0,19.5,92,7.7,karachi
2025-01-29 02:00:00,21.6,27.1,19.1,94,8.1,karachi
2025-01-29 03:00:00,20.7,30.4,18.8,95,8.4,karachi
2025-01-29 04:00:00,20.2,36.3,18.9,94,8.4,karachi
2025-01-29 05:00:00,19.7,38.4,18.9,93,8.5,karachi
2025-01-29 06:00:00,21.0,44.0,18.0,92,6.7,karachi
2025-01-29 07:00:00,24.8,50.8,17.0,94,4.9,karachi
2025-01-29 08:00:00,33.1,58.9,17.5,95,4.8,karachi
2025-01-29 09:00:00,33.3,58.6,18.9,93,5.4,karachi
2025-01-29 10:00:00,27.1,53.0,20.5,86,4.0,karachi
2025-01-29 11:00:00,20.6,46.0,23.5,69,7.9,karachi
2025-01-29 12:00:00,18.2,40.4,25.1,59,11.4,karachi
2025-01-29 13:00:00,17.3,38.3,25.9,55,12.4,karachi
2025-01-29 14:00:00,16.6,35.9,26.2,52,12.4,karachi
2025-01-29 15:00:00,15.8,35.2,26.3,52,12.7,karachi
2025-01-29 16:00:00,15.5,34.3,25.7,53,12.7,karachi
2025-01-29 17:00:00,16.3,35.3,24.3,62,11.4,karachi
2025-01-29 18:00:00,18.2,33.1,23.1,76,10.3,karachi
2025-01-29 19:00:00,22.7,35.2,22.0,86,9.8,karachi
2025-01-29 20:00:00,24.4,39.2,21.6,90,8.7,karachi
2025-01-29 21:00:00,25.0,43.1,21.4,90,8.1,karachi
2025-01-29 22:00:00,25.3,45.4,21.4,88,7.9,karachi
2025-01-29 23:00:00,25.8,49.5,21.3,82,8.1,karachi
2025-01-30 00:00:00,26.6,59.4,21.4,72,8.8,karachi
2025-01-30 01:00:00,27.9,71.7,21.4,66,9.2,karachi
2025-01-30 02:00:00,29.6,79.9,20.3,71,8.2,karachi
2025-01-30 03:00:00,31.9,87.8,18.9,80,8.5,karachi
2025-01-30 04:00:00,32.1,83.4,18.0,85,8.2,karachi
2025-01-30 05:00:00,31.8,69.6,17.1,81,8.9,karachi
2025-01-30 06:00:00,30.5,60.1,16.3,86,8.5,karachi
2025-01-30 07:00:00,30.9,58.3,16.2,74,8.7,karachi
2025-01-30 08:00:00,35.9,61.5,16.9,63,6.7,karachi
2025-01-30 09:00:00,39.3,63.6,18.4,53,4.0,karachi
2025-01-30 10:00:00,38.4,78.7,20.8,39,2.7,karachi
2025-01-30 11:00:00,35.9,84.3,23.0,32,2.7,karachi
2025-01-30 12:00:00,31.8,74.7,24.9,27,2.9,karachi
2025-01-30 13:00:00,27.2,63.6,26.0,24,4.0,karachi
2025-01-30 14:00:00,26.7,63.8,26.5,26,8.4,karachi
2025-01-30 15:00:00,28.1,69.6,26.5,26,11.1,karachi
2025-01-30 16:00:00,30.6,78.9,26.2,25,12.7,karachi
2025-01-30 17:00:00,29.4,71.5,25.1,25,13.1,karachi
2025-01-30 18:00:00,36.9,86.4,24.0,29,11.7,karachi
2025-01-30 19:00:00,43.2,99.7,22.5,37,9.4,karachi
2025-01-30 20:00:00,43.4,99.7,21.6,47,10.7,karachi
2025-01-30 21:00:00,40.3,87.5,21.1,56,11.4,karachi
2025-01-30 22:00:00,36.8,74.3,20.9,58,10.5,karachi
2025-01-30 23:00:00,34.6,68.2,20.8,56,10.7,karachi
2025-01-31 00:00:00,35.2,78.2,20.7,56,11.4,karachi
2025-01-31 01:00:00,39.2,106.4,20.2,57,12.5,karachi
2025-01-31 02:00:00,41.7,118.7,18.5,29,13.1,karachi
2025-01-31 03:00:00,41.3,116.6,16.9,21,13.3,karachi
2025-01-31 04:00:00,41.1,118.5,15.9,22,13.8,karachi
2025-01-31 05:00:00,39.7,110.8,15.4,23,13.5,karachi
2025-01-31 06:00:00,40.5,113.4,15.1,29,13.2,karachi
2025-01-31 07:00:00,43.2,117.8,14.9,28,12.6,karachi
2025-01-31 08:00:00,48.1,120.6,15.1,27,12.0,karachi
2025-01-31 09:00:00,48.4,113.2,16.6,23,11.3,karachi
2025-01-31 10:00:00,42.0,117.1,18.8,18,11.1,karachi
2025-01-31 11:00:00,35.4,105.7,20.7,15,10.1,karachi
2025-01-31 12:00:00,30.2,90.8,22.4,13,9.0,karachi
2025-01-31 13:00:00,25.9,71.7,23.6,12,9.3,karachi
2025-01-31 14:00:00,22.7,59.1,24.1,13,10.9,karachi
2025-01-31 15:00:00,20.0,51.5,23.9,15,12.2,karachi
2025-01-31 16:00:00,18.2,48.3,23.1,19,13.2,karachi
2025-01-31 17:00:00,17.7,48.3,22.0,24,13.0,karachi
2025-01-31 18:00:00,20.0,52.5,20.8,30,11.9,karachi
2025-01-31 19:00:00,25.8,58.6,19.9,37,10.7,karachi
2025-01-31 20:00:00,30.0,69.8,19.5,42,9.5,karachi
2025-01-31 21:00:00,34.0,82.4,19.4,43,10.1,karachi
2025-01-31 22:00:00,37.8,97.6,19.1,48,10.1,karachi
2025-01-31 23:00:00,42.0,120.6,19.1,52,7.3,karachi
2025-02-01 00:00:00,46.7,153.7,19.0,54,5.4,karachi
2025-02-01 01:00:00,51.3,197.0,18.0,59,2.3,karachi
2025-02-01 02:00:00,53.7,215.6,17.5,60,7.4,karachi
2025-02-01 03:00:00,54.1,204.0,16.0,57,8.1,karachi
2025-02-01 04:00:00,53.1,177.0,14.8,55,7.3,karachi
2025-02-01 05:00:00,49.1,143.0,13.6,56,7.8,karachi
2025-02-01 06:00:00,46.6,118.0,12.9,63,8.4,karachi
2025-02-01 07:00:00,46.6,105.9,12.7,67,8.0,karachi
2025-02-01 08:00:00,49.6,101.0,12.9,63,8.3,karachi
2025-02-01 09:00:00,47.3,87.5,14.9,49,6.0,karachi
2025-02-01 10:00:00,40.2,85.0,18.0,32,5.1,karachi
2025-02-01 11:00:00,32.2,68.7,21.0,24,5.6,karachi
2025-02-01 12:00:00,29.2,65.2,22.8,24,6.4,karachi
2025-02-01 13:00:00,24.3,54.7,23.8,21,5.1,karachi
2025-02-01 14:00:00,22.5,50.4,24.2,22,5.7,karachi
2025-02-01 15:00:00,22.5,51.1,24.5,23,7.8,karachi
2025-02-01 16:00:00,22.5,51.7,23.9,31,10.1,karachi
2025-02-01 17:00:00,26.1,55.3,22.8,36,11.4,karachi
2025-02-01 18:00:00,31.0,55.6,21.7,36,9.7,karachi
2025-02-01 19:00:00,55.8,84.8,20.5,40,8.9,karachi
2025-02-01 20:00:00,63.6,92.9,19.5,44,8.7,karachi
2025-02-01 21:00:00,64.7,93.8,19.0,47,8.7,karachi
2025-02-01 22:00:00,63.6,85.4,18.8,47,7.9,karachi
2025-02-01 23:00:00,52.7,64.7,18.8,44,7.8,karachi
2025-02-02 00:00:00,41.4,47.7,18.2,37,7.4,karachi
2025-02-02 01:00:00,33.5,37.0,17.4,34,8.1,karachi
2025-02-02 02:00:00,27.1,30.4,16.5,33,8.4,karachi
2025-02-02 03:00:00,22.1,25.2,16.0,32,8.9,karachi
2025-02-02 04:00:00,18.3,21.7,15.8,33,9.8,karachi
2025-02-02 05:00:00,16.3,18.3,15.6,33,9.9,karachi
2025-02-02 06:00:00,15.0,17.8,15.1,36,9.8,karachi
2025-02-02 07:00:00,16.5,20.0,14.8,36,9.3,karachi
2025-02-02 08:00:00,20.2,24.9,15.1,36,8.5,karachi
2025-02-02 09:00:00,23.6,28.2,17.0,31,5.9,karachi
2025-02-02 10:00:00,19.5,28.2,20.2,24,3.6,karachi
2025-02-02 11:00:00,17.2,28.9,23.5,21,5.9,karachi
2025-02-02 12:00:00,19.6,29.1,25.4,20,12.3,karachi
2025-02-02 13:00:00,21.5,31.7,26.1,19,13.4,karachi
2025-02-02 14:00:00,23.2,33.3,26.5,18,12.9,karachi
2025-02-02 15:00:00,24.3,34.5,26.7,18,11.9,karachi
2025-02-02 16:00:00,25.1,35.3,26.5,19,10.8,karachi
2025-02-02 17:00:00,26.0,36.8,26.0,20,8.8,karachi
2025-02-02 18:00:00,29.5,37.7,25.0,20,5.3,karachi
2025-02-02 19:00:00,33.6,39.9,23.8,21,4.7,karachi
2025-02-02 20:00:00,32.6,38.1,22.9,23,6.8,karachi
2025-02-02 21:00:00,29.6,34.8,22.2,25,10.9,karachi
2025-02-02 22:00:00,27.9,32.5,21.5,26,12.3,karachi
2025-02-02 23:00:00,27.2,31.1,21.0,27,11.7,karachi
2025-02-03 00:00:00,26.8,30.3,19.9,28,12.0,karachi
2025-02-03 01:00:00,26.0,29.3,19.0,32,12.7,karachi
2025-02-03 02:00:00,25.0,28.1,18.5,34,11.9,karachi
2025-02-03 03:00:00,24.0,27.1,18.1,35,11.4,karachi
2025-02-03 04:00:00,23.2,26.4,17.9,34,10.9,karachi
2025-02-03 05:00:00,22.7,27.1,17.5,34,10.3,karachi
2025-02-03 06:00:00,22.1,26.0,17.0,36,9.9,karachi
2025-02-03 07:00:00,22.8,26.5,16.6,37,9.1,karachi
2025-02-03 08:00:00,25.2,28.9,16.9,36,8.5,karachi
2025-02-03 09:00:00,27.5,30.6,18.4,32,5.6,karachi
2025-02-03 10:00:00,25.6,29.9,20.8,26,3.5,karachi
2025-02-03 11:00:00,21.7,31.8,23.0,22,1.6,karachi
2025-02-03 12:00:00,20.6,44.4,24.4,18,2.7,karachi
2025-02-03 13:00:00,24.5,45.4,25.0,19,7.8,karachi
2025-02-03 14:00:00,26.5,44.4,25.0,21,11.8,karachi
2025-02-03 15:00:00,27.6,42.7,24.8,21,14.4,karachi
2025-02-03 16:00:00,27.6,40.6,24.2,21,15.7,karachi
2025-02-03 17:00:00,33.6,47.5,23.3,23,14.3,karachi
2025-02-03 18:00:00,35.5,44.0,22.5,31,12.4,karachi
2025-02-03 19:00:00,36.6,43.0,21.6,39,9.5,karachi
2025-02-03 20:00:00,34.9,40.5,21.0,49,8.8,karachi
2025-02-03 21:00:00,33.4,39.0,20.4,55,9.0,karachi
2025-02-03 22:00:00,32.0,38.2,20.1,58,7.7,karachi
2025-02-03 23:00:00,31.0,38.6,20.0,61,8.2,karachi
2025-02-04 00:00:00,29.5,39.8,19.6,62,9.5,karachi
2025-02-04 01:00:00,27.5,41.2,19.5,62,9.0,karachi
2025-02-04 02:00:00,24.5,40.5,18.9,64,9.3,karachi
2025-02-04 03:00:00,21.8,39.2,18.5,66,8.9,karachi
2025-02-04 04:00:00,19.1,36.3,18.5,64,8.9,karachi
2025-02-04 05:00:00,15.1,28.3,19.0,55,12.1,karachi
2025-02-04 06:00:00,14.0,24.9,17.9,59,7.9,karachi
2025-02-04 07:00:00,15.1,23.9,16.6,68,9.2,karachi
2025-02-04 08:00:00,20.3,27.6,17.0,70,9.2,karachi
2025-02-04 09:00:00,21.4,27.9,19.5,60,7.7,karachi
2025-02-04 10:00:00,15.2,25.3,22.0,45,9.0,karachi
2025-02-04 11:00:00,12.9,24.6,23.2,39,9.2,karachi
2025-02-04 12:00:00,12.5,25.0,24.0,34,9.5,karachi
2025-02-04 13:00:00,12.1,25.3,24.6,31,11.8,karachi
2025-02-04 14:00:00,11.8,26.6,24.8,26,14.5,karachi
2025-02-04 15:00:00,12.3,30.5,24.8,22,14.1,karachi
2025-02-04 16:00:00,13.2,35.5,24.3,23,13.5,karachi
2025-02-04 17:00:00,13.7,38.5,23.2,31,13.0,karachi
2025-02-04 18:00:00,16.9,40.0,22.0,41,11.3,karachi
2025-02-04 19:00:00,21.7,43.5,21.0,50,10.0,karachi
2025-02-04 20:00:00,22.3,45.6,20.6,53,9.0,karachi
2025-02-04 21:00:00,22.1,46.4,20.2,52,8.2,karachi
2025-02-04 22:00:00,22.1,46.6,19.8,54,8.3,karachi
2025-02-04 23:00:00,22.4,45.5,19.4,56,9.2,karachi
2025-02-05 00:00:00,21.9,43.4,19.0,61,10.9,karachi
2025-02-05 01:00:00,20.4,39.9,18.8,63,9.8,karachi
2025-02-05 02:00:00,18.9,36.3,18.5,60,8.4,karachi
2025-02-05 03:00:00,17.7,32.9,18.4,58,7.5,karachi
2025-02-05 04:00:00,16.7,30.3,17.4,62,8.6,karachi
2025-02-05 05:00:00,16.2,28.1,15.8,69,8.2,karachi
2025-02-05 06:00:00,16.8,29.2,14.9,74,6.4,karachi
2025-02-05 07:00:00,20.2,33.5,14.4,73,6.2,karachi
2025-02-05 08:00:00,31.3,44.9,14.4,67,7.2,karachi
2025-02-05 09:00:00,34.1,48.5,16.4,52,6.0,karachi
2025-02-05 10:00:00,28.9,57.3,19.5,34,4.3,karachi
2025-02-05 11:00:00,22.9,56.1,22.6,23,3.1,karachi
2025-02-05 12:00:00,16.1,40.5,24.5,18,1.5,karachi
2025-02-05 13:00:00,14.0,33.8,25.5,14,2.9,karachi
2025-02-05 14:00:00,14.1,31.8,25.8,16,7.4,karachi
2025-02-05 15:00:00,14.3,31.2,25.2,24,12.0,karachi
2025-02-05 16:00:00,14.7,31.3,24.5,25,13.4,karachi
2025-02-05 17:00:00,12.0,21.9,24.0,20,12.2,karachi
2025-02-05 18:00:00,15.5,24.7,23.1,24,8.0,karachi
2025-02-05 19:00:00,27.5,35.4,21.8,34,8.3,karachi
2025-02-05 20:00:00,30.3,37.7,20.9,38,8.1,karachi
2025-02-05 21:00:00,32.6,39.7,20.1,40,8.2,karachi
2025-02-05 22:00:00,36.7,43.9,19.4,46,8.5,karachi
2025-02-05 23:00:00,43.1,49.7,18.5,50,9.2,karachi
2025-02-06 00:00:00,45.5,51.3,18.0,52,11.0,karachi
2025-02-06 01:00:00,41.9,47.7,17.8,54,10.8,karachi
2025-02-06 02:00:00,37.4,43.7,17.2,58,10.0,karachi
2025-02-06 03:00:00,33.8,40.5,16.7,61,9.6,karachi
2025-02-06 04:00:00,31.5,38.6,16.1,54,9.2,karachi
2025-02-06 05:00:00,30.6,37.1,15.8,37,8.5,karachi
2025-02-06 06:00:00,29.2,35.7,15.1,40,7.7,karachi
2025-02-06 07:00:00,31.3,38.1,14.8,35,7.5,karachi
2025-02-06 08:00:00,37.7,44.4,14.9,38,7.7,karachi
2025-02-06 09:00:00,34.5,41.9,16.8,35,6.7,karachi
2025-02-06 10:00:00,28.2,38.5,20.0,30,4.7,karachi
2025-02-06 11:00:00,19.5,32.0,23.1,23,6.0,karachi
2025-02-06 12:00:00,16.1,27.8,25.3,18,7.9,karachi
2025-02-06 13:00:00,14.4,25.1,26.6,14,7.8,karachi
2025-02-06 14:00:00,13.4,23.9,27.0,13,7.3,karachi
2025-02-06 15:00:00,12.7,23.1,27.3,12,8.2,karachi
2025-02-06 16:00:00,12.2,22.1,27.4,11,11.3,karachi
2025-02-06 17:00:00,12.3,21.4,26.9,11,12.7,karachi
2025-02-06 18:00:00,13.7,20.4,26.1,12,11.2,karachi
2025-02-06 19:00:00,21.4,25.5,24.9,14,11.7,karachi
2025-02-06 20:00:00,19.9,22.9,24.0,16,12.1,karachi
2025-02-06 21:00:00,17.6,20.4,22.6,19,12.7,karachi
2025-02-06 22:00:00,16.0,19.4,21.5,21,12.3,karachi
2025-02-06 23:00:00,15.8,19.7,20.7,22,11.3,karachi
2025-02-07 00:00:00,16.2,20.4,19.9,24,11.2,karachi
2025-02-07 01:00:00,16.2,20.5,19.2,25,11.0,karachi
2025-02-07 02:00:00,16.0,20.3,18.8,26,11.3,karachi
2025-02-07 03:00:00,15.7,20.0,18.5,26,12.0,karachi
2025-02-07 04:00:00,15.4,19.6,18.4,26,12.3,karachi
2025-02-07 05:00:00,15.2,20.0,18.1,25,11.5,karachi
2025-02-07 06:00:00,15.0,19.7,18.1,24,12.0,karachi
2025-02-07 07:00:00,16.0,20.8,17.9,25,11.9,karachi
2025-02-07 08:00:00,18.3,23.1,18.0,26,11.9,karachi
2025-02-07 09:00:00,21.2,25.0,19.9,24,10.6,karachi
2025-02-07 10:00:00,17.6,23.1,22.7,19,10.2,karachi
2025-02-07 11:00:00,13.1,20.4,25.3,15,12.3,karachi
2025-02-07 12:00:00,10.6,25.6,26.9,11,13.8,karachi
2025-02-07 13:00:00,10.9,28.6,27.6,11,12.9,karachi
2025-02-07 14:00:00,10.2,25.6,28.1,10,11.7,karachi
2025-02-07 15:00:00,10.0,22.8,28.4,10,10.8,karachi
2025-02-07 16:00:00,10.3,21.2,28.2,10,10.4,karachi
2025-02-07 17:00:00,14.5,26.5,27.8,11,11.0,karachi
2025-02-07 18:00:00,19.6,28.4,27.1,11,6.6,karachi
2025-02-07 19:00:00,32.9,40.3,25.6,12,3.6,karachi
2025-02-07 20:00:00,34.1,38.9,24.2,14,4.6,karachi
2025-02-07 21:00:00,29.8,34.0,23.7,15,6.9,karachi
2025-02-07 22:00:00,27.3,31.4,22.8,18,10.7,karachi
2025-02-07 23:00:00,26.1,30.4,21.6,22,10.9,karachi
2025-02-08 00:00:00,25.7,29.9,20.8,24,10.1,karachi
2025-02-08 01:00:00,25.1,29.3,20.1,26,9.8,karachi
2025-02-08 02:00:00,24.7,28.7,19.5,26,9.8,karachi
2025-02-08 03:00:00,24.3,28.1,18.9,27,9.3,karachi
2025-02-08 04:00:00,23.9,27.6,18.2,27,9.4,karachi
2025-02-08 05:00:00,23.7,27.3,17.8,28,9.6,karachi
2025-02-08 06:00:00,24.4,28.0,17.0,30,9.4,karachi
2025-02-08 07:00:00,26.6,30.2,16.8,31,9.3,karachi
2025-02-08 08:00:00,30.5,34.1,16.9,30,9.3,karachi
2025-02-08 09:00:00,33.6,36.8,18.5,27,8.0,karachi
2025-02-08 10:00:00,32.4,37.6,21.7,21,6.4,karachi
2025-02-08 11:00:00,26.7,42.8,24.9,17,6.2,karachi
2025-02-08 12:00:00,20.1,42.7,26.9,14,6.9,karachi
2025-02-08 13:00:00,16.2,32.4,27.6,13,6.9,karachi
2025-02-08 14:00:00,15.2,27.2,28.0,13,7.6,karachi
2025-02-08 15:00:00,15.8,26.1,28.1,14,8.4,karachi
2025-02-08 16:00:00,17.3,27.1,27.9,15,9.2,karachi
2025-02-08 17:00:00,26.7,39.1,26.8,20,8.9,karachi
2025-02-08 18:00:00,35.5,45.3,24.6,31,9.4,karachi
2025-02-08 19:00:00,46.8,54.7,23.0,36,8.6,karachi
2025-02-08 20:00:00,50.2,57.7,21.7,41,8.1,karachi
2025-02-08 21:00:00,50.6,58.1,20.9,44,7.9,karachi
2025-02-08 22:00:00,49.5,56.5,20.3,46,8.2,karachi
2025-02-08 23:00:00,47.6,53.6,19.9,46,8.2,karachi
2025-02-09 00:00:00,45.4,49.9,19.3,45,7.9,karachi
2025-02-09 01:00:00,41.6,44.9,18.8,43,7.7,karachi
2025-02-09 02:00:00,37.1,39.6,18.2,43,7.7,karachi
2025-02-09 03:00:00,33.4,35.3,17.6,44,8.3,karachi
2025-02-09 04:00:00,30.4,32.0,17.2,44,7.9,karachi
2025-02-09 05:00:00,28.6,30.5,16.9,41,7.4,karachi
2025-02-09 06:00:00,28.1,29.9,15.8,49,6.8,karachi
2025-02-09 07:00:00,31.2,33.1,15.4,46,6.7,karachi
2025-02-09 08:00:00,42.8,44.5,15.4,41,7.1,karachi
2025-02-09 09:00:00,49.1,50.6,18.0,31,4.7,karachi
2025-02-09 10:00:00,39.9,43.1,21.7,23,3.1,karachi
2025-02-09 11:00:00,30.2,35.9,24.6,19,0.6,karachi
2025-02-09 12:00:00,27.4,31.8,26.3,16,3.3,karachi
2025-02-09 13:00:00,28.1,31.3,27.0,16,6.9,karachi
2025-02-09 14:00:00,29.4,32.2,27.0,20,9.9,karachi
2025-02-09 15:00:00,30.9,33.5,26.8,23,11.3,karachi
2025-02-09 16:00:00,32.0,34.7,26.0,26,11.0,karachi
2025-02-09 17:00:00,31.1,33.2,25.0,32,9.8,karachi
2025-02-09 18:00:00,37.0,39.1,24.0,37,8.9,karachi
2025-02-09 19:00:00,41.3,43.4,22.5,54,8.5,karachi
2025-02-09 20:00:00,41.7,43.8,21.6,58,8.5,karachi
2025-02-09 21:00:00,41.0,42.8,21.0,59,8.4,karachi
2025-02-09 22:00:00,40.3,41.9,20.6,61,8.1,karachi
2025-02-09 23:00:00,39.2,40.6,20.1,66,7.8,karachi
2025-02-10 00:00:00,37.5,38.8,19.8,70,8.2,karachi
2025-02-10 01:00:00,34.3,35.6,19.3,74,8.2,karachi
2025-02-10 02:00:00,30.4,31.8,18.9,77,8.7,karachi
2025-02-10 03:00:00,27.2,28.9,18.5,82,8.3,karachi
2025-02-10 04:00:00,25.0,27.0,18.1,85,7.4,karachi
2025-02-10 05:00:00,22.6,25.0,17.9,86,6.4,karachi
2025-02-10 06:00:00,24.0,27.7,17.3,84,6.9,karachi
2025-02-10 07:00:00,27.3,31.3,17.0,86,6.5,karachi
2025-02-10 08:00:00,36.2,40.2,17.6,85,6.9,karachi
2025-02-10 09:00:00,36.1,39.2,20.1,77,5.0,karachi
2025-02-10 10:00:00,27.9,32.5,22.8,68,7.4,karachi
2025-02-10 11:00:00,25.9,28.8,24.5,57,9.0,karachi
2025-02-10 12:00:00,24.7,27.2,25.5,51,11.4,karachi
2025-02-10 13:00:00,23.0,25.4,26.2,47,12.4,karachi
2025-02-10 14:00:00,22.3,24.6,26.3,47,12.6,karachi
2025-02-10 15:00:00,21.8,23.9,26.0,48,13.3,karachi
2025-02-10 16:00:00,21.2,23.3,25.1,51,13.4,karachi
2025-02-10 17:00:00,16.9,19.6,24.1,57,11.9,karachi
2025-02-10 18:00:00,18.5,21.0,23.1,67,10.7,karachi
2025-02-10 19:00:00,23.5,25.6,22.0,76,8.8,karachi
2025-02-10 20:00:00,25.4,27.9,21.6,82,8.3,karachi
2025-02-10 21:00:00,26.1,28.9,21.4,83,9.4,karachi
2025-02-10 22:00:00,26.3,29.2,21.3,84,9.8,karachi
2025-02-10 23:00:00,25.4,28.5,21.1,86,9.7,karachi
2025-02-11 00:00:00,24.3,27.6,20.9,88,9.9,karachi
2025-02-11 01:00:00,22.6,26.4,20.8,89,9.6,karachi
2025-02-11 02:00:00,20.7,25.8,20.5,90,9.4,karachi
2025-02-11 03:00:00,19.0,27.0,20.5,91,9.3,karachi
2025-02-11 04:00:00,17.6,28.9,20.4,94,9.7,karachi
2025-02-11 05:00:00,15.9,29.1,20.5,95,10.6,karachi
2025-02-11 06:00:00,15.6,28.9,20.5,94,12.3,karachi
2025-02-11 07:00:00,17.0,30.5,20.5,94,11.9,karachi
2025-02-11 08:00:00,21.8,37.4,20.5,94,11.4,karachi
2025-02-11 09:00:00,23.7,46.0,22.0,85,11.1,karachi
2025-02-11 10:00:00,24.1,71.0,23.9,73,10.7,karachi
2025-02-11 11:00:00,29.1,108.7,25.6,59,10.1,karachi
2025-02-11 12:00:00,33.9,136.4,26.9,51,10.7,karachi
2025-02-11 13:00:00,36.0,143.4,27.5,47,11.7,karachi
2025-02-11 14:00:00,36.8,145.3,27.7,47,12.5,karachi
2025-02-11 15:00:00,37.0,142.0,27.4,50,12.7,karachi
2025-02-11 16:00:00,36.9,135.5,26.6,55,12.6,karachi
2025-02-11 17:00:00,36.8,128.5,25.5,60,11.7,karachi
2025-02-11 18:00:00,36.6,105.2,24.2,69,10.7,karachi
2025-02-11 19:00:00,38.3,92.7,23.0,76,10.3,karachi
2025-02-11 20:00:00,39.7,96.6,22.4,77,9.7,karachi
2025-02-11 21:00:00,40.7,99.4,22.0,78,7.9,karachi
2025-02-11 22:00:00,41.6,100.1,21.5,82,7.3,karachi
2025-02-11 23:00:00,42.7,99.9,21.0,85,7.1,karachi
2025-02-12 00:00:00,43.8,97.8,20.6,88,7.1,karachi
2025-02-12 01:00:00,43.0,94.3,20.4,88,7.1,karachi
2025-02-12 02:00:00,41.9,93.4,20.0,87,6.0,karachi
2025-02-12 03:00:00,42.5,96.9,19.5,87,4.5,karachi
2025-02-12 04:00:00,43.4,101.3,19.0,88,5.2,karachi
2025-02-12 05:00:00,46.2,110.1,18.5,87,5.8,karachi
2025-02-12 06:00:00,47.1,109.2,18.1,88,7.0,karachi
2025-02-12 07:00:00,51.5,113.2,17.9,79,7.6,karachi
2025-02-12 08:00:00,62.2,113.4,18.2,74,8.5,karachi
2025-02-12 09:00:00,58.9,115.7,20.6,61,6.4,karachi
2025-02-12 10:00:00,51.7,130.4,24.0,45,4.6,karachi
2025-02-12 11:00:00,47.6,132.7,26.6,34,4.1,karachi
2025-02-12 12:00:00,46.8,133.2,28.1,30,4.8,karachi
2025-02-12 13:00:00,46.4,132.2,28.8,31,7.5,karachi
2025-02-12 14:00:00,46.8,128.1,29.0,33,9.7,karachi
2025-02-12 15:00:00,46.4,122.5,29.0,33,10.4,karachi
2025-02-12 16:00:00,46.9,120.1,28.8,32,10.7,karachi
2025-02-12 17:00:00,48.2,118.5,27.8,34,9.9,karachi
2025-02-12 18:00:00,50.5,111.8,26.2,43,8.4,karachi
2025-02-12 19:00:00,54.2,103.6,24.8,49,6.9,karachi
2025-02-12 20:00:00,56.2,106.4,24.0,52,7.0,karachi
2025-02-12 21:00:00,59.0,109.0,23.1,55,6.8,karachi
2025-02-12 22:00:00,65.0,119.7,22.7,56,6.7,karachi
2025-02-12 23:00:00,72.9,132.2,22.5,56,5.8,karachi
2025-02-13 00:00:00,75.0,118.7,22.3,55,5.2,karachi
2025-02-13 01:00:00,69.8,99.7,22.0,54,5.3,karachi
2025-02-13 02:00:00,64.5,88.2,21.3,54,4.6,karachi
2025-02-13 03:00:00,61.0,81.3,20.5,54,4.4,karachi
2025-02-13 04:00:00,57.7,77.1,19.8,54,5.3,karachi
2025-02-13 05:00:00,48.8,64.7,19.1,53,4.8,karachi
2025-02-13 06:00:00,48.5,64.5,18.6,53,4.7,karachi
2025-02-13 07:00:00,51.8,67.1,18.2,51,4.4,karachi
2025-02-13 08:00:00,63.1,75.7,18.1,50,4.1,karachi
2025-02-13 09:00:00,62.4,73.3,20.9,41,2.7,karachi
2025-02-13 10:00:00,41.7,69.2,24.6,30,2.0,karachi
2025-02-13 11:00:00,42.5,93.1,26.9,26,3.1,karachi
2025-02-13 12:00:00,44.1,108.0,27.9,25,5.8,karachi
2025-02-13 13:00:00,41.3,102.0,28.2,25,9.1,karachi
2025-02-13 14:00:00,39.1,94.1,28.2,25,11.0,karachi
2025-02-13 15:00:00,37.8,89.6,28.0,26,11.1,karachi
2025-02-13 16:00:00,37.4,87.3,27.2,31,10.8,karachi
2025-02-13 17:00:00,39.9,90.6,26.1,36,9.3,karachi
2025-02-13 18:00:00,42.0,84.8,25.2,45,8.2,karachi
2025-02-13 19:00:00,46.3,86.4,23.8,57,7.4,karachi
2025-02-13 20:00:00,47.6,88.9,22.9,67,8.1,karachi
2025-02-13 21:00:00,47.6,89.4,22.3,75,8.3,karachi
2025-02-13 22:00:00,46.0,87.3,21.9,80,8.6,karachi
2025-02-13 23:00:00,43.0,82.9,21.5,81,9.0,karachi
2025-02-14 00:00:00,38.9,75.7,21.0,82,9.1,karachi
2025-02-14 01:00:00,34.0,65.7,20.7,83,9.2,karachi
2025-02-14 02:00:00,29.2,54.9,20.5,83,9.7,karachi
2025-02-14 03:00:00,25.2,46.9,20.4,84,9.8,karachi
2025-02-14 04:00:00,22.7,45.5,20.2,86,9.3,karachi
2025-02-14 05:00:00,20.5,45.3,20.3,86,9.2,karachi
2025-02-14 06:00:00,21.2,52.7,20.0,88,9.3,karachi
2025-02-14 07:00:00,24.1,59.6,19.8,89,9.0,karachi
2025-02-14 08:00:00,31.7,68.2,20.1,87,9.2,karachi
2025-02-14 09:00:00,32.1,64.7,22.1,80,7.0,karachi
2025-02-14 10:00:00,30.0,71.2,24.7,68,7.9,karachi
2025-02-14 11:00:00,28.9,70.1,27.4,50,8.0,karachi
2025-02-14 12:00:00,28.7,71.0,29.0,39,9.9,karachi
2025-02-14 13:00:00,28.3,71.7,29.7,36,11.9,karachi
2025-02-14 14:00:00,27.4,66.4,29.7,35,14.4,karachi
2025-02-14 15:00:00,26.0,60.1,29.5,34,13.5,karachi
2025-02-14 16:00:00,24.5,55.9,28.8,36,12.4,karachi
2025-02-14 17:00:00,24.4,52.3,27.3,42,12.3,karachi
2025-02-14 18:00:00,26.1,47.7,25.5,54,11.4,karachi
2025-02-14 19:00:00,28.1,47.5,24.2,64,9.4,karachi
2025-02-14 20:00:00,28.1,48.7,23.8,66,9.1,karachi
2025-02-14 21:00:00,27.6,48.9,23.6,66,10.7,karachi
2025-02-14 22:00:00,26.5,47.0,23.6,65,12.6,karachi
2025-02-14 23:00:00,24.9,44.7,23.6,63,14.7,karachi
2025-02-15 00:00:00,22.9,42.3,23.5,63,15.8,karachi
2025-02-15 01:00:00,21.1,41.0,23.4,62,16.2,karachi
2025-02-15 02:00:00,20.3,40.7,23.0,64,15.3,karachi
2025-02-15 03:00:00,20.1,41.4,22.8,66,15.2,karachi
2025-02-15 04:00:00,20.5,42.0,22.6,68,15.3,karachi
2025-02-15 05:00:00,21.5,43.4,22.4,72,15.3,karachi
2025-02-15 06:00:00,22.2,43.9,22.0,77,16.2,karachi
2025-02-15 07:00:00,24.0,45.6,22.0,78,15.7,karachi
2025-02-15 08:00:00,27.6,49.9,22.5,78,14.1,karachi
2025-02-15 09:00:00,29.9,54.8,24.2,72,11.1,karachi
2025-02-15 10:00:00,30.5,70.5,26.0,64,11.1,karachi
2025-02-15 11:00:00,33.8,97.6,27.6,54,10.0,karachi
2025-02-15 12:00:00,37.1,121.1,28.8,48,10.6,karachi
2025-02-15 13:00:00,38.2,125.3,29.4,46,11.7,karachi
2025-02-15 14:00:00,38.6,120.1,29.4,47,12.5,karachi
2025-02-15 15:00:00,37.8,108.3,28.9,50,13.5,karachi
2025-02-15 16:00:00,36.4,97.8,27.8,55,13.8,karachi
2025-02-15 17:00:00,31.7,78.2,26.5,60,13.3,karachi
2025-02-15 18:00:00,32.1,65.9,24.9,71,11.8,karachi
2025-02-15 19:00:00,33.2,62.6,23.8,80,9.5,karachi
2025-02-15 20:00:00,33.5,59.8,23.3,84,9.6,karachi
2025-02-15 21:00:00,32.8,56.5,23.1,83,10.4,karachi
2025-02-15 22:00:00,31.2,52.0,23.0,82,10.5,karachi
2025-02-15 23:00:00,28.9,47.7,22.8,81,8.1,karachi
2025-02-16 00:00:00,25.8,42.7,22.6,79,8.7,karachi
2025-02-16 01:00:00,22.5,37.0,22.5,79,8.5,karachi
2025-02-16 02:00:00,19.7,32.7,22.2,80,7.9,karachi
2025-02-16 03:00:00,17.9,30.3,22.0,80,9.4,karachi
2025-02-16 04:00:00,17.1,29.9,22.0,80,9.0,karachi
2025-02-16 05:00:00,16.5,28.5,21.9,80,10.3,karachi
2025-02-16 06:00:00,17.2,30.4,21.7,80,10.7,karachi
2025-02-16 07:00:00,19.3,33.3,21.3,83,9.2,karachi
2025-02-16 08:00:00,24.0,39.1,22.0,81,9.7,karachi
2025-02-16 09:00:00,26.6,44.5,24.1,73,8.5,karachi
2025-02-16 10:00:00,26.4,61.5,26.1,61,9.5,karachi
2025-02-16 11:00:00,29.3,93.1,27.9,51,9.4,karachi
2025-02-16 12:00:00,32.5,117.3,29.1,45,10.5,karachi
2025-02-16 13:00:00,33.2,119.2,30.1,39,11.1,karachi
2025-02-16 14:00:00,32.8,113.9,30.2,41,12.4,karachi
2025-02-16 15:00:00,32.4,106.2,29.6,44,14.1,karachi
2025-02-16 16:00:00,31.5,96.9,27.4,52,13.1,karachi
2025-02-16 17:00:00,28.5,79.4,27.0,53,12.7,karachi
2025-02-16 18:00:00,29.0,65.0,25.2,70,13.2,karachi
2025-02-16 19:00:00,28.3,53.1,24.2,75,11.9,karachi
2025-02-16 20:00:00,24.5,40.9,23.9,76,10.1,karachi
2025-02-16 21:00:00,20.5,30.7,23.9,74,11.4,karachi
2025-02-16 22:00:00,18.1,26.0,23.8,74,11.7,karachi
2025-02-16 23:00:00,17.3,25.4,23.5,76,8.2,karachi
2025-02-17 00:00:00,17.3,27.0,23.2,76,8.1,karachi
2025-02-17 01:00:00,16.9,28.5,23.0,76,7.3,karachi
2025-02-17 02:00:00,16.4,29.9,22.9,77,7.9,karachi
2025-02-17 03:00:00,16.1,31.4,22.6,79,9.4,karachi
2025-02-17 04:00:00,16.0,30.6,22.2,82,6.7,karachi
2025-02-17 05:00:00,14.9,28.5,21.5,86,5.7,karachi
2025-02-17 06:00:00,15.9,28.0,20.9,89,4.7,karachi
2025-02-17 07:00:00,20.2,32.0,20.6,88,5.6,karachi
2025-02-17 08:00:00,28.2,40.2,21.0,82,6.4,karachi
2025-02-17 09:00:00,30.6,43.9,23.0,67,4.5,karachi
2025-02-17 10:00:00,27.1,47.1,25.9,44,4.2,karachi
2025-02-17 11:00:00,25.5,43.3,28.3,33,2.8,karachi
2025-02-17 12:00:00,23.3,44.1,29.8,29,3.1,karachi
2025-02-17 13:00:00,23.6,58.8,30.5,29,6.7,karachi
2025-02-17 14:00:00,28.4,82.9,30.5,33,11.8,karachi
2025-02-17 15:00:00,30.7,92.2,29.8,34,13.2,karachi
2025-02-17 16:00:00,32.8,71.0,28.9,36,10.2,karachi
2025-02-17 17:00:00,31.0,61.5,28.8,35,9.1,karachi
2025-02-17 18:00:00,33.2,53.1,27.8,43,9.6,karachi
2025-02-17 19:00:00,34.0,56.2,26.4,49,7.2,karachi
2025-02-17 20:00:00,41.0,67.8,24.9,62,8.9,karachi
2025-02-17 21:00:00,48.0,73.8,24.5,68,7.4,karachi
2025-02-17 22:00:00,45.3,73.6,24.3,75,7.6,karachi
2025-02-17 23:00:00,41.1,75.0,24.1,77,6.0,karachi
2025-02-18 00:00:00,36.7,78.5,24.0,73,6.9,karachi
2025-02-18 01:00:00,33.3,78.9,23.6,71,7.1,karachi
2025-02-18 02:00:00,31.0,77.5,23.0,72,7.7,karachi
2025-02-18 03:00:00,28.5,73.8,22.2,78,8.3,karachi
2025-02-18 04:00:00,25.9,69.4,21.9,84,8.8,karachi
2025-02-18 05:00:00,23.5,63.1,21.5,88,9.0,karachi
2025-02-18 06:00:00,22.4,58.8,21.6,80,9.0,karachi
2025-02-18 07:00:00,23.9,58.1,21.4,80,8.2,karachi
2025-02-18 08:00:00,28.5,59.6,21.6,78,7.3,karachi
2025-02-18 09:00:00,29.7,58.7,23.9,68,4.4,karachi
2025-02-18 10:00:00,25.8,59.4,26.8,50,4.7,karachi
2025-02-18 11:00:00,23.8,62.4,29.1,35,7.6,karachi
2025-02-18 12:00:00,22.9,63.1,30.2,30,9.9,karachi
2025-02-18 13:00:00,21.7,59.0,30.9,28,11.5,karachi
2025-02-18 14:00:00,20.4,54.7,30.8,30,12.9,karachi
2025-02-18 15:00:00,20.1,55.3,30.5,33,13.5,karachi
2025-02-18 16:00:00,20.4,55.9,29.6,37,13.0,karachi
2025-02-18 17:00:00,12.0,30.3,28.3,43,12.8,karachi
2025-02-18 18:00:00,14.3,24.2,26.7,50,10.3,karachi
2025-02-18 19:00:00,15.8,20.2,25.0,64,8.5,karachi
2025-02-18 20:00:00,15.3,17.5,24.1,73,7.0,karachi
2025-02-18 21:00:00,14.3,15.9,23.9,74,8.3,karachi
2025-02-18 22:00:00,13.1,14.6,23.9,74,8.7,karachi
2025-02-18 23:00:00,12.1,13.6,23.8,74,9.7,karachi
2025-02-19 00:00:00,11.0,12.9,23.5,78,11.6,karachi
2025-02-19 01:00:00,9.7,13.3,23.4,78,10.0,karachi
2025-02-19 02:00:00,9.3,17.1,23.1,78,9.1,karachi
2025-02-19 03:00:00,10.0,21.2,23.0,77,8.7,karachi
2025-02-19 04:00:00,11.7,29.5,23.1,76,8.4,karachi
2025-02-19 05:00:00,13.6,36.1,23.1,75,6.9,karachi
2025-02-19 06:00:00,15.5,44.2,23.1,78,7.6,karachi
2025-02-19 07:00:00,19.2,51.6,22.7,81,7.8,karachi
2025-02-19 08:00:00,25.7,59.6,23.0,80,9.3,karachi
2025-02-19 09:00:00,27.8,67.8,25.0,67,10.7,karachi
2025-02-19 10:00:00,26.4,85.7,27.3,50,14.1,karachi
2025-02-19 11:00:00,25.1,84.8,28.5,41,16.5,karachi
2025-02-19 12:00:00,24.2,79.2,29.0,38,19.4,karachi
2025-02-19 13:00:00,23.5,77.1,29.5,36,19.9,karachi
2025-02-19 14:00:00,23.2,73.6,29.5,37,19.5,karachi
2025-02-19 15:00:00,23.7,71.2,29.0,39,20.3,karachi
2025-02-19 16:00:00,24.2,67.3,28.0,46,20.7,karachi
2025-02-19 17:00:00,18.3,47.1,26.8,52,19.2,karachi
2025-02-19 18:00:00,19.0,38.9,26.0,59,17.5,karachi
2025-02-19 19:00:00,18.5,37.4,25.1,64,14.3,karachi
2025-02-19 20:00:00,17.7,36.7,25.0,62,16.9,karachi
2025-02-19 21:00:00,17.1,38.3,25.2,60,19.0,karachi
2025-02-19 22:00:00,17.1,40.9,25.2,58,18.6,karachi
2025-02-19 23:00:00,17.5,44.6,24.9,60,15.1,karachi
2025-02-20 00:00:00,17.8,45.9,24.2,67,13.0,karachi
2025-02-20 01:00:00,17.6,45.1,24.0,70,13.8,karachi
2025-02-20 02:00:00,17.3,43.8,23.8,70,14.4,karachi
2025-02-20 03:00:00,17.5,44.5,23.4,72,12.7,karachi
2025-02-20 04:00:00,18.4,49.5,22.8,76,10.3,karachi
2025-02-20 05:00:00,20.3,55.3,22.1,80,8.3,karachi
2025-02-20 06:00:00,22.4,64.3,21.6,83,4.5,karachi
2025-02-20 07:00:00,27.3,74.7,20.7,88,2.2,karachi
2025-02-20 08:00:00,39.0,87.5,21.0,85,3.6,karachi
2025-02-20 09:00:00,41.2,106.6,22.6,71,3.5,karachi
2025-02-20 10:00:00,45.5,194.6,25.3,50,4.0,karachi
2025-02-20 11:00:00,47.0,224.0,28.0,29,4.0,karachi
2025-02-20 12:00:00,44.8,215.6,29.8,19,2.2,karachi
2025-02-20 13:00:00,44.9,212.8,30.6,15,5.6,karachi
2025-02-20 14:00:00,43.2,196.0,31.1,14,8.2,karachi
2025-02-20 15:00:00,40.6,176.5,31.4,14,9.0,karachi
2025-02-20 16:00:00,38.3,161.6,31.4,14,10.9,karachi
2025-02-20 17:00:00,32.8,137.8,30.6,15,12.4,karachi
2025-02-20 18:00:00,39.9,122.9,29.0,17,10.1,karachi
2025-02-20 19:00:00,48.9,125.3,27.4,22,8.3,karachi
2025-02-20 20:00:00,51.9,126.2,26.2,26,7.6,karachi
2025-02-20 21:00:00,51.2,125.3,25.5,31,7.7,karachi
2025-02-20 22:00:00,48.7,126.2,24.6,42,8.2,karachi
2025-02-20 23:00:00,46.7,130.9,24.1,53,9.0,karachi
2025-02-21 00:00:00,45.4,137.4,23.7,58,8.4,karachi
2025-02-21 01:00:00,43.5,136.0,23.4,63,7.7,karachi
2025-02-21 02:00:00,41.1,130.4,23.0,66,6.3,karachi
2025-02-21 03:00:00,39.9,125.7,22.4,65,6.9,karachi
2025-02-21 04:00:00,38.4,115.5,21.8,65,7.9,karachi
2025-02-21 05:00:00,36.6,112.2,21.2,70,7.2,karachi
2025-02-21 06:00:00,37.0,113.6,21.1,65,6.2,karachi
2025-02-21 07:00:00,40.7,119.7,20.9,63,5.8,karachi
2025-02-21 08:00:00,50.8,126.2,21.2,56,6.6,karachi
2025-02-21 09:00:00,51.9,136.0,23.1,46,3.2,karachi
2025-02-21 10:00:00,49.8,162.1,25.6,35,3.6,karachi
2025-02-21 11:00:00,47.6,159.3,26.7,28,3.5,karachi
2025-02-21 12:00:00,42.8,139.7,27.7,24,3.9,karachi
2025-02-21 13:00:00,35.4,106.6,29.3,21,2.9,karachi
2025-02-21 14:00:00,25.7,96.9,28.2,27,6.0,karachi
2025-02-21 15:00:00,24.6,99.9,28.0,28,7.5,karachi
2025-02-21 16:00:00,25.6,101.0,27.9,32,5.5,karachi
2025-02-21 17:00:00,27.2,104.3,28.0,31,4.7,karachi
2025-02-21 18:00:00,36.0,103.1,27.4,32,5.9,karachi
2025-02-21 19:00:00,61.9,129.9,26.0,43,5.1,karachi
2025-02-21 20:00:00,78.9,145.8,24.9,49,5.6,karachi
2025-02-21 21:00:00,88.7,155.1,24.2,52,7.4,karachi
2025-02-21 22:00:00,93.4,161.1,24.0,49,4.3,karachi
2025-02-21 23:00:00,92.7,161.1,23.8,48,3.2,karachi
2025-02-22 00:00:00,81.3,143.4,22.9,50,4.7,karachi
2025-02-22 01:00:00,74.0,125.7,21.9,48,6.8,karachi
2025-02-22 02:00:00,61.2,93.1,21.5,47,6.3,karachi
2025-02-22 03:00:00,45.9,63.6,21.0,47,5.5,karachi
2025-02-22 04:00:00,34.7,44.0,20.1,49,7.8,karachi
2025-02-22 05:00:00,26.4,30.4,19.3,51,7.8,karachi
2025-02-22 06:00:00,23.3,27.3,18.9,53,7.5,karachi
2025-02-22 07:00:00,23.4,28.1,18.5,53,8.3,karachi
2025-02-22 08:00:00,25.3,31.2,18.9,52,8.0,karachi
2025-02-22 09:00:00,27.0,33.5,20.8,46,6.7,karachi
2025-02-22 10:00:00,25.6,34.2,23.8,38,5.6,karachi
2025-02-22 11:00:00,22.2,35.7,26.6,31,5.2,karachi
2025-02-22 12:00:00,22.5,42.0,28.2,27,4.1,karachi
2025-02-22 13:00:00,23.9,43.9,29.0,26,6.5,karachi
2025-02-22 14:00:00,25.4,44.6,29.2,26,9.3,karachi
2025-02-22 15:00:00,26.7,44.5,29.0,25,11.7,karachi
2025-02-22 16:00:00,28.5,45.8,28.5,24,11.1,karachi
2025-02-22 17:00:00,31.1,50.3,27.9,27,10.1,karachi
2025-02-22 18:00:00,36.1,52.6,26.5,36,8.4,karachi
2025-02-22 19:00:00,40.4,55.3,24.8,49,7.8,karachi
2025-02-22 20:00:00,41.1,58.9,23.8,59,6.9,karachi
2025-02-22 21:00:00,41.8,61.7,23.2,64,6.7,karachi
2025-02-22 22:00:00,43.1,64.3,22.8,64,6.1,karachi
2025-02-22 23:00:00,46.4,68.5,22.0,67,6.9,karachi
2025-02-23 00:00:00,49.2,71.2,21.2,73,7.3,karachi
2025-02-23 01:00:00,48.5,69.4,20.5,78,7.0,karachi
2025-02-23 02:00:00,45.9,65.2,20.2,82,7.5,karachi
2025-02-23 03:00:00,43.3,61.7,20.0,85,7.6,karachi
2025-02-23 04:00:00,41.0,58.3,19.6,86,7.5,karachi
2025-02-23 05:00:00,39.1,55.5,19.4,87,7.2,karachi
2025-02-23 06:00:00,38.2,54.0,19.6,88,6.6,karachi
2025-02-23 07:00:00,40.7,56.7,19.5,90,6.1,karachi
2025-02-23 08:00:00,47.5,61.7,20.0,88,5.3,karachi
2025-02-23 09:00:00,39.6,58.1,22.0,81,2.7,karachi
2025-02-23 10:00:00,32.8,58.7,24.0,71,2.7,karachi
2025-02-23 11:00:00,25.6,48.8,25.9,60,2.3,karachi
2025-02-23 12:00:00,21.6,39.3,27.1,55,6.2,karachi
2025-02-23 13:00:00,20.1,33.4,27.5,56,9.9,karachi
2025-02-23 14:00:00,19.3,30.3,27.5,57,12.1,karachi
2025-02-23 15:00:00,17.9,27.0,27.4,52,12.6,karachi
2025-02-23 16:00:00,15.9,23.3,26.9,53,11.6,karachi
2025-02-23 17:00:00,11.6,14.8,25.8,60,10.7,karachi
2025-02-23 18:00:00,11.6,12.8,24.6,68,9.6,karachi
2025-02-23 19:00:00,17.7,19.3,23.4,77,7.9,karachi
2025-02-23 20:00:00,20.7,22.1,22.8,84,6.7,karachi
2025-02-23 21:00:00,23.9,25.1,22.5,86,5.2,karachi
2025-02-23 22:00:00,27.1,28.3,22.1,88,4.5,karachi
2025-02-23 23:00:00,28.4,29.6,21.7,90,4.4,karachi
2025-02-24 00:00:00,26.8,27.9,21.2,92,4.6,karachi
2025-02-24 01:00:00,24.0,24.9,20.8,94,5.5,karachi
2025-02-24 02:00:00,21.4,22.3,20.5,95,6.1,karachi
2025-02-24 03:00:00,19.7,20.8,20.2,96,6.9,karachi
2025-02-24 04:00:00,17.0,18.2,19.8,98,6.2,karachi
2025-02-24 05:00:00,14.6,17.5,19.5,99,7.1,karachi
2025-02-24 06:00:00,13.3,16.2,20.0,99,6.5,karachi
2025-02-24 07:00:00,15.2,18.4,20.0,99,6.7,karachi
2025-02-24 08:00:00,19.9,23.4,20.4,95,6.5,karachi
2025-02-24 09:00:00,20.3,25.3,21.8,85,4.0,karachi
2025-02-24 10:00:00,16.9,38.0,23.9,74,3.5,karachi
2025-02-24 11:00:00,19.2,62.2,26.2,59,2.9,karachi
2025-02-24 12:00:00,24.3,87.1,28.2,47,3.0,karachi
2025-02-24 13:00:00,29.3,102.2,28.8,48,8.1,karachi
2025-02-24 14:00:00,30.5,101.7,27.9,61,12.1,karachi
2025-02-24 15:00:00,28.6,89.6,27.5,61,11.6,karachi
2025-02-24 16:00:00,25.8,75.0,27.1,60,10.8,karachi
2025-02-24 17:00:00,26.5,71.5,26.2,62,10.6,karachi
2025-02-24 18:00:00,24.7,58.9,25.2,67,9.1,karachi
2025-02-24 19:00:00,24.2,48.9,24.2,74,8.5,karachi
2025-02-24 20:00:00,22.7,48.3,23.5,80,7.4,karachi
2025-02-24 21:00:00,23.6,48.5,22.9,85,5.6,karachi
2025-02-24 22:00:00,27.0,49.8,22.5,89,4.2,karachi
2025-02-24 23:00:00,31.9,54.9,22.0,91,4.5,karachi
2025-02-25 00:00:00,35.6,58.3,21.5,93,6.0,karachi
2025-02-25 01:00:00,35.3,59.1,21.1,94,5.8,karachi
2025-02-25 02:00:00,32.8,59.4,21.0,94,5.2,karachi
2025-02-25 03:00:00,30.7,60.3,20.6,95,4.4,karachi
2025-02-25 04:00:00,28.6,59.5,20.5,95,4.5,karachi
2025-02-25 05:00:00,28.3,60.5,20.2,94,4.8,karachi
2025-02-25 06:00:00,25.8,60.5,20.4,91,6.4,karachi
2025-02-25 07:00:00,27.4,63.8,20.4,88,6.2,karachi
2025-02-25 08:00:00,36.4,70.1,20.7,83,4.4,karachi
2025-02-25 09:00:00,41.7,79.9,22.6,71,2.0,karachi
2025-02-25 10:00:00,33.4,106.9,25.2,55,2.3,karachi
2025-02-25 11:00:00,30.0,114.3,27.4,42,3.0,karachi
2025-02-25 12:00:00,29.7,115.5,28.2,38,4.1,karachi
2025-02-25 13:00:00,30.2,118.3,28.9,37,5.8,karachi
2025-02-25 14:00:00,30.4,117.6,29.1,35,7.0,karachi
2025-02-25 15:00:00,29.3,110.4,29.0,35,7.7,karachi
2025-02-25 16:00:00,27.3,96.2,28.8,34,7.2,karachi
2025-02-25 17:00:00,29.0,90.8,28.0,38,7.5,karachi
2025-02-25 18:00:00,31.7,73.6,26.8,45,6.1,karachi
2025-02-25 19:00:00,39.0,67.8,25.7,53,6.4,karachi
2025-02-25 20:00:00,44.4,67.5,25.0,59,7.0,karachi
2025-02-25 21:00:00,47.4,68.9,24.2,65,7.5,karachi
2025-02-25 22:00:00,47.4,69.4,23.5,70,8.0,karachi
2025-02-25 23:00:00,44.4,67.3,23.0,76,6.8,karachi
2025-02-26 00:00:00,38.0,62.2,22.6,80,6.0,karachi
2025-02-26 01:00:00,30.5,55.4,22.1,83,6.1,karachi
2025-02-26 02:00:00,25.0,49.7,21.7,86,5.2,karachi
2025-02-26 03:00:00,21.5,45.4,21.1,89,5.0,karachi
2025-02-26 04:00:00,19.4,43.1,20.5,92,5.2,karachi
2025-02-26 05:00:00,17.3,42.1,20.0,94,6.6,karachi
2025-02-26 06:00:00,16.8,40.7,20.1,97,7.7,karachi
2025-02-26 07:00:00,18.3,39.9,20.1,96,6.7,karachi
2025-02-26 08:00:00,23.6,42.4,20.4,93,3.9,karachi
2025-02-26 09:00:00,23.9,44.4,22.0,84,1.7,karachi
2025-02-26 10:00:00,18.5,50.4,24.7,66,2.6,karachi
2025-02-26 11:00:00,16.5,63.1,27.2,49,3.8,karachi
2025-02-26 12:00:00,17.3,78.0,28.5,44,6.9,karachi
2025-02-26 13:00:00,18.6,85.9,28.8,46,9.8,karachi
2025-02-26 14:00:00,19.2,82.7,29.1,43,10.4,karachi
2025-02-26 15:00:00,18.6,78.2,29.8,35,10.4,karachi
2025-02-26 16:00:00,17.5,71.5,29.4,35,10.1,karachi
2025-02-26 17:00:00,15.9,52.4,28.4,39,9.4,karachi
2025-02-26 18:00:00,18.0,39.1,26.5,53,10.0,karachi
2025-02-26 19:00:00,23.1,34.3,25.1,61,7.7,karachi
2025-02-26 20:00:00,25.1,32.8,23.9,69,5.6,karachi
2025-02-26 21:00:00,26.1,33.1,23.2,73,6.0,karachi
2025-02-26 22:00:00,27.5,34.7,22.6,79,7.8,karachi
2025-02-26 23:00:00,27.8,35.2,22.0,87,8.8,karachi
2025-02-27 00:00:00,24.0,31.2,21.8,90,7.5,karachi
2025-02-27 01:00:00,18.3,24.7,21.6,88,8.7,karachi
2025-02-27 02:00:00,14.0,18.8,21.5,88,7.6,karachi
2025-02-27 03:00:00,11.3,14.6,21.0,91,7.5,karachi
2025-02-27 04:00:00,9.6,12.1,20.8,92,6.8,karachi
2025-02-27 05:00:00,7.9,10.7,20.7,92,6.2,karachi
2025-02-27 06:00:00,9.1,11.8,20.8,96,6.8,karachi
2025-02-27 07:00:00,12.8,15.4,21.0,96,7.3,karachi
2025-02-27 08:00:00,20.4,22.9,21.4,94,6.6,karachi
2025-02-27 09:00:00,14.7,18.3,23.0,85,10.6,karachi
2025-02-27 10:00:00,13.7,17.8,24.5,72,9.0,karachi
2025-02-27 11:00:00,12.8,18.0,25.8,66,9.6,karachi
2025-02-27 12:00:00,13.0,19.2,26.3,63,9.3,karachi
2025-02-27 13:00:00,13.4,21.0,27.0,59,11.5,karachi
2025-02-27 14:00:00,14.1,23.7,26.5,63,12.8,karachi
2025-02-27 15:00:00,14.5,26.8,26.4,63,12.9,karachi
2025-02-27 16:00:00,14.7,30.7,26.1,64,12.9,karachi
2025-02-27 17:00:00,18.6,47.0,25.6,66,12.0,karachi
2025-02-27 18:00:00,19.2,47.5,24.8,74,11.3,karachi
2025-02-27 19:00:00,21.9,44.0,24.1,79,10.3,karachi
2025-02-27 20:00:00,23.7,45.8,23.8,82,11.5,karachi
2025-02-27 21:00:00,24.9,48.3,23.5,85,10.8,karachi
2025-02-27 22:00:00,25.5,50.9,23.4,86,10.7,karachi
2025-02-27 23:00:00,25.6,52.6,23.0,88,10.6,karachi
2025-02-28 00:00:00,24.8,52.6,22.8,90,11.4,karachi
2025-02-28 01:00:00,23.7,50.9,22.6,92,12.1,karachi
2025-02-28 02:00:00,23.1,48.9,22.5,92,11.8,karachi
2025-02-28 03:00:00,22.5,47.3,22.3,92,11.2,karachi
2025-02-28 04:00:00,21.7,45.1,22.1,92,11.1,karachi
2025-02-28 05:00:00,19.7,40.6,22.0,91,11.3,karachi
2025-02-28 06:00:00,18.8,38.6,22.1,91,9.7,karachi
2025-02-28 07:00:00,20.1,39.5,22.3,90,11.3,karachi
2025-02-28 08:00:00,24.5,45.8,23.2,83,13.0,karachi
2025-02-28 09:00:00,27.4,64.7,24.4,72,14.5,karachi
2025-02-28 10:00:00,33.4,97.8,25.0,68,15.0,karachi
2025-02-28 11:00:00,39.7,115.5,26.1,62,14.1,karachi
2025-02-28 12:00:00,39.7,106.6,27.1,58,16.3,karachi
2025-02-28 13:00:00,37.8,92.7,27.2,59,18.7,karachi
2025-02-28 14:00:00,35.5,79.2,27.1,59,20.0,karachi
2025-02-28 15:00:00,33.9,69.2,27.1,54,20.0,karachi
2025-02-28 16:00:00,33.3,63.1,26.7,55,19.2,karachi
2025-02-28 17:00:00,27.1,49.8,25.7,62,17.5,karachi
2025-02-28 18:00:00,27.5,47.0,24.9,65,16.7,karachi
2025-02-28 19:00:00,28.8,45.3,24.2,69,15.3,karachi
2025-02-28 20:00:00,28.5,45.6,24.0,70,16.2,karachi
2025-02-28 21:00:00,27.5,45.6,23.9,71,17.2,karachi
2025-02-28 22:00:00,26.9,46.7,23.6,73,17.6,karachi
2025-02-28 23:00:00,26.6,47.7,23.4,76,17.7,karachi
2025-03-01 00:00:00,26.3,47.7,23.2,76,16.8,karachi
2025-03-01 01:00:00,25.4,45.3,23.0,75,15.6,karachi
2025-03-01 02:00:00,24.6,41.8,22.8,77,14.1,karachi
2025-03-01 03:00:00,24.1,39.7,22.4,81,12.6,karachi
2025-03-01 04:00:00,24.0,38.6,22.1,82,11.8,karachi
2025-03-01 05:00:00,24.4,38.1,21.8,84,11.6,karachi
2025-03-01 06:00:00,24.9,38.1,21.6,86,9.6,karachi
2025-03-01 07:00:00,27.8,40.4,21.2,89,7.1,karachi
2025-03-01 08:00:00,36.6,48.4,21.9,86,7.2,karachi
2025-03-01 09:00:00,33.8,52.6,23.8,75,9.2,karachi
2025-03-01 10:00:00,33.4,75.2,25.2,64,8.2,karachi
2025-03-01 11:00:00,36.6,101.5,26.6,56,8.1,karachi
2025-03-01 12:00:00,38.3,112.7,27.6,49,10.8,karachi
2025-03-01 13:00:00,36.2,97.8,27.9,47,13.4,karachi
2025-03-01 14:00:00,32.9,82.4,27.5,52,14.1,karachi
2025-03-01 15:00:00,29.6,69.8,27.0,56,14.0,karachi
2025-03-01 16:00:00,26.7,59.3,26.5,56,13.8,karachi
2025-03-01 17:00:00,28.2,68.7,25.5,60,13.0,karachi
2025-03-01 18:00:00,27.0,56.6,24.6,67,10.9,karachi
2025-03-01 19:00:00,27.7,46.1,23.6,74,9.9,karachi
2025-03-01 20:00:00,28.6,42.8,23.2,77,8.6,karachi
2025-03-01 21:00:00,28.6,40.2,22.8,78,7.2,karachi
2025-03-01 22:00:00,28.1,37.8,22.4,77,6.5,karachi
2025-03-01 23:00:00,27.7,36.3,22.0,77,6.5,karachi
2025-03-02 00:00:00,27.3,34.9,21.5,77,6.9,karachi
2025-03-02 01:00:00,25.6,32.1,20.9,80,6.1,karachi
2025-03-02 02:00:00,24.0,29.6,20.2,83,6.4,karachi
2025-03-02 03:00:00,23.9,29.5,19.7,84,6.8,karachi
2025-03-02 04:00:00,23.7,29.0,19.2,85,6.5,karachi
2025-03-02 05:00:00,27.5,33.4,18.6,88,7.3,karachi
2025-03-02 06:00:00,30.3,34.7,18.5,89,6.1,karachi
2025-03-02 07:00:00,34.7,41.2,18.1,90,6.5,karachi
2025-03-02 08:00:00,36.4,45.5,18.5,88,6.3,karachi
2025-03-02 09:00:00,31.7,44.2,20.6,75,4.7,karachi
2025-03-02 10:00:00,29.1,44.0,23.5,56,1.4,karachi
2025-03-02 11:00:00,28.4,48.3,25.9,46,3.2,karachi
2025-03-02 12:00:00,29.9,68.7,27.1,43,7.0,karachi
2025-03-02 13:00:00,32.2,78.7,27.4,44,10.4,karachi
2025-03-02 14:00:00,33.1,74.0,27.6,43,12.9,karachi
2025-03-02 15:00:00,33.5,62.9,27.0,44,15.0,karachi
2025-03-02 16:00:00,30.3,53.9,26.2,49,14.8,karachi
2025-03-02 17:00:00,27.0,48.0,25.2,57,13.8,karachi
2025-03-02 18:00:00,24.0,41.2,24.0,64,13.2,karachi
2025-03-02 19:00:00,24.3,39.0,23.3,70,11.7,karachi
2025-03-02 20:00:00,22.6,36.1,23.1,72,10.8,karachi
2025-03-02 21:00:00,20.6,31.8,23.0,73,10.2,karachi
2025-03-02 22:00:00,19.2,27.7,22.8,77,8.5,karachi
2025-03-02 23:00:00,18.1,24.8,22.5,79,8.1,karachi
2025-03-03 00:00:00,17.4,23.0,22.3,82,8.7,karachi
2025-03-03 01:00:00,16.1,21.4,22.0,87,10.0,karachi
2025-03-03 02:00:00,14.9,20.8,21.8,89,9.9,karachi
2025-03-03 03:00:00,14.1,21.6,21.6,90,10.7,karachi
2025-03-03 04:00:00,13.8,24.4,21.5,91,10.7,karachi
2025-03-03 05:00:00,13.7,27.6,21.3,92,11.1,karachi
2025-03-03 06:00:00,14.6,29.9,21.5,92,11.3,karachi
2025-03-03 07:00:00,16.9,33.5,21.5,91,12.2,karachi
2025-03-03 08:00:00,20.7,39.6,22.4,85,13.7,karachi
2025-03-03 09:00:00,23.9,59.5,24.0,75,15.3,karachi
2025-03-03 10:00:00,26.8,72.2,25.4,65,14.5,karachi
2025-03-03 11:00:00,29.6,87.3,26.5,59,16.3,karachi
2025-03-03 12:00:00,32.5,105.9,27.5,47,17.8,karachi
2025-03-03 13:00:00,35.4,123.9,28.3,39,16.5,karachi
2025-03-03 14:00:00,37.7,136.9,28.6,37,15.3,karachi
2025-03-03 15:00:00,39.0,143.4,28.4,40,14.8,karachi
2025-03-03 16:00:00,39.2,141.1,27.5,47,13.9,karachi
2025-03-03 17:00:00,34.5,113.9,26.5,54,13.8,karachi
2025-03-03 18:00:00,34.0,98.0,25.0,69,12.4,karachi
2025-03-03 19:00:00,34.8,81.5,24.0,75,9.9,karachi
2025-03-03 20:00:00,36.6,85.7,23.6,79,8.8,karachi
2025-03-03 21:00:00,38.4,92.2,23.5,79,8.1,karachi
2025-03-03 22:00:00,40.7,100.6,23.1,79,7.3,karachi
2025-03-03 23:00:00,44.7,115.5,22.8,76,6.8,karachi
2025-03-04 00:00:00,48.7,125.7,22.4,77,8.6,karachi
2025-03-04 01:00:00,52.0,138.8,21.5,82,10.5,karachi
2025-03-04 02:00:00,49.0,118.0,21.2,80,12.2,karachi
2025-03-04 03:00:00,43.2,102.0,21.2,67,11.2,karachi
2025-03-04 04:00:00,40.7,102.2,20.6,54,10.7,karachi
2025-03-04 05:00:00,36.9,84.1,19.5,50,9.7,karachi
2025-03-04 06:00:00,38.2,95.5,19.6,46,7.6,karachi
2025-03-04 07:00:00,41.6,104.8,19.0,41,7.7,karachi
2025-03-04 08:00:00,48.5,115.5,19.6,33,8.1,karachi
2025-03-04 09:00:00,51.2,174.2,22.0,21,6.7,karachi
2025-03-04 10:00:00,54.6,239.3,24.4,11,8.7,karachi
2025-03-04 11:00:00,48.5,226.3,26.4,8,6.9,karachi
2025-03-04 12:00:00,39.1,174.2,28.0,7,5.1,karachi
2025-03-04 13:00:00,31.3,127.6,29.0,7,4.6,karachi
2025-03-04 14:00:00,26.6,97.8,29.4,8,6.6,karachi
2025-03-04 15:00:00,22.8,76.4,29.1,15,8.9,karachi
2025-03-04 16:00:00,19.6,59.5,29.0,18,8.6,karachi
2025-03-04 17:00:00,16.4,43.7,28.5,21,5.9,karachi
2025-03-04 18:00:00,16.8,38.3,27.2,19,7.3,karachi
2025-03-04 19:00:00,31.0,47.5,26.0,21,6.4,karachi
2025-03-04 20:00:00,34.0,49.6,24.9,21,5.1,karachi
2025-03-04 21:00:00,28.5,41.1,24.5,18,5.9,karachi
2025-03-04 22:00:00,26.4,41.3,24.6,11,8.3,karachi
2025-03-04 23:00:00,27.0,47.7,23.6,13,9.6,karachi
2025-03-05 00:00:00,27.4,53.8,22.0,15,9.9,karachi
2025-03-05 01:00:00,26.3,55.8,21.0,17,10.0,karachi
2025-03-05 02:00:00,24.2,52.6,20.3,19,9.0,karachi
2025-03-05 03:00:00,21.5,46.4,19.5,22,8.4,karachi
2025-03-05 04:00:00,19.4,40.3,18.8,24,8.5,karachi
2025-03-05 05:00:00,16.6,29.8,18.0,25,8.2,karachi
2025-03-05 06:00:00,16.6,28.3,17.3,24,8.2,karachi
2025-03-05 07:00:00,19.4,30.9,16.8,24,8.6,karachi
2025-03-05 08:00:00,24.3,36.2,17.0,22,8.1,karachi
2025-03-05 09:00:00,27.3,42.3,19.0,19,6.8,karachi
2025-03-05 10:00:00,26.5,54.1,22.7,14,7.5,karachi
2025-03-05 11:00:00,21.8,45.2,25.7,10,8.6,karachi
2025-03-05 12:00:00,15.8,30.3,27.8,7,7.2,karachi
2025-03-05 13:00:00,12.8,24.0,29.2,5,4.5,karachi
2025-03-05 14:00:00,12.2,23.3,30.0,5,1.7,karachi
2025-03-05 15:00:00,13.8,25.8,30.0,7,8.7,karachi
2025-03-05 16:00:00,15.6,28.1,28.8,21,11.8,karachi
2025-03-05 17:00:00,14.4,24.5,28.5,17,11.1,karachi
2025-03-05 18:00:00,17.3,25.9,27.0,21,11.5,karachi
2025-03-05 19:00:00,26.5,33.8,24.9,30,9.6,karachi
2025-03-05 20:00:00,27.6,34.8,23.5,40,8.1,karachi
2025-03-05 21:00:00,26.7,34.3,22.9,48,8.6,karachi
2025-03-05 22:00:00,26.2,35.4,22.1,57,8.4,karachi
2025-03-05 23:00:00,26.7,37.1,21.5,63,8.1,karachi
2025-03-06 00:00:00,27.1,38.1,20.9,69,7.7,karachi
2025-03-06 01:00:00,25.0,36.3,20.5,73,8.2,karachi
2025-03-06 02:00:00,21.4,33.9,20.2,76,8.5,karachi
2025-03-06 03:00:00,19.2,32.8,20.0,78,8.2,karachi
2025-03-06 04:00:00,17.8,31.8,19.9,78,9.3,karachi
2025-03-06 05:00:00,16.2,29.7,19.8,80,9.8,karachi
2025-03-06 06:00:00,16.4,29.9,19.8,77,10.7,karachi
2025-03-06 07:00:00,19.0,32.0,19.6,82,10.4,karachi
2025-03-06 08:00:00,24.7,36.6,20.5,79,9.0,karachi
2025-03-06 09:00:00,26.0,40.9,22.9,67,7.0,karachi
2025-03-06 10:00:00,25.5,47.0,26.0,43,6.9,karachi
2025-03-06 11:00:00,24.6,48.3,28.9,27,6.9,karachi
2025-03-06 12:00:00,20.9,41.6,30.9,21,8.3,karachi
2025-03-06 13:00:00,17.6,35.6,32.0,19,10.6,karachi
2025-03-06 14:00:00,17.6,35.7,32.2,20,12.7,karachi
2025-03-06 15:00:00,18.9,37.8,32.0,20,13.9,karachi
2025-03-06 16:00:00,20.5,38.4,31.2,22,12.4,karachi
2025-03-06 17:00:00,13.6,18.2,29.6,30,11.7,karachi
2025-03-06 18:00:00,16.5,19.7,27.6,41,10.4,karachi
2025-03-06 19:00:00,19.8,23.5,25.4,57,8.5,karachi
2025-03-06 20:00:00,20.7,25.7,24.2,71,7.2,karachi
2025-03-06 21:00:00,20.3,27.8,23.6,79,6.2,karachi
2025-03-06 22:00:00,19.8,30.0,23.4,81,5.4,karachi
2025-03-06 23:00:00,19.6,31.9,23.0,81,6.8,karachi
2025-03-07 00:00:00,19.1,32.5,22.6,79,7.6,karachi
2025-03-07 01:00:00,17.9,32.2,22.3,78,7.5,karachi
2025-03-07 02:00:00,16.5,30.4,22.0,78,7.2,karachi
2025-03-07 03:00:00,15.5,27.5,22.0,75,7.3,karachi
2025-03-07 04:00:00,14.8,24.4,21.6,76,5.9,karachi
2025-03-07 05:00:00,14.4,21.7,21.0,79,4.7,karachi
2025-03-07 06:00:00,15.7,22.8,20.0,86,2.8,karachi
2025-03-07 07:00:00,19.6,27.6,19.5,86,5.2,karachi
2025-03-07 08:00:00,27.2,36.4,20.5,73,4.2,karachi
2025-03-07 09:00:00,30.5,44.6,23.6,52,2.9,karachi
2025-03-07 10:00:00,28.1,59.3,27.6,32,1.0,karachi
2025-03-07 11:00:00,27.3,67.1,30.9,24,3.2,karachi
2025-03-07 12:00:00,25.9,69.2,32.0,27,6.2,karachi
2025-03-07 13:00:00,24.8,72.6,32.3,32,10.5,karachi
2025-03-07 14:00:00,24.9,71.2,32.5,33,11.9,karachi
2025-03-07 15:00:00,23.8,60.1,33.1,28,11.5,karachi
2025-03-07 16:00:00,22.7,52.9,33.0,25,11.7,karachi
2025-03-07 17:00:00,19.8,41.8,31.9,26,11.4,karachi
2025-03-07 18:00:00,23.3,42.4,30.2,34,9.1,karachi
2025-03-07 19:00:00,25.3,45.9,27.7,43,7.6,karachi
2025-03-07 20:00:00,26.5,51.0,26.0,55,8.9,karachi
2025-03-07 21:00:00,27.0,55.9,25.1,67,10.0,karachi
2025-03-07 22:00:00,26.7,60.1,24.8,62,11.8,karachi
2025-03-07 23:00:00,26.7,61.7,24.3,66,10.9,karachi
2025-03-08 00:00:00,26.4,60.8,24.0,66,8.5,karachi
2025-03-08 01:00:00,25.6,58.1,23.5,67,7.6,karachi
2025-03-08 02:00:00,24.6,53.9,23.1,70,8.0,karachi
2025-03-08 03:00:00,23.5,51.2,22.8,71,8.0,karachi
2025-03-08 04:00:00,22.6,52.4,22.5,70,8.0,karachi
2025-03-08 05:00:00,22.0,55.5,22.3,64,9.1,karachi
2025-03-08 06:00:00,22.4,61.0,22.1,56,7.9,karachi
2025-03-08 07:00:00,24.5,66.4,22.2,46,8.3,karachi
2025-03-08 08:00:00,29.2,70.8,23.5,34,9.0,karachi
2025-03-08 09:00:00,33.2,72.6,26.8,25,7.5,karachi
2025-03-08 10:00:00,30.7,102.9,31.0,18,7.1,karachi
2025-03-08 11:00:00,27.0,133.2,33.9,15,10.6,karachi
2025-03-08 12:00:00,23.9,119.2,35.5,14,12.0,karachi
2025-03-08 13:00:00,22.9,104.3,36.5,13,12.1,karachi
2025-03-08 14:00:00,21.1,91.7,36.5,14,13.9,karachi
2025-03-08 15:00:00,19.8,85.0,35.5,15,16.4,karachi
2025-03-08 16:00:00,20.8,85.0,33.8,19,16.5,karachi
2025-03-08 17:00:00,18.5,73.3,31.2,27,14.7,karachi
2025-03-08 18:00:00,19.0,58.8,29.5,39,9.5,karachi
2025-03-08 19:00:00,19.0,46.7,27.8,52,8.0,karachi
2025-03-08 20:00:00,17.8,42.1,27.4,51,6.7,karachi
2025-03-08 21:00:00,16.8,38.9,27.2,51,6.8,karachi
2025-03-08 22:00:00,17.2,39.9,27.0,50,9.7,karachi
2025-03-08 23:00:00,19.2,44.8,26.6,50,9.8,karachi
2025-03-09 00:00:00,20.5,48.1,26.0,51,9.9,karachi
2025-03-09 01:00:00,20.6,48.4,25.6,53,10.1,karachi
2025-03-09 02:00:00,20.5,47.0,25.1,56,7.8,karachi
2025-03-09 03:00:00,20.8,44.5,24.6,58,6.1,karachi
2025-03-09 04:00:00,21.4,42.5,24.0,61,4.6,karachi
2025-03-09 05:00:00,22.0,43.8,23.2,63,4.6,karachi
2025-03-09 06:00:00,23.2,41.3,22.6,59,6.3,karachi
2025-03-09 07:00:00,26.8,43.5,22.6,53,8.4,karachi
2025-03-09 08:00:00,32.8,48.2,24.1,39,9.3,karachi
2025-03-09 09:00:00,36.2,54.7,27.3,30,8.3,karachi
2025-03-09 10:00:00,31.5,65.2,31.7,21,6.8,karachi
2025-03-09 11:00:00,29.8,75.7,34.6,15,5.5,karachi
2025-03-09 12:00:00,30.3,90.8,36.0,14,3.7,karachi
2025-03-09 13:00:00,29.1,90.1,36.5,14,5.5,karachi
2025-03-09 14:00:00,26.2,79.9,36.0,18,12.1,karachi
2025-03-09 15:00:00,25.0,72.2,35.4,21,13.7,karachi
2025-03-09 16:00:00,25.1,61.0,34.7,20,12.4,karachi
2025-03-09 17:00:00,27.6,62.6,33.6,24,10.1,karachi
2025-03-09 18:00:00,32.6,57.4,30.6,36,10.2,karachi
2025-03-09 19:00:00,33.8,59.4,28.2,50,9.0,karachi
2025-03-09 20:00:00,33.4,60.5,27.2,56,8.2,karachi
2025-03-09 21:00:00,32.7,61.7,26.6,60,6.3,karachi
2025-03-09 22:00:00,32.1,62.2,26.1,64,6.6,karachi
2025-03-09 23:00:00,31.7,61.9,25.7,66,6.7,karachi
2025-03-10 00:00:00,31.2,61.7,25.2,67,6.7,karachi
2025-03-10 01:00:00,29.5,60.3,24.9,65,7.4,karachi
2025-03-10 02:00:00,26.9,57.7,24.6,62,8.0,karachi
2025-03-10 03:00:00,24.2,55.1,24.5,58,8.0,karachi
2025-03-10 04:00:00,21.7,52.4,24.2,57,7.1,karachi
2025-03-10 05:00:00,20.1,49.1,23.8,59,6.8,karachi
2025-03-10 06:00:00,20.2,49.6,22.5,68,6.9,karachi
2025-03-10 07:00:00,24.0,53.7,22.1,67,6.8,karachi
2025-03-10 08:00:00,33.1,56.5,23.0,62,6.1,karachi
2025-03-10 09:00:00,31.1,49.7,26.3,51,3.8,karachi
2025-03-10 10:00:00,26.0,42.8,29.5,40,4.2,karachi
2025-03-10 11:00:00,22.2,39.1,32.4,29,5.9,karachi
2025-03-10 12:00:00,18.7,37.0,34.3,20,8.6,karachi
2025-03-10 13:00:00,16.7,35.7,35.6,14,10.7,karachi
2025-03-10 14:00:00,15.5,34.8,36.2,12,11.4,karachi
2025-03-10 15:00:00,14.8,31.9,36.2,11,12.0,karachi
2025-03-10 16:00:00,14.5,29.9,35.5,12,12.0,karachi
2025-03-10 17:00:00,15.3,28.8,34.2,16,11.4,karachi
2025-03-10 18:00:00,22.4,32.8,32.1,27,9.4,karachi
2025-03-10 19:00:00,30.6,39.6,29.7,36,9.2,karachi
2025-03-10 20:00:00,35.6,44.1,28.0,43,8.4,karachi
2025-03-10 21:00:00,38.0,46.7,27.1,48,7.6,karachi
2025-03-10 22:00:00,38.9,48.1,26.5,48,6.8,karachi
2025-03-10 23:00:00,39.1,48.8,25.6,52,6.8,karachi
2025-03-11 00:00:00,37.4,47.6,24.9,56,6.7,karachi
2025-03-11 01:00:00,32.7,43.0,24.2,60,7.5,karachi
2025-03-11 02:00:00,27.1,36.7,23.6,63,8.6,karachi
2025-03-11 03:00:00,22.5,31.5,23.2,63,9.0,karachi
2025-03-11 04:00:00,19.0,28.1,22.9,62,9.1,karachi
2025-03-11 05:00:00,15.8,24.0,22.5,62,9.4,karachi
2025-03-11 06:00:00,15.4,23.5,21.9,58,8.6,karachi
2025-03-11 07:00:00,18.9,26.7,21.5,55,8.0,karachi
2025-03-11 08:00:00,28.3,34.6,22.5,48,6.1,karachi
2025-03-11 09:00:00,30.2,38.0,26.1,35,3.1,karachi
2025-03-11 10:00:00,24.3,39.0,29.6,26,0.9,karachi
2025-03-11 11:00:00,22.4,38.9,32.2,21,1.5,karachi
2025-03-11 12:00:00,19.1,35.9,33.8,21,5.4,karachi
2025-03-11 13:00:00,16.5,31.7,34.1,27,9.0,karachi
2025-03-11 14:00:00,15.6,28.6,34.2,30,10.5,karachi
2025-03-11 15:00:00,16.2,27.9,34.5,26,11.4,karachi
2025-03-11 16:00:00,16.4,27.7,34.0,25,11.8,karachi
2025-03-11 17:00:00,13.3,16.9,32.3,31,11.4,karachi
2025-03-11 18:00:00,17.9,23.1,30.2,46,10.3,karachi
2025-03-11 19:00:00,23.7,30.3,27.8,60,8.3,karachi
2025-03-11 20:00:00,26.7,33.6,26.6,67,7.8,karachi
2025-03-11 21:00:00,28.1,35.0,26.0,73,10.1,karachi
2025-03-11 22:00:00,27.6,34.6,25.4,74,10.1,karachi
2025-03-11 23:00:00,26.3,33.5,24.9,75,9.7,karachi
2025-03-12 00:00:00,24.3,32.0,24.4,76,9.2,karachi
2025-03-12 01:00:00,22.1,30.3,23.9,78,7.9,karachi
2025-03-12 02:00:00,19.8,28.3,23.5,79,8.0,karachi
2025-03-12 03:00:00,17.7,26.1,23.1,80,8.5,karachi
2025-03-12 04:00:00,15.9,24.0,22.8,79,7.3,karachi
2025-03-12 05:00:00,14.4,19.8,22.5,79,6.2,karachi
2025-03-12 06:00:00,15.8,22.0,21.9,83,5.1,karachi
2025-03-12 07:00:00,20.2,27.1,22.1,83,4.9,karachi
2025-03-12 08:00:00,29.7,35.5,23.4,79,5.7,karachi
2025-03-12 09:00:00,25.4,31.1,26.0,68,4.9,karachi
2025-03-12 10:00:00,20.6,26.9,28.7,53,6.6,karachi
2025-03-12 11:00:00,18.0,27.2,30.8,41,8.9,karachi
2025-03-12 12:00:00,17.9,33.5,32.1,36,11.7,karachi
2025-03-12 13:00:00,16.9,35.4,32.7,33,13.3,karachi
2025-03-12 14:00:00,15.8,32.2,32.8,33,14.3,karachi
2025-03-12 15:00:00,14.9,29.2,32.5,35,14.1,karachi
2025-03-12 16:00:00,14.6,27.6,31.8,39,13.3,karachi
2025-03-12 17:00:00,13.5,22.9,30.5,42,12.9,karachi
2025-03-12 18:00:00,14.7,20.0,28.3,56,11.6,karachi
2025-03-12 19:00:00,17.5,22.1,26.9,67,10.4,karachi
2025-03-12 20:00:00,18.2,23.7,26.4,70,9.0,karachi
2025-03-12 21:00:00,17.9,23.8,26.2,70,9.9,karachi
2025-03-12 22:00:00,16.7,23.0,26.0,69,7.7,karachi
2025-03-12 23:00:00,15.5,21.7,25.5,69,8.0,karachi
2025-03-13 00:00:00,14.3,20.4,25.3,71,10.5,karachi
2025-03-13 01:00:00,12.9,19.1,25.1,73,10.7,karachi
2025-03-13 02:00:00,11.9,18.4,24.9,76,10.3,karachi
2025-03-13 03:00:00,11.7,18.7,24.6,78,10.1,karachi
2025-03-13 04:00:00,11.6,19.1,24.5,77,9.9,karachi
2025-03-13 05:00:00,9.6,12.3,24.2,77,10.2,karachi
2025-03-13 06:00:00,10.3,17.5,24.5,80,10.6,karachi
2025-03-13 07:00:00,12.6,22.7,24.5,80,10.2,karachi
2025-03-13 08:00:00,17.0,29.2,25.5,75,8.6,karachi
2025-03-13 09:00:00,19.4,36.7,27.8,65,10.2,karachi
2025-03-13 10:00:00,20.3,49.1,29.8,55,10.9,karachi
2025-03-13 11:00:00,20.5,57.3,31.4,47,12.3,karachi
2025-03-13 12:00:00,17.8,49.8,32.3,42,13.7,karachi
2025-03-13 13:00:00,15.3,39.9,33.0,40,14.0,karachi
2025-03-13 14:00:00,15.0,36.8,33.1,40,15.1,karachi
2025-03-13 15:00:00,15.6,36.9,32.4,44,15.2,karachi
2025-03-13 16:00:00,16.4,36.6,31.6,45,14.6,karachi
2025-03-13 17:00:00,14.5,33.8,30.5,49,14.3,karachi
2025-03-13 18:00:00,16.6,30.5,28.6,57,13.2,karachi
2025-03-13 19:00:00,18.8,30.0,27.2,64,14.4,karachi
2025-03-13 20:00:00,19.2,30.4,26.9,65,12.5,karachi
2025-03-13 21:00:00,18.6,30.0,26.8,65,11.4,karachi
2025-03-13 22:00:00,17.5,29.5,26.5,66,11.0,karachi
2025-03-13 23:00:00,16.7,28.2,26.1,70,10.5,karachi
2025-03-14 00:00:00,16.0,27.6,25.8,73,10.7,karachi
2025-03-14 01:00:00,15.1,27.0,25.6,74,12.4,karachi
2025-03-14 02:00:00,14.3,26.4,25.5,74,13.4,karachi
2025-03-14 03:00:00,14.0,26.7,25.5,73,12.6,karachi
2025-03-14 04:00:00,14.0,26.8,25.5,70,12.5,karachi
2025-03-14 05:00:00,14.1,25.6,25.5,69,12.8,karachi
2025-03-14 06:00:00,14.7,26.5,25.8,72,16.5,karachi
2025-03-14 07:00:00,16.8,30.0,25.9,70,16.6,karachi
2025-03-14 08:00:00,20.3,35.4,26.8,66,13.9,karachi
2025-03-14 09:00:00,23.6,49.8,28.2,60,14.9,karachi
2025-03-14 10:00:00,27.2,75.2,29.5,53,16.6,karachi
2025-03-14 11:00:00,31.3,107.3,30.5,47,16.0,karachi
2025-03-14 12:00:00,32.8,119.0,31.4,40,15.4,karachi
2025-03-14 13:00:00,32.1,120.6,31.7,37,15.7,karachi
2025-03-14 14:00:00,31.1,115.3,31.5,38,16.0,karachi
2025-03-14 15:00:00,31.5,109.9,30.8,43,17.0,karachi
2025-03-14 16:00:00,32.2,106.9,30.0,45,14.9,karachi
2025-03-14 17:00:00,27.6,86.6,29.0,49,14.3,karachi
2025-03-14 18:00:00,29.0,78.7,27.6,61,14.0,karachi
2025-03-14 19:00:00,30.5,77.5,26.5,70,13.5,karachi
2025-03-14 20:00:00,31.2,80.1,26.0,71,14.0,karachi
2025-03-14 21:00:00,31.1,79.2,26.0,67,15.4,karachi
2025-03-14 22:00:00,30.2,75.9,25.5,69,13.9,karachi
2025-03-14 23:00:00,28.8,70.1,25.1,72,13.4,karachi
2025-03-15 00:00:00,27.4,65.7,24.9,74,12.3,karachi
2025-03-15 01:00:00,26.6,63.6,24.9,72,11.3,karachi
2025-03-15 02:00:00,27.4,66.1,24.5,72,9.8,karachi
2025-03-15 03:00:00,28.5,70.3,24.1,66,8.7,karachi
2025-03-15 04:00:00,29.0,75.2,23.7,62,6.6,karachi
2025-03-15 05:00:00,29.6,88.0,22.8,65,7.2,karachi
2025-03-15 06:00:00,30.2,90.1,22.5,78,8.5,karachi
2025-03-15 07:00:00,33.2,90.1,22.2,74,8.6,karachi
2025-03-15 08:00:00,37.5,86.4,23.1,63,7.3,karachi
2025-03-15 09:00:00,37.4,86.8,25.5,48,5.6,karachi
2025-03-15 10:00:00,35.2,80.3,28.6,34,5.4,karachi
2025-03-15 11:00:00,31.2,77.1,30.6,29,4.4,karachi
2025-03-15 12:00:00,25.7,68.5,32.0,22,2.6,karachi
2025-03-15 13:00:00,20.8,54.1,32.7,19,9.1,karachi
2025-03-15 14:00:00,20.0,48.5,33.0,17,13.2,karachi
2025-03-15 15:00:00,19.6,46.0,32.8,14,15.4,karachi
2025-03-15 16:00:00,19.4,44.8,32.3,14,15.0,karachi
2025-03-15 17:00:00,22.5,53.0,30.9,20,13.6,karachi
2025-03-15 18:00:00,27.9,55.1,28.5,42,12.1,karachi
2025-03-15 19:00:00,34.0,58.1,26.5,54,11.0,karachi
2025-03-15 20:00:00,34.6,59.3,25.9,61,11.2,karachi
2025-03-15 21:00:00,33.3,58.1,25.6,62,11.6,karachi
2025-03-15 22:00:00,31.7,57.0,25.5,60,11.2,karachi
2025-03-15 23:00:00,29.8,55.9,25.1,60,11.5,karachi
2025-03-16 00:00:00,28.1,54.9,24.6,61,12.0,karachi
2025-03-16 01:00:00,26.0,53.8,24.2,64,11.9,karachi
2025-03-16 02:00:00,23.7,52.2,24.1,65,12.7,karachi
2025-03-16 03:00:00,22.0,54.1,24.1,61,13.8,karachi
2025-03-16 04:00:00,21.7,58.6,23.9,62,13.5,karachi
2025-03-16 05:00:00,22.4,64.3,23.4,66,11.9,karachi
2025-03-16 06:00:00,24.1,70.3,23.5,60,11.7,karachi
2025-03-16 07:00:00,27.0,74.5,22.6,54,8.7,karachi
2025-03-16 08:00:00,31.5,72.2,22.8,50,6.2,karachi
2025-03-16 09:00:00,31.8,95.2,24.8,48,5.3,karachi
2025-03-16 10:00:00,29.7,89.2,27.5,37,5.8,karachi
2025-03-16 11:00:00,28.8,76.6,29.5,26,4.3,karachi
2025-03-16 12:00:00,26.7,77.3,31.0,19,2.0,karachi
2025-03-16 13:00:00,23.3,68.9,32.0,16,2.4,karachi
2025-03-16 14:00:00,22.2,65.0,32.5,15,5.1,karachi
2025-03-16 15:00:00,23.1,65.9,32.3,16,10.4,karachi
2025-03-16 16:00:00,24.4,68.5,31.2,25,15.5,karachi
2025-03-16 17:00:00,17.8,47.1,30.0,28,16.9,karachi
2025-03-16 18:00:00,21.0,49.9,28.8,29,12.1,karachi
2025-03-16 19:00:00,26.1,49.9,27.2,40,9.0,karachi
2025-03-16 20:00:00,27.1,50.4,26.5,45,10.1,karachi
2025-03-16 21:00:00,28.8,52.7,26.1,43,10.7,karachi
2025-03-16 22:00:00,33.4,57.7,25.4,50,12.5,karachi
2025-03-16 23:00:00,42.8,66.8,24.9,56,9.3,karachi
2025-03-17 00:00:00,51.5,74.3,24.4,58,8.6,karachi
2025-03-17 01:00:00,54.9,77.1,23.9,57,9.6,karachi
2025-03-17 02:00:00,49.8,71.0,23.2,56,8.7,karachi
2025-03-17 03:00:00,40.4,60.8,22.9,53,9.2,karachi
2025-03-17 04:00:00,32.9,52.6,22.6,51,9.8,karachi
2025-03-17 05:00:00,28.7,48.0,22.3,50,9.4,karachi
2025-03-17 06:00:00,27.2,45.8,21.2,65,7.0,karachi
2025-03-17 07:00:00,31.2,50.8,20.6,67,6.7,karachi
2025-03-17 08:00:00,41.8,56.2,21.6,64,6.3,karachi
2025-03-17 09:00:00,29.9,56.6,24.8,58,3.8,karachi
2025-03-17 10:00:00,24.0,65.0,27.3,53,4.2,karachi
2025-03-17 11:00:00,24.1,69.2,29.5,41,3.7,karachi
2025-03-17 12:00:00,23.3,67.1,31.1,30,6.2,karachi
2025-03-17 13:00:00,21.8,62.6,31.7,27,10.1,karachi
2025-03-17 14:00:00,21.4,61.7,31.8,25,13.5,karachi
2025-03-17 15:00:00,20.9,60.1,31.8,19,14.1,karachi
2025-03-17 16:00:00,19.6,58.0,31.7,16,13.5,karachi
2025-03-17 17:00:00,17.3,51.0,30.9,18,13.0,karachi
2025-03-17 18:00:00,19.8,50.3,29.5,24,11.2,karachi
2025-03-17 19:00:00,22.8,52.5,27.6,34,9.6,karachi
2025-03-17 20:00:00,23.9,55.9,26.3,40,10.0,karachi
2025-03-17 21:00:00,24.0,56.1,25.8,44,9.5,karachi
2025-03-17 22:00:00,23.7,56.2,25.4,48,8.3,karachi
2025-03-17 23:00:00,23.7,56.9,24.8,53,9.1,karachi
2025-03-18 00:00:00,23.9,57.3,24.4,56,9.1,karachi
2025-03-18 01:00:00,23.3,56.1,24.0,60,8.0,karachi
2025-03-18 02:00:00,21.8,53.6,22.9,74,8.4,karachi
2025-03-18 03:00:00,19.8,50.2,22.2,88,8.8,karachi
2025-03-18 04:00:00,17.8,45.2,22.0,91,8.3,karachi
2025-03-18 05:00:00,16.4,40.6,21.5,90,6.5,karachi
2025-03-18 06:00:00,15.7,38.3,21.0,85,3.8,karachi
2025-03-18 07:00:00,18.0,39.3,20.4,86,1.5,karachi
2025-03-18 08:00:00,23.4,41.7,21.5,81,3.1,karachi
2025-03-18 09:00:00,22.6,46.2,24.5,60,4.6,karachi
2025-03-18 10:00:00,18.6,43.3,27.0,50,5.0,karachi
2025-03-18 11:00:00,13.9,35.0,29.1,42,7.7,karachi
2025-03-18 12:00:00,12.2,29.8,30.0,41,11.5,karachi
2025-03-18 13:00:00,11.3,26.3,30.7,36,12.5,karachi
2025-03-18 14:00:00,10.4,24.2,30.8,33,14.0,karachi
2025-03-18 15:00:00,9.7,23.9,30.4,33,14.2,karachi
2025-03-18 16:00:00,9.4,25.8,29.7,35,14.1,karachi
2025-03-18 17:00:00,8.4,24.3,28.6,40,13.2,karachi
2025-03-18 18:00:00,10.7,27.6,27.3,51,11.3,karachi
2025-03-18 19:00:00,15.4,29.3,25.8,64,8.3,karachi
2025-03-18 20:00:00,17.8,32.8,25.0,71,7.4,karachi
2025-03-18 21:00:00,18.7,34.6,24.6,75,6.5,karachi
2025-03-18 22:00:00,18.9,34.3,24.0,77,6.0,karachi
2025-03-18 23:00:00,18.7,33.1,23.5,79,3.7,karachi
2025-03-19 00:00:00,17.9,30.6,23.1,80,5.2,karachi
2025-03-19 01:00:00,16.5,27.0,22.8,83,7.7,karachi
2025-03-19 02:00:00,14.8,23.2,22.5,83,9.5,karachi
2025-03-19 03:00:00,13.5,20.2,22.5,84,10.4,karachi
2025-03-19 04:00:00,12.5,18.1,22.5,85,11.5,karachi
2025-03-19 05:00:00,9.7,13.8,22.5,85,11.5,karachi
2025-03-19 06:00:00,10.3,14.4,22.4,82,10.1,karachi
2025-03-19 07:00:00,12.5,16.6,22.4,80,10.2,karachi
2025-03-19 08:00:00,16.1,19.8,23.6,74,9.6,karachi
2025-03-19 09:00:00,13.8,21.2,25.8,66,12.4,karachi
2025-03-19 10:00:00,12.8,24.9,27.5,51,13.9,karachi
2025-03-19 11:00:00,13.3,30.6,28.7,44,13.9,karachi
2025-03-19 12:00:00,14.1,36.1,29.9,36,13.8,karachi
2025-03-19 13:00:00,14.4,38.8,30.7,31,13.0,karachi
2025-03-19 14:00:00,14.6,41.3,31.0,28,13.7,karachi
2025-03-19 15:00:00,14.8,42.5,30.5,30,14.6,karachi
2025-03-19 16:00:00,15.1,41.7,29.8,34,13.6,karachi
2025-03-19 17:00:00,11.2,26.0,28.6,40,13.0,karachi
2025-03-19 18:00:00,12.9,26.6,26.5,64,11.8,karachi
2025-03-19 19:00:00,16.2,25.9,25.2,74,9.8,karachi
2025-03-19 20:00:00,17.1,26.3,24.8,79,9.3,karachi
2025-03-19 21:00:00,16.9,26.0,24.6,82,10.0,karachi
2025-03-19 22:00:00,16.8,25.6,24.4,84,8.7,karachi
2025-03-19 23:00:00,17.1,26.0,24.0,86,8.8,karachi
2025-03-20 00:00:00,17.8,27.3,23.8,88,5.4,karachi
2025-03-20 01:00:00,17.8,27.9,23.5,90,7.5,karachi
2025-03-20 02:00:00,17.0,27.0,23.1,92,7.7,karachi
2025-03-20 03:00:00,15.7,25.6,23.0,92,9.1,karachi
2025-03-20 04:00:00,14.1,23.9,22.9,93,8.4,karachi
2025-03-20 05:00:00,12.7,23.6,22.6,94,9.1,karachi
2025-03-20 06:00:00,12.5,22.1,22.9,91,10.0,karachi
2025-03-20 07:00:00,14.8,23.9,22.9,89,9.6,karachi
2025-03-20 08:00:00,18.3,26.4,24.1,79,7.6,karachi
2025-03-20 09:00:00,17.0,31.8,25.9,67,9.3,karachi
2025-03-20 10:00:00,16.6,37.5,27.8,56,8.3,karachi
2025-03-20 11:00:00,17.4,42.6,29.5,45,8.6,karachi
2025-03-20 12:00:00,17.8,43.4,30.8,40,10.3,karachi
2025-03-20 13:00:00,16.8,41.6,31.9,34,11.0,karachi
2025-03-20 14:00:00,16.1,38.4,32.0,34,14.1,karachi
2025-03-20 15:00:00,15.6,32.8,31.1,42,18.3,karachi
2025-03-20 16:00:00,14.5,28.4,30.1,45,18.9,karachi
2025-03-20 17:00:00,12.5,24.1,28.6,54,17.1,karachi
2025-03-20 18:00:00,13.0,22.3,27.5,59,12.6,karachi
2025-03-20 19:00:00,14.3,21.0,26.0,73,9.8,karachi
2025-03-20 20:00:00,14.3,22.0,25.4,76,4.6,karachi
2025-03-20 21:00:00,15.7,23.3,25.3,76,6.7,karachi
2025-03-20 22:00:00,18.2,26.0,24.9,80,6.0,karachi
2025-03-20 23:00:00,21.6,29.5,24.2,85,9.1,karachi
2025-03-21 00:00:00,24.4,32.5,24.0,86,11.4,karachi
2025-03-21 01:00:00,21.6,30.2,23.4,89,10.1,karachi
2025-03-21 02:00:00,17.8,26.3,23.0,90,10.1,karachi
2025-03-21 03:00:00,15.5,23.3,23.0,88,9.8,karachi
2025-03-21 04:00:00,14.5,22.6,22.8,88,9.4,karachi
2025-03-21 05:00:00,14.0,24.0,22.5,90,8.4,karachi
2025-03-21 06:00:00,14.7,26.0,22.4,92,7.0,karachi
2025-03-21 07:00:00,18.6,31.2,22.0,95,5.7,karachi
2025-03-21 08:00:00,23.9,36.8,22.9,90,3.1,karachi
2025-03-21 09:00:00,25.4,46.8,25.5,74,3.8,karachi
2025-03-21 10:00:00,23.8,54.4,28.8,48,3.6,karachi
2025-03-21 11:00:00,21.6,54.2,31.6,30,0.2,karachi
2025-03-21 12:00:00,15.8,41.7,33.0,23,4.4,karachi
2025-03-21 13:00:00,16.0,41.4,33.3,26,8.5,karachi
2025-03-21 14:00:00,16.6,44.1,33.0,32,14.3,karachi
2025-03-21 15:00:00,16.8,44.7,31.9,37,17.8,karachi
2025-03-21 16:00:00,16.4,42.5,31.5,34,16.6,karachi
2025-03-21 17:00:00,13.0,28.1,30.8,38,13.1,karachi
2025-03-21 18:00:00,15.3,23.9,28.7,54,14.2,karachi
2025-03-21 19:00:00,17.2,23.5,26.5,73,13.0,karachi
2025-03-21 20:00:00,16.9,25.2,26.2,63,12.7,karachi
2025-03-21 21:00:00,17.9,30.3,26.1,58,11.0,karachi
2025-03-21 22:00:00,20.0,38.4,25.2,70,10.9,karachi
2025-03-21 23:00:00,21.9,42.8,24.5,80,9.4,karachi
2025-03-22 00:00:00,22.9,45.6,24.1,82,10.4,karachi
2025-03-22 01:00:00,22.4,42.8,23.6,84,9.6,karachi
2025-03-22 02:00:00,20.5,36.6,23.5,81,9.7,karachi
2025-03-22 03:00:00,18.6,30.7,23.2,80,8.2,karachi
2025-03-22 04:00:00,17.1,27.1,23.0,78,8.7,karachi
2025-03-22 05:00:00,15.2,24.2,23.1,77,8.9,karachi
2025-03-22 06:00:00,15.9,25.6,23.2,82,7.8,karachi
2025-03-22 07:00:00,19.6,30.0,23.2,82,7.2,karachi
2025-03-22 08:00:00,23.9,32.1,24.5,77,5.6,karachi
2025-03-22 09:00:00,20.7,32.9,26.8,67,6.3,karachi
2025-03-22 10:00:00,21.5,49.1,28.9,57,7.2,karachi
2025-03-22 11:00:00,24.5,72.6,30.5,48,9.3,karachi
2025-03-22 12:00:00,26.0,85.9,31.5,46,12.2,karachi
2025-03-22 13:00:00,26.0,82.0,31.6,45,14.2,karachi
2025-03-22 14:00:00,25.3,74.3,31.7,41,15.1,karachi
2025-03-22 15:00:00,24.4,66.8,31.4,41,15.1,karachi
2025-03-22 16:00:00,22.9,57.9,30.6,42,14.0,karachi
2025-03-22 17:00:00,17.7,36.3,29.6,47,13.7,karachi
2025-03-22 18:00:00,18.1,31.1,28.4,51,11.9,karachi
2025-03-22 19:00:00,20.5,30.5,27.0,60,9.0,karachi
2025-03-22 20:00:00,20.8,30.0,26.2,66,7.2,karachi
2025-03-22 21:00:00,19.9,27.3,25.8,70,7.7,karachi
2025-03-22 22:00:00,18.7,24.4,25.5,70,7.6,karachi
2025-03-22 23:00:00,17.9,22.5,25.1,72,7.1,karachi
2025-03-23 00:00:00,17.2,21.2,24.7,72,8.3,karachi
2025-03-23 01:00:00,15.9,19.8,24.3,73,8.2,karachi
2025-03-23 02:00:00,14.5,18.5,23.9,75,8.4,karachi
2025-03-23 03:00:00,13.2,17.5,23.5,78,8.3,karachi
2025-03-23 04:00:00,12.2,16.6,23.2,81,8.6,karachi
2025-03-23 05:00:00,11.2,14.3,23.2,80,8.8,karachi
2025-03-23 06:00:00,11.5,14.3,23.2,85,8.2,karachi
2025-03-23 07:00:00,14.2,16.6,23.2,83,7.4,karachi
2025-03-23 08:00:00,18.8,20.8,24.6,78,6.7,karachi
2025-03-23 09:00:00,16.9,19.8,27.0,65,7.6,karachi
2025-03-23 10:00:00,15.8,22.1,29.3,51,8.4,karachi
2025-03-23 11:00:00,15.7,30.0,31.4,40,10.0,karachi
2025-03-23 12:00:00,14.2,30.0,32.8,33,12.2,karachi
2025-03-23 13:00:00,12.3,25.0,33.5,29,14.1,karachi
2025-03-23 14:00:00,10.9,20.8,34.0,24,15.0,karachi
2025-03-23 15:00:00,10.4,17.9,34.0,22,15.0,karachi
2025-03-23 16:00:00,10.0,16.4,33.6,21,14.4,karachi
2025-03-23 17:00:00,7.0,7.8,32.7,22,12.7,karachi
2025-03-23 18:00:00,9.6,10.5,30.6,32,11.4,karachi
2025-03-23 19:00:00,14.3,15.0,28.8,37,9.7,karachi
2025-03-23 20:00:00,16.4,17.2,27.6,41,9.4,karachi
2025-03-23 21:00:00,17.0,18.1,26.7,46,8.8,karachi
2025-03-23 22:00:00,16.8,18.2,26.0,50,8.5,karachi
2025-03-23 23:00:00,16.4,18.0,25.4,52,8.4,karachi
2025-03-24 00:00:00,15.5,17.3,24.8,58,9.4,karachi
2025-03-24 01:00:00,13.6,15.5,24.1,65,10.6,karachi
2025-03-24 02:00:00,11.4,13.3,23.6,71,10.3,karachi
2025-03-24 03:00:00,9.4,11.2,23.3,73,10.1,karachi
2025-03-24 04:00:00,7.8,9.5,23.1,74,11.0,karachi
2025-03-24 05:00:00,6.9,8.1,23.2,71,12.7,karachi
2025-03-24 06:00:00,6.9,8.0,23.1,65,12.7,karachi
2025-03-24 07:00:00,8.9,9.9,23.1,65,12.0,karachi
2025-03-24 08:00:00,13.5,14.5,24.7,60,10.4,karachi
2025-03-24 09:00:00,12.2,13.7,27.6,45,8.2,karachi
2025-03-24 10:00:00,8.0,9.8,30.5,29,10.3,karachi
2025-03-24 11:00:00,5.6,9.1,32.5,17,12.9,karachi
2025-03-24 12:00:00,6.0,11.1,33.2,14,14.7,karachi
2025-03-24 13:00:00,6.7,12.3,33.7,13,15.2,karachi
2025-03-24 14:00:00,7.0,12.6,33.7,13,15.6,karachi
2025-03-24 15:00:00,7.2,12.8,33.2,14,15.9,karachi
2025-03-24 16:00:00,7.3,12.8,32.5,17,14.9,karachi
2025-03-24 17:00:00,3.8,3.9,31.2,22,13.3,karachi
2025-03-24 18:00:00,6.4,7.4,29.5,33,11.7,karachi
2025-03-24 19:00:00,12.2,12.9,27.5,47,10.0,karachi
2025-03-24 20:00:00,14.8,15.6,26.3,54,9.7,karachi
2025-03-24 21:00:00,15.9,16.8,25.9,59,10.6,karachi
2025-03-24 22:00:00,15.8,17.0,25.7,57,10.7,karachi
2025-03-24 23:00:00,15.2,16.6,25.1,64,10.1,karachi
2025-03-25 00:00:00,14.4,16.1,24.5,71,10.3,karachi
2025-03-25 01:00:00,13.7,15.7,24.0,74,10.7,karachi
2025-03-25 02:00:00,12.7,15.0,23.6,78,11.1,karachi
2025-03-25 03:00:00,11.6,13.9,23.1,83,10.3,karachi
2025-03-25 04:00:00,10.4,13.0,22.6,85,9.0,karachi
2025-03-25 05:00:00,9.9,12.5,22.4,85,8.3,karachi
2025-03-25 06:00:00,10.9,13.7,22.2,83,8.9,karachi
2025-03-25 07:00:00,14.0,16.9,22.2,83,9.0,karachi
2025-03-25 08:00:00,17.9,20.7,23.8,78,10.4,karachi
2025-03-25 09:00:00,15.2,18.8,25.5,70,11.0,karachi
2025-03-25 10:00:00,12.9,16.8,27.1,62,11.5,karachi
2025-03-25 11:00:00,12.5,18.3,28.4,56,14.7,karachi
2025-03-25 12:00:00,12.6,21.6,29.0,54,16.1,karachi
2025-03-25 13:00:00,12.6,22.0,29.6,51,15.6,karachi
2025-03-25 14:00:00,12.3,22.6,29.7,51,15.7,karachi
2025-03-25 15:00:00,12.2,23.7,29.1,55,15.5,karachi
2025-03-25 16:00:00,12.1,22.9,27.6,63,15.1,karachi
2025-03-25 17:00:00,13.6,22.9,27.4,65,15.0,karachi
2025-03-25 18:00:00,13.4,21.4,26.6,71,14.6,karachi
2025-03-25 19:00:00,14.5,20.4,25.9,77,13.3,karachi
2025-03-25 20:00:00,16.9,23.1,25.7,79,10.7,karachi
2025-03-25 21:00:00,19.0,25.2,25.4,82,10.7,karachi
2025-03-25 22:00:00,20.1,26.3,25.2,84,9.4,karachi
2025-03-25 23:00:00,20.1,26.3,25.0,87,9.4,karachi
2025-03-26 00:00:00,18.9,25.3,24.7,88,8.7,karachi
2025-03-26 01:00:00,17.3,24.9,24.6,88,8.5,karachi
2025-03-26 02:00:00,16.7,26.1,24.3,90,8.2,karachi
2025-03-26 03:00:00,17.1,28.9,24.2,90,8.5,karachi
2025-03-26 04:00:00,17.6,31.5,24.1,89,8.6,karachi
2025-03-26 05:00:00,18.7,37.6,23.9,90,9.1,karachi
2025-03-26 06:00:00,19.3,36.9,23.9,86,10.3,karachi
2025-03-26 07:00:00,22.1,38.1,23.8,84,10.7,karachi
2025-03-26 08:00:00,23.0,37.5,25.0,73,11.4,karachi
2025-03-26 09:00:00,18.5,30.4,26.2,65,12.3,karachi
2025-03-26 10:00:00,14.7,22.4,27.5,58,13.8,karachi
2025-03-26 11:00:00,13.4,24.4,28.4,52,14.9,karachi
2025-03-26 12:00:00,13.0,26.7,29.2,47,16.1,karachi
2025-03-26 13:00:00,12.3,26.5,29.5,45,16.6,karachi
2025-03-26 14:00:00,11.8,25.1,29.1,48,17.0,karachi
2025-03-26 15:00:00,11.1,22.6,28.7,53,17.2,karachi
2025-03-26 16:00:00,10.5,19.4,28.2,55,16.9,karachi
2025-03-26 17:00:00,9.7,23.9,27.5,59,15.2,karachi
2025-03-26 18:00:00,11.3,22.2,26.8,60,15.0,karachi
2025-03-26 19:00:00,14.1,22.4,25.8,67,14.2,karachi
2025-03-26 20:00:00,16.1,25.2,25.3,71,13.9,karachi
2025-03-26 21:00:00,17.1,28.7,25.0,73,14.3,karachi
2025-03-26 22:00:00,18.0,32.9,24.7,73,14.1,karachi
2025-03-26 23:00:00,18.9,36.7,24.4,76,14.8,karachi
2025-03-27 00:00:00,19.2,38.2,24.2,73,15.7,karachi
2025-03-27 01:00:00,18.7,36.7,23.9,72,14.1,karachi
2025-03-27 02:00:00,17.8,33.5,23.8,72,13.6,karachi
2025-03-27 03:00:00,17.6,34.8,23.6,78,13.0,karachi
2025-03-27 04:00:00,20.7,50.5,23.5,81,11.2,karachi
2025-03-27 05:00:00,27.1,75.2,23.0,79,10.6,karachi
2025-03-27 06:00:00,31.2,89.6,23.1,81,10.0,karachi
2025-03-27 07:00:00,36.8,99.7,22.8,76,9.6,karachi
2025-03-27 08:00:00,41.6,106.2,23.9,58,9.7,karachi
2025-03-27 09:00:00,45.6,174.6,26.5,29,12.8,karachi
2025-03-27 10:00:00,39.7,159.3,28.5,18,12.8,karachi
2025-03-27 11:00:00,30.5,114.1,30.0,17,10.8,karachi
2025-03-27 12:00:00,21.0,72.6,31.6,12,9.4,karachi
2025-03-27 13:00:00,18.7,62.9,32.8,9,6.1,karachi
2025-03-27 14:00:00,18.3,60.5,33.5,7,3.6,karachi
2025-03-27 15:00:00,18.5,61.9,33.9,6,8.3,karachi
2025-03-27 16:00:00,19.3,67.5,33.5,7,11.9,karachi
2025-03-27 17:00:00,17.0,68.7,32.3,9,13.9,karachi
2025-03-27 18:00:00,24.5,91.7,30.0,15,13.4,karachi
2025-03-27 19:00:00,33.6,95.7,27.6,27,11.0,karachi
2025-03-27 20:00:00,36.1,102.4,25.9,41,10.0,karachi
2025-03-27 21:00:00,35.4,103.6,24.9,46,11.5,karachi
2025-03-27 22:00:00,33.2,95.7,24.4,49,14.9,karachi
2025-03-27 23:00:00,30.0,81.0,24.1,51,16.7,karachi
2025-03-28 00:00:00,26.4,68.2,23.8,60,13.8,karachi
2025-03-28 01:00:00,24.4,65.4,23.5,61,13.1,karachi
2025-03-28 02:00:00,23.7,72.2,22.9,41,12.1,karachi
2025-03-28 03:00:00,21.6,73.8,22.2,37,12.5,karachi
2025-03-28 04:00:00,17.7,62.2,21.5,35,11.4,karachi
2025-03-28 05:00:00,16.0,57.5,20.9,31,10.7,karachi
2025-03-28 06:00:00,14.9,54.8,21.3,30,11.3,karachi
2025-03-28 07:00:00,17.9,61.9,21.2,24,10.5,karachi
2025-03-28 08:00:00,24.3,68.7,22.5,17,8.7,karachi
2025-03-28 09:00:00,27.7,113.4,25.3,11,5.9,karachi
2025-03-28 10:00:00,32.0,177.9,27.9,7,5.0,karachi
2025-03-28 11:00:00,28.6,168.6,29.7,6,3.4,karachi
2025-03-28 12:00:00,26.4,144.8,31.0,7,5.2,karachi
2025-03-28 13:00:00,26.3,130.9,31.6,8,8.5,karachi
2025-03-28 14:00:00,27.1,122.0,32.0,9,10.7,karachi
2025-03-28 15:00:00,27.9,116.2,31.9,11,13.2,karachi
2025-03-28 16:00:00,29.0,112.9,31.0,11,15.1,karachi
2025-03-28 17:00:00,27.9,102.4,30.1,11,12.8,karachi
2025-03-28 18:00:00,29.2,93.8,28.9,15,10.8,karachi
2025-03-28 19:00:00,33.3,78.9,27.5,19,9.2,karachi
2025-03-28 20:00:00,34.0,72.2,26.4,25,8.2,karachi
2025-03-28 21:00:00,35.2,68.9,25.6,29,8.6,karachi
2025-03-28 22:00:00,39.0,71.0,25.0,32,7.6,karachi
2025-03-28 23:00:00,48.4,82.0,24.7,30,7.4,karachi
2025-03-29 00:00:00,57.3,92.4,24.5,28,7.8,karachi
2025-03-29 01:00:00,58.1,93.4,24.0,29,7.5,karachi
2025-03-29 02:00:00,51.3,86.1,23.5,31,5.1,karachi
2025-03-29 03:00:00,44.8,82.7,23.0,32,5.1,karachi
2025-03-29 04:00:00,40.2,79.2,22.9,30,6.3,karachi
2025-03-29 05:00:00,35.4,77.3,22.9,27,6.5,karachi
2025-03-29 06:00:00,33.2,74.3,22.5,25,6.4,karachi
2025-03-29 07:00:00,33.9,75.0,22.4,23,6.4,karachi
2025-03-29 08:00:00,33.6,74.0,23.2,20,6.8,karachi
2025-03-29 09:00:00,30.7,71.5,25.5,14,6.4,karachi
2025-03-29 10:00:00,20.3,59.8,28.2,9,6.1,karachi
2025-03-29 11:00:00,14.8,39.7,30.8,7,7.2,karachi
2025-03-29 12:00:00,12.9,34.3,32.2,6,6.0,karachi
2025-03-29 13:00:00,12.2,34.1,32.5,6,5.3,karachi
2025-03-29 14:00:00,12.0,35.2,33.2,6,5.5,karachi
2025-03-29 15:00:00,12.1,36.4,33.4,7,6.5,karachi
2025-03-29 16:00:00,13.2,38.3,32.2,15,13.1,karachi
2025-03-29 17:00:00,10.7,27.3,31.4,12,13.7,karachi
2025-03-29 18:00:00,15.5,30.0,29.9,12,11.9,karachi
2025-03-29 19:00:00,24.4,34.2,27.9,25,9.5,karachi
2025-03-29 20:00:00,26.8,36.1,26.4,40,8.5,karachi
2025-03-29 21:00:00,28.8,39.1,25.5,41,7.9,karachi
2025-03-29 22:00:00,31.0,43.5,24.8,42,8.7,karachi
2025-03-29 23:00:00,32.9,48.1,23.9,52,9.5,karachi
2025-03-30 00:00:00,34.5,51.5,23.5,54,9.8,karachi
2025-03-30 01:00:00,34.1,52.0,22.7,60,11.0,karachi
2025-03-30 02:00:00,31.3,49.8,22.1,69,12.7,karachi
2025-03-30 03:00:00,27.6,46.4,22.0,73,12.0,karachi
2025-03-30 04:00:00,23.8,42.4,22.0,61,10.4,karachi
2025-03-30 05:00:00,23.7,42.8,21.6,52,8.9,karachi
2025-03-30 06:00:00,23.0,43.2,21.5,39,8.6,karachi
2025-03-30 07:00:00,26.1,46.7,21.1,38,8.0,karachi
2025-03-30 08:00:00,29.3,51.0,22.7,32,5.7,karachi
2025-03-30 09:00:00,30.2,60.5,26.1,23,3.9,karachi
2025-03-30 10:00:00,23.6,53.2,29.4,15,4.8,karachi
2025-03-30 11:00:00,18.1,40.9,31.8,10,4.8,karachi
2025-03-30 12:00:00,17.1,41.2,33.2,9,5.9,karachi
2025-03-30 13:00:00,16.8,43.2,33.8,10,9.0,karachi
2025-03-30 14:00:00,16.8,42.7,33.8,12,12.7,karachi
2025-03-30 15:00:00,17.1,41.3,33.0,14,15.4,karachi
2025-03-30 16:00:00,16.9,37.0,31.9,17,15.1,karachi
2025-03-30 17:00:00,12.5,18.7,30.3,28,13.8,karachi
2025-03-30 18:00:00,12.3,16.1,28.5,37,12.0,karachi
2025-03-30 19:00:00,14.3,17.3,26.4,53,9.4,karachi
2025-03-30 20:00:00,15.4,18.7,25.3,62,8.8,karachi
2025-03-30 21:00:00,16.1,20.4,25.0,59,9.1,karachi
2025-03-30 22:00:00,17.6,23.1,24.5,62,8.9,karachi
2025-03-30 23:00:00,19.7,26.3,23.8,68,8.5,karachi
2025-03-31 00:00:00,20.6,27.6,22.9,79,13.6,karachi
2025-03-31 01:00:00,18.3,25.8,22.9,87,11.1,karachi
2025-03-31 02:00:00,16.2,25.0,22.6,82,7.6,karachi
2025-03-31 03:00:00,15.0,26.0,22.0,80,8.0,karachi
2025-03-31 04:00:00,14.1,26.6,21.6,80,6.8,karachi
2025-03-31 05:00:00,13.4,23.6,21.2,81,5.2,karachi
2025-03-31 06:00:00,14.6,26.2,20.8,86,4.9,karachi
2025-03-31 07:00:00,19.4,31.4,20.5,87,5.5,karachi
2025-03-31 08:00:00,23.7,34.6,22.5,79,4.1,karachi
2025-03-31 09:00:00,20.3,35.9,25.1,72,4.1,karachi
2025-03-31 10:00:00,20.0,38.1,28.0,54,3.6,karachi
2025-03-31 11:00:00,20.7,46.2,30.6,41,3.8,karachi
2025-03-31 12:00:00,21.4,55.2,31.6,42,8.2,karachi
2025-03-31 13:00:00,21.2,59.8,31.4,51,12.2,karachi
2025-03-31 14:00:00,21.4,62.4,31.5,46,13.0,karachi
2025-03-31 15:00:00,22.1,64.7,32.0,37,12.3,karachi
2025-03-31 16:00:00,21.8,65.2,31.6,35,11.9,karachi
2025-03-31 17:00:00,16.8,40.3,30.4,38,10.8,karachi
2025-03-31 18:00:00,17.9,37.6,28.9,46,9.0,karachi
2025-03-31 19:00:00,19.4,37.1,26.7,62,7.8,karachi
2025-03-31 20:00:00,20.0,36.9,25.7,73,6.5,karachi
2025-03-31 21:00:00,19.4,34.5,25.3,77,6.6,karachi
2025-03-31 22:00:00,19.0,32.1,25.0,78,6.7,karachi
2025-03-31 23:00:00,19.3,31.4,24.3,80,11.3,karachi
2025-04-01 00:00:00,19.7,31.2,23.6,86,12.5,karachi
2025-04-01 01:00:00,17.5,31.2,23.5,84,8.2,karachi
2025-04-01 02:00:00,15.8,35.4,23.2,83,7.4,karachi
2025-04-01 03:00:00,15.4,41.4,22.6,84,7.2,karachi
2025-04-01 04:00:00,15.6,45.5,22.2,84,8.3,karachi
2025-04-01 05:00:00,15.0,41.6,22.1,81,8.5,karachi
2025-04-01 06:00:00,17.5,50.5,21.6,82,6.0,karachi
2025-04-01 07:00:00,24.6,61.0,21.8,82,3.8,karachi
2025-04-01 08:00:00,30.9,56.2,23.6,75,3.2,karachi
2025-04-01 09:00:00,26.1,68.2,26.1,69,3.9,karachi
2025-04-01 10:00:00,27.0,79.6,28.6,55,4.3,karachi
2025-04-01 11:00:00,30.6,93.8,31.1,41,4.8,karachi
2025-04-01 12:00:00,33.8,102.2,33.2,30,5.9,karachi
2025-04-01 13:00:00,34.7,103.8,34.5,23,8.8,karachi
2025-04-01 14:00:00,34.3,101.3,34.3,29,11.7,karachi
2025-04-01 15:00:00,33.4,95.5,34.3,28,12.4,karachi
2025-04-01 16:00:00,32.1,90.1,33.9,26,13.7,karachi
2025-04-01 17:00:00,25.7,65.0,32.1,33,12.9,karachi
2025-04-01 18:00:00,25.4,57.5,28.9,56,11.4,karachi
2025-04-01 19:00:00,25.0,50.6,27.0,70,7.9,karachi
2025-04-01 20:00:00,23.6,47.0,26.2,76,7.4,karachi
2025-04-01 21:00:00,23.3,44.9,25.9,78,5.2,karachi
2025-04-01 22:00:00,26.5,48.4,25.8,71,10.5,karachi
2025-04-01 23:00:00,34.2,58.4,25.2,71,5.8,karachi
2025-04-02 00:00:00,30.5,48.7,25.2,68,3.6,karachi
2025-04-02 01:00:00,25.7,43.8,24.5,70,7.1,karachi
2025-04-02 02:00:00,24.1,41.8,23.6,71,6.1,karachi
2025-04-02 03:00:00,24.2,42.8,22.9,73,7.7,karachi
2025-04-02 04:00:00,25.4,46.0,22.5,71,7.3,karachi
2025-04-02 05:00:00,30.3,50.3,22.2,70,4.4,karachi
2025-04-02 06:00:00,32.9,53.8,21.6,79,3.0,karachi
2025-04-02 07:00:00,40.7,61.9,21.9,73,6.3,karachi
2025-04-02 08:00:00,56.8,72.9,23.7,60,4.5,karachi
2025-04-02 09:00:00,38.0,61.0,27.2,45,1.8,karachi
2025-04-02 10:00:00,30.3,56.2,30.4,35,1.3,karachi
2025-04-02 11:00:00,26.5,50.8,32.7,29,4.0,karachi
2025-04-02 12:00:00,22.4,43.9,33.7,31,8.2,karachi
2025-04-02 13:00:00,18.9,37.8,33.3,41,11.3,karachi
2025-04-02 14:00:00,16.9,34.5,33.0,41,12.1,karachi
2025-04-02 15:00:00,16.4,32.9,32.3,41,12.0,karachi
2025-04-02 16:00:00,15.9,31.8,31.0,48,10.6,karachi
2025-04-02 17:00:00,13.6,20.8,30.0,50,10.0,karachi
2025-04-02 18:00:00,16.1,24.7,28.9,57,7.6,karachi
2025-04-02 19:00:00,19.8,29.6,27.0,70,9.2,karachi
2025-04-02 20:00:00,21.9,35.0,26.1,79,8.0,karachi
2025-04-02 21:00:00,22.8,39.9,25.9,82,6.5,karachi
2025-04-02 22:00:00,24.0,45.2,25.5,84,6.9,karachi
2025-04-02 23:00:00,25.7,50.6,25.4,85,5.6,karachi
2025-04-03 00:00:00,26.7,53.8,24.5,87,9.4,karachi
2025-04-03 01:00:00,25.6,50.8,24.0,87,6.5,karachi
2025-04-03 02:00:00,23.6,45.6,23.8,83,8.1,karachi
2025-04-03 03:00:00,21.7,39.9,23.9,74,7.4,karachi
2025-04-03 04:00:00,20.6,37.7,23.4,72,8.4,karachi
2025-04-03 05:00:00,26.5,55.2,22.8,71,7.8,karachi
2025-04-03 06:00:00,28.8,55.9,22.8,80,6.1,karachi
2025-04-03 07:00:00,36.9,64.3,22.8,81,3.9,karachi
2025-04-03 08:00:00,44.9,60.8,24.8,74,6.0,karachi
2025-04-03 09:00:00,31.2,47.3,27.9,61,6.7,karachi
2025-04-03 10:00:00,25.5,38.1,30.6,45,5.3,karachi
2025-04-03 11:00:00,21.4,31.8,32.4,40,7.9,karachi
2025-04-03 12:00:00,17.8,27.1,32.8,44,11.2,karachi
2025-04-03 13:00:00,16.0,24.7,32.5,46,12.9,karachi
2025-04-03 14:00:00,14.4,23.0,32.2,48,13.2,karachi
2025-04-03 15:00:00,13.9,23.8,31.7,50,13.2,karachi
2025-04-03 16:00:00,14.7,27.2,31.1,53,14.5,karachi
2025-04-03 17:00:00,12.8,22.2,30.8,52,14.1,karachi
2025-04-03 18:00:00,14.9,25.1,29.0,60,11.0,karachi
2025-04-03 19:00:00,18.0,28.3,27.6,68,8.3,karachi
2025-04-03 20:00:00,20.4,29.9,26.9,73,6.6,karachi
2025-04-03 21:00:00,21.5,29.2,26.3,78,8.1,karachi
2025-04-03 22:00:00,21.6,27.5,25.9,79,11.0,karachi
2025-04-03 23:00:00,21.7,26.0,25.6,77,7.9,karachi
2025-04-04 00:00:00,20.8,24.0,25.1,77,8.8,karachi
2025-04-04 01:00:00,18.0,20.7,24.6,77,10.1,karachi
2025-04-04 02:00:00,15.4,17.6,24.3,75,10.0,karachi
2025-04-04 03:00:00,14.0,16.0,24.5,70,10.3,karachi
2025-04-04 04:00:00,13.5,15.7,24.5,68,10.0,karachi
2025-04-04 05:00:00,12.0,17.8,24.0,72,9.8,karachi
2025-04-04 06:00:00,13.0,18.3,23.6,74,6.2,karachi
2025-04-04 07:00:00,18.8,24.0,22.9,79,6.4,karachi
2025-04-04 08:00:00,23.9,28.0,24.4,73,4.7,karachi
2025-04-04 09:00:00,21.5,27.9,27.3,61,0.2,karachi
2025-04-04 10:00:00,20.4,33.4,30.1,50,3.7,karachi
2025-04-04 11:00:00,22.9,46.3,32.1,42,5.1,karachi
2025-04-04 12:00:00,25.0,55.3,32.8,45,8.8,karachi
2025-04-04 13:00:00,25.5,56.5,33.3,46,11.0,karachi
2025-04-04 14:00:00,24.2,50.1,34.0,39,12.7,karachi
2025-04-04 15:00:00,22.5,42.5,33.6,37,13.9,karachi
2025-04-04 16:00:00,19.2,36.8,33.0,37,13.5,karachi
2025-04-04 17:00:00,19.7,31.3,31.7,43,12.5,karachi
2025-04-04 18:00:00,19.0,28.2,30.6,46,10.1,karachi
2025-04-04 19:00:00,18.9,25.1,28.4,63,9.8,karachi
2025-04-04 20:00:00,17.1,22.0,27.2,73,8.8,karachi
2025-04-04 21:00:00,16.2,20.9,26.9,72,7.8,karachi
2025-04-04 22:00:00,15.8,20.2,26.4,74,6.2,karachi
2025-04-04 23:00:00,15.8,19.5,25.7,76,8.6,karachi
2025-04-05 00:00:00,15.0,17.9,25.1,81,9.2,karachi
2025-04-05 01:00:00,13.1,15.3,24.7,84,9.5,karachi
2025-04-05 02:00:00,11.0,12.8,24.5,84,9.8,karachi
2025-04-05 03:00:00,9.2,10.7,24.2,85,8.4,karachi
2025-04-05 04:00:00,8.0,9.4,24.1,83,9.2,karachi
2025-04-05 05:00:00,8.3,11.3,24.0,80,10.1,karachi
2025-04-05 06:00:00,8.8,10.9,24.0,81,10.0,karachi
2025-04-05 07:00:00,11.9,13.8,24.2,79,9.8,karachi
2025-04-05 08:00:00,15.5,17.1,25.7,75,7.8,karachi
2025-04-05 09:00:00,14.7,16.8,28.1,64,8.4,karachi
2025-04-05 10:00:00,13.7,16.8,30.7,51,8.6,karachi
2025-04-05 11:00:00,13.2,20.5,32.8,42,10.0,karachi
2025-04-05 12:00:00,12.7,22.9,33.8,40,12.6,karachi
2025-04-05 13:00:00,11.6,21.3,33.8,42,14.9,karachi
2025-04-05 14:00:00,10.9,19.7,33.6,43,15.3,karachi
2025-04-05 15:00:00,10.8,18.8,33.3,42,14.4,karachi
2025-04-05 16:00:00,10.6,17.8,32.9,41,13.7,karachi
2025-04-05 17:00:00,9.1,10.0,32.2,40,13.3,karachi
2025-04-05 18:00:00,10.2,11.1,30.6,48,12.1,karachi
2025-04-05 19:00:00,11.8,12.7,29.0,54,10.6,karachi
2025-04-05 20:00:00,11.2,12.3,28.4,56,10.3,karachi
2025-04-05 21:00:00,10.2,11.5,28.1,52,12.1,karachi
2025-04-05 22:00:00,9.5,10.9,27.9,54,12.1,karachi
2025-04-05 23:00:00,8.9,10.8,27.5,55,12.0,karachi
2025-04-06 00:00:00,8.3,10.7,27.2,55,12.6,karachi
2025-04-06 01:00:00,7.6,10.7,26.9,56,13.6,karachi
2025-04-06 02:00:00,7.0,10.5,26.5,58,15.0,karachi
2025-04-06 03:00:00,6.4,9.6,26.5,55,15.6,karachi
2025-04-06 04:00:00,5.9,8.5,26.5,53,15.5,karachi
2025-04-06 05:00:00,5.5,7.0,26.2,55,13.5,karachi
2025-04-06 06:00:00,6.1,8.8,25.8,61,12.8,karachi
2025-04-06 07:00:00,8.8,14.7,25.8,62,12.4,karachi
2025-04-06 08:00:00,14.2,24.7,27.6,57,10.8,karachi
2025-04-06 09:00:00,16.8,45.2,30.6,46,10.4,karachi
2025-04-06 10:00:00,20.5,79.4,33.5,32,11.7,karachi
2025-04-06 11:00:00,22.5,90.1,35.7,22,14.1,karachi
2025-04-06 12:00:00,21.2,75.9,36.6,18,15.7,karachi
2025-04-06 13:00:00,19.4,60.5,36.5,19,17.0,karachi
2025-04-06 14:00:00,17.9,46.9,35.7,22,18.3,karachi
2025-04-06 15:00:00,16.3,36.9,34.9,24,19.4,karachi
2025-04-06 16:00:00,14.3,30.0,34.0,25,19.7,karachi
2025-04-06 17:00:00,11.2,21.4,32.8,28,19.3,karachi
2025-04-06 18:00:00,11.6,20.1,31.3,36,18.1,karachi
2025-04-06 19:00:00,11.6,19.0,30.0,42,16.6,karachi
2025-04-06 20:00:00,11.1,17.1,29.5,42,16.9,karachi
2025-04-06 21:00:00,10.3,14.9,29.1,45,17.3,karachi
2025-04-06 22:00:00,9.8,13.4,28.8,47,15.1,karachi
2025-04-06 23:00:00,9.6,12.7,28.2,52,15.2,karachi
2025-04-07 00:00:00,9.3,12.0,27.8,53,15.8,karachi
2025-04-07 01:00:00,8.6,11.0,27.5,54,15.4,karachi
2025-04-07 02:00:00,7.9,10.2,27.2,55,15.8,karachi
2025-04-07 03:00:00,7.3,9.4,27.2,54,16.4,karachi
2025-04-07 04:00:00,6.9,9.0,27.1,54,15.7,karachi
2025-04-07 05:00:00,7.1,13.5,27.2,52,15.3,karachi
2025-04-07 06:00:00,7.7,12.5,26.9,58,12.1,karachi
2025-04-07 07:00:00,10.0,15.0,26.6,60,11.2,karachi
2025-04-07 08:00:00,13.9,18.4,28.2,57,11.9,karachi
2025-04-07 09:00:00,13.6,21.1,30.5,49,15.9,karachi
2025-04-07 10:00:00,13.4,24.1,31.9,41,17.3,karachi
2025-04-07 11:00:00,13.4,27.2,32.8,38,16.8,karachi
2025-04-07 12:00:00,13.3,27.5,33.2,38,16.6,karachi
2025-04-07 13:00:00,12.7,26.1,33.1,40,17.9,karachi
2025-04-07 14:00:00,12.1,24.2,32.7,41,17.1,karachi
2025-04-07 15:00:00,11.9,22.9,31.8,47,16.6,karachi
2025-04-07 16:00:00,12.1,22.2,31.0,51,16.1,karachi
2025-04-07 17:00:00,14.0,25.6,30.4,55,14.7,karachi
2025-04-07 18:00:00,15.7,26.0,29.5,55,10.7,karachi
2025-04-07 19:00:00,18.9,27.2,28.2,63,10.3,karachi
2025-04-07 20:00:00,20.5,29.5,27.6,69,11.0,karachi
2025-04-07 21:00:00,21.7,31.2,27.2,74,6.5,karachi
2025-04-07 22:00:00,22.9,32.6,27.0,73,9.2,karachi
2025-04-07 23:00:00,24.2,33.9,26.6,72,11.1,karachi
2025-04-08 00:00:00,24.6,33.9,26.3,72,10.6,karachi
2025-04-08 01:00:00,22.8,32.4,26.0,74,9.4,karachi
2025-04-08 02:00:00,21.4,31.4,25.7,77,9.7,karachi
2025-04-08 03:00:00,20.5,30.9,25.5,82,7.8,karachi
2025-04-08 04:00:00,20.0,30.4,25.2,87,8.1,karachi
2025-04-08 05:00:00,19.3,28.5,25.0,89,7.7,karachi
2025-04-08 06:00:00,20.1,29.9,25.2,90,7.7,karachi
2025-04-08 07:00:00,23.9,33.8,25.3,91,7.0,karachi
2025-04-08 08:00:00,24.9,34.2,26.8,82,6.5,karachi
2025-04-08 09:00:00,23.3,38.0,28.5,71,8.3,karachi
2025-04-08 10:00:00,22.9,41.3,29.8,63,11.0,karachi
2025-04-08 11:00:00,22.2,42.5,30.4,61,12.6,karachi
2025-04-08 12:00:00,20.8,41.7,31.2,56,13.4,karachi
2025-04-08 13:00:00,19.2,39.1,31.5,55,14.1,karachi
2025-04-08 14:00:00,18.0,36.3,31.5,55,14.3,karachi
2025-04-08 15:00:00,17.1,34.8,31.4,53,13.6,karachi
2025-04-08 16:00:00,16.5,33.8,31.3,51,12.6,karachi
2025-04-08 17:00:00,22.1,47.3,30.9,52,11.5,karachi
2025-04-08 18:00:00,22.9,45.4,29.9,59,10.4,karachi
2025-04-08 19:00:00,25.0,42.1,28.4,68,8.3,karachi
2025-04-08 20:00:00,27.8,43.5,27.5,75,7.9,karachi
2025-04-08 21:00:00,29.5,44.2,26.8,80,6.1,karachi
2025-04-08 22:00:00,30.6,44.7,26.3,85,5.5,karachi
2025-04-08 23:00:00,30.5,44.5,26.0,88,4.8,karachi
2025-04-09 00:00:00,29.9,43.7,25.7,88,5.4,karachi
2025-04-09 01:00:00,29.5,43.9,25.5,88,5.6,karachi
2025-04-09 02:00:00,27.2,41.7,25.1,88,5.7,karachi
2025-04-09 03:00:00,25.0,38.8,24.9,90,5.4,karachi
2025-04-09 04:00:00,22.8,35.2,24.6,93,6.3,karachi
2025-04-09 05:00:00,18.2,28.9,24.5,96,7.7,karachi
2025-04-09 06:00:00,17.9,27.9,24.8,95,9.4,karachi
2025-04-09 07:00:00,19.6,29.4,25.1,94,9.8,karachi
2025-04-09 08:00:00,18.2,30.6,26.6,84,11.7,karachi
2025-04-09 09:00:00,17.6,33.1,28.0,77,10.4,karachi
2025-04-09 10:00:00,18.3,36.6,29.1,71,11.5,karachi
2025-04-09 11:00:00,18.6,40.3,30.0,65,12.9,karachi
2025-04-09 12:00:00,18.3,42.7,30.9,60,13.8,karachi
2025-04-09 13:00:00,17.6,44.4,31.5,55,14.4,karachi
2025-04-09 14:00:00,17.2,45.4,31.4,56,15.2,karachi
2025-04-09 15:00:00,17.2,47.4,31.3,54,14.6,karachi
2025-04-09 16:00:00,17.5,49.4,31.1,55,13.5,karachi
2025-04-09 17:00:00,20.1,59.5,30.5,59,12.0,karachi
2025-04-09 18:00:00,20.4,56.2,30.2,57,9.7,karachi
2025-04-09 19:00:00,22.1,48.0,28.3,68,7.9,karachi
2025-04-09 20:00:00,23.5,47.3,27.0,78,8.1,karachi
2025-04-09 21:00:00,23.9,46.7,26.2,86,8.0,karachi
2025-04-09 22:00:00,23.3,45.3,25.9,89,7.0,karachi
2025-04-09 23:00:00,21.2,41.8,25.8,92,10.4,karachi
2025-04-10 00:00:00,18.8,38.3,25.7,93,11.3,karachi
2025-04-10 01:00:00,17.1,34.8,25.6,92,11.0,karachi
2025-04-10 02:00:00,15.5,30.9,25.4,92,10.3,karachi
2025-04-10 03:00:00,14.3,27.0,25.2,91,11.2,karachi
2025-04-10 04:00:00,13.4,24.7,25.0,93,10.9,karachi
2025-04-10 05:00:00,13.4,24.6,24.7,94,9.6,karachi
2025-04-10 06:00:00,14.0,25.2,25.2,94,10.0,karachi
2025-04-10 07:00:00,15.8,27.2,25.4,92,10.3,karachi
2025-04-10 08:00:00,16.5,28.3,26.7,83,13.1,karachi
2025-04-10 09:00:00,16.8,33.8,28.3,73,11.8,karachi
2025-04-10 10:00:00,17.6,36.6,30.0,62,12.6,karachi
2025-04-10 11:00:00,17.8,38.4,31.2,54,13.1,karachi
2025-04-10 12:00:00,17.4,38.3,31.6,53,14.6,karachi
2025-04-10 13:00:00,16.6,37.8,31.5,57,15.4,karachi
2025-04-10 14:00:00,16.1,37.8,30.9,61,15.4,karachi
2025-04-10 15:00:00,16.1,38.0,30.6,60,15.3,karachi
2025-04-10 16:00:00,16.4,39.7,30.3,60,13.4,karachi
2025-04-10 17:00:00,15.7,37.3,29.9,61,12.0,karachi
2025-04-10 18:00:00,16.8,38.3,29.0,66,12.1,karachi
2025-04-10 19:00:00,18.0,39.3,27.0,81,12.4,karachi
2025-04-10 20:00:00,20.2,40.2,26.6,84,13.2,karachi
2025-04-10 21:00:00,21.7,41.9,26.6,84,10.3,karachi
2025-04-10 22:00:00,22.8,43.2,26.2,87,7.8,karachi
2025-04-10 23:00:00,23.1,43.7,25.9,90,8.2,karachi
2025-04-11 00:00:00,22.7,43.4,25.6,92,6.8,karachi
2025-04-11 01:00:00,22.3,43.1,25.4,93,8.0,karachi
2025-04-11 02:00:00,21.6,43.2,25.3,94,9.7,karachi
2025-04-11 03:00:00,20.7,42.4,25.3,93,10.4,karachi
2025-04-11 04:00:00,19.6,41.0,25.2,94,10.1,karachi
2025-04-11 05:00:00,18.1,36.4,25.2,93,10.8,karachi
2025-04-11 06:00:00,17.9,36.3,25.5,92,10.8,karachi
2025-04-11 07:00:00,20.0,39.3,25.8,90,10.7,karachi
2025-04-11 08:00:00,21.6,44.6,27.0,82,11.3,karachi
2025-04-11 09:00:00,22.6,50.4,28.4,74,12.8,karachi
2025-04-11 10:00:00,23.9,53.7,29.8,66,13.8,karachi
2025-04-11 11:00:00,24.7,56.0,30.9,60,14.5,karachi
2025-04-11 12:00:00,24.6,56.5,31.5,56,16.1,karachi
2025-04-11 13:00:00,23.9,56.0,31.9,55,15.9,karachi
2025-04-11 14:00:00,23.1,54.8,32.3,51,14.7,karachi
2025-04-11 15:00:00,22.3,53.3,32.0,55,14.1,karachi
2025-04-11 16:00:00,21.4,50.6,30.9,62,14.0,karachi
2025-04-11 17:00:00,21.5,51.0,30.0,66,13.8,karachi
2025-04-11 18:00:00,21.5,45.8,28.8,71,13.4,karachi
2025-04-11 19:00:00,22.4,40.7,27.6,77,12.1,karachi
2025-04-11 20:00:00,23.4,43.5,27.3,81,11.8,karachi
2025-04-11 21:00:00,24.5,48.5,27.0,83,9.9,karachi
2025-04-11 22:00:00,26.0,54.6,26.9,83,9.5,karachi
2025-04-11 23:00:00,27.1,59.3,26.6,84,6.6,karachi
2025-04-12 00:00:00,27.5,61.0,26.4,85,7.6,karachi
2025-04-12 01:00:00,27.2,60.8,26.2,85,7.6,karachi
2025-04-12 02:00:00,28.1,65.4,25.9,86,7.5,karachi
2025-04-12 03:00:00,28.1,67.3,25.8,87,7.3,karachi
2025-04-12 04:00:00,27.2,65.0,25.6,87,8.3,karachi
2025-04-12 05:00:00,21.8,44.9,25.5,87,8.3,karachi
2025-04-12 06:00:00,21.3,43.9,25.6,88,8.9,karachi
2025-04-12 07:00:00,22.5,43.4,25.9,84,10.1,karachi
2025-04-12 08:00:00,23.7,40.3,27.7,75,9.2,karachi
2025-04-12 09:00:00,22.9,47.0,30.5,55,12.6,karachi
2025-04-12 10:00:00,22.6,51.8,32.7,43,12.0,karachi
2025-04-12 11:00:00,22.8,56.1,34.3,35,12.8,karachi
2025-04-12 12:00:00,22.3,55.4,35.2,31,14.2,karachi
2025-04-12 13:00:00,21.3,53.3,35.2,33,14.5,karachi
2025-04-12 14:00:00,20.6,52.2,34.9,36,14.4,karachi
2025-04-12 15:00:00,20.1,53.6,34.6,37,14.4,karachi
2025-04-12 16:00:00,19.7,53.7,33.5,43,13.8,karachi
2025-04-12 17:00:00,17.0,48.4,32.0,49,12.8,karachi
2025-04-12 18:00:00,17.0,40.5,30.0,65,11.5,karachi
2025-04-12 19:00:00,17.9,35.7,28.5,73,10.5,karachi
2025-04-12 20:00:00,17.4,33.6,28.0,76,10.1,karachi
2025-04-12 21:00:00,17.2,31.5,27.8,76,9.3,karachi
2025-04-12 22:00:00,16.9,29.3,27.5,78,9.0,karachi
2025-04-12 23:00:00,16.3,27.1,27.2,79,11.0,karachi
2025-04-13 00:00:00,14.9,25.8,27.0,79,12.5,karachi
2025-04-13 01:00:00,13.3,25.4,26.8,79,9.9,karachi
2025-04-13 02:00:00,12.4,25.8,26.5,78,11.3,karachi
2025-04-13 03:00:00,11.9,25.7,26.2,79,11.1,karachi
2025-04-13 04:00:00,11.9,26.1,26.0,81,10.8,karachi
2025-04-13 05:00:00,12.4,28.5,25.8,83,10.7,karachi
2025-04-13 06:00:00,12.7,27.7,25.8,88,11.9,karachi
2025-04-13 07:00:00,14.4,28.9,26.1,86,12.5,karachi
2025-04-13 08:00:00,16.3,32.7,27.5,78,12.8,karachi
2025-04-13 09:00:00,16.6,35.6,29.3,67,13.5,karachi
2025-04-13 10:00:00,16.8,37.1,30.8,59,14.3,karachi
2025-04-13 11:00:00,17.0,37.4,31.9,54,15.5,karachi
2025-04-13 12:00:00,16.8,36.8,32.8,50,16.5,karachi
2025-04-13 13:00:00,16.5,36.4,33.0,49,17.1,karachi
2025-04-13 14:00:00,16.3,36.8,32.7,52,17.5,karachi
2025-04-13 15:00:00,16.3,36.8,32.1,56,17.9,karachi
2025-04-13 16:00:00,16.3,36.2,31.3,59,17.5,karachi
2025-04-13 17:00:00,16.5,39.5,30.5,64,17.0,karachi
2025-04-13 18:00:00,17.6,36.8,29.1,71,15.7,karachi
2025-04-13 19:00:00,18.6,32.8,27.7,82,13.5,karachi
2025-04-13 20:00:00,18.9,33.5,27.2,85,13.2,karachi
2025-04-13 21:00:00,18.5,32.4,27.0,88,12.0,karachi
2025-04-13 22:00:00,17.9,30.6,26.6,90,11.0,karachi
2025-04-13 23:00:00,17.5,29.2,26.5,88,12.7,karachi
2025-04-14 00:00:00,16.8,27.6,26.3,89,13.6,karachi
2025-04-14 01:00:00,15.7,25.6,26.0,91,14.2,karachi
2025-04-14 02:00:00,14.1,22.8,25.9,90,14.7,karachi
2025-04-14 03:00:00,12.7,20.4,26.0,85,17.3,karachi
2025-04-14 04:00:00,11.9,19.4,26.0,83,18.0,karachi
2025-04-14 05:00:00,10.4,18.0,25.8,83,16.7,karachi
2025-04-14 06:00:00,10.1,17.7,25.9,84,16.1,karachi
2025-04-14 07:00:00,11.4,19.2,26.1,83,14.8,karachi
2025-04-14 08:00:00,13.5,22.8,27.4,80,14.4,karachi
2025-04-14 09:00:00,14.4,26.9,29.1,69,16.9,karachi
2025-04-14 10:00:00,15.3,33.8,30.6,61,17.2,karachi
2025-04-14 11:00:00,16.3,40.3,31.5,57,18.0,karachi
2025-04-14 12:00:00,16.7,41.3,32.0,57,17.9,karachi
2025-04-14 13:00:00,16.3,39.8,31.6,62,19.4,karachi
2025-04-14 14:00:00,15.9,38.9,31.4,61,20.6,karachi
2025-04-14 15:00:00,15.8,37.1,31.1,62,20.9,karachi
2025-04-14 16:00:00,15.9,34.9,30.6,65,19.6,karachi
2025-04-14 17:00:00,16.8,34.7,30.0,68,16.6,karachi
2025-04-14 18:00:00,18.5,32.4,29.0,75,17.4,karachi
2025-04-14 19:00:00,19.9,30.3,27.7,82,15.6,karachi
2025-04-14 20:00:00,21.4,31.3,27.6,84,14.0,karachi
2025-04-14 21:00:00,21.5,31.2,27.3,85,12.2,karachi
2025-04-14 22:00:00,21.2,30.6,27.0,88,11.3,karachi
2025-04-14 23:00:00,20.4,29.3,26.9,87,13.6,karachi
2025-04-15 00:00:00,19.2,27.6,26.7,88,15.0,karachi
2025-04-15 01:00:00,17.3,25.6,26.5,87,16.2,karachi
2025-04-15 02:00:00,15.7,24.1,26.4,86,17.2,karachi
2025-04-15 03:00:00,14.5,22.9,26.2,86,15.9,karachi
2025-04-15 04:00:00,13.6,22.5,26.0,89,16.2,karachi
2025-04-15 05:00:00,12.8,22.9,25.9,88,16.5,karachi
2025-04-15 06:00:00,12.9,22.6,25.9,92,16.2,karachi
2025-04-15 07:00:00,14.5,24.3,26.2,91,13.4,karachi
2025-04-15 08:00:00,16.3,28.9,27.6,82,12.9,karachi
2025-04-15 09:00:00,17.3,34.8,29.5,71,13.4,karachi
2025-04-15 10:00:00,19.3,45.2,31.1,63,13.9,karachi
2025-04-15 11:00:00,21.5,55.5,32.1,60,15.5,karachi
2025-04-15 12:00:00,22.9,61.5,32.5,59,17.3,karachi
2025-04-15 13:00:00,22.9,63.3,32.7,58,18.1,karachi
2025-04-15 14:00:00,22.1,60.1,32.6,57,17.8,karachi
2025-04-15 15:00:00,21.0,57.6,32.0,59,17.7,karachi
2025-04-15 16:00:00,19.4,50.1,31.2,63,17.3,karachi
2025-04-15 17:00:00,17.5,44.4,30.1,71,16.4,karachi
2025-04-15 18:00:00,16.8,37.8,29.5,73,11.9,karachi
2025-04-15 19:00:00,16.7,32.1,28.4,81,11.2,karachi
2025-04-15 20:00:00,17.5,29.3,28.0,84,11.9,karachi
2025-04-15 21:00:00,17.7,30.2,27.6,86,11.5,karachi
2025-04-15 22:00:00,18.0,31.4,27.2,88,10.8,karachi
2025-04-15 23:00:00,18.5,33.3,27.0,88,11.1,karachi
2025-04-16 00:00:00,18.5,34.5,26.8,88,12.5,karachi
2025-04-16 01:00:00,17.8,34.6,26.7,88,14.8,karachi
2025-04-16 02:00:00,16.9,33.9,26.5,87,14.3,karachi
2025-04-16 03:00:00,16.2,33.6,26.2,90,12.8,karachi
2025-04-16 04:00:00,15.7,33.6,26.1,90,12.5,karachi
2025-04-16 05:00:00,15.9,39.6,26.0,90,13.3,karachi
2025-04-16 06:00:00,16.4,38.4,26.3,88,13.5,karachi
2025-04-16 07:00:00,18.3,40.5,26.6,86,13.1,karachi
2025-04-16 08:00:00,20.5,46.1,28.0,78,12.4,karachi
2025-04-16 09:00:00,21.3,51.5,29.8,67,15.0,karachi
2025-04-16 10:00:00,22.1,56.3,31.5,58,16.6,karachi
2025-04-16 11:00:00,23.0,59.1,32.5,53,17.3,karachi
2025-04-16 12:00:00,23.2,60.3,33.0,50,17.9,karachi
2025-04-16 13:00:00,22.5,58.8,33.2,51,18.8,karachi
2025-04-16 14:00:00,21.3,55.9,33.0,50,19.1,karachi
2025-04-16 15:00:00,19.8,51.3,32.5,52,18.8,karachi
2025-04-16 16:00:00,18.2,43.9,31.8,57,18.1,karachi
2025-04-16 17:00:00,17.2,42.6,30.8,62,16.5,karachi
2025-04-16 18:00:00,17.1,35.5,29.5,66,14.5,karachi
2025-04-16 19:00:00,17.6,30.5,28.5,72,11.8,karachi
2025-04-16 20:00:00,17.7,31.2,28.0,75,10.6,karachi
2025-04-16 21:00:00,17.2,30.4,27.8,77,10.7,karachi
2025-04-16 22:00:00,16.9,30.4,27.6,75,12.0,karachi
2025-04-16 23:00:00,16.6,30.5,27.5,75,12.3,karachi
2025-04-17 00:00:00,16.0,30.0,27.2,76,14.2,karachi
2025-04-17 01:00:00,15.2,29.7,27.0,78,14.6,karachi
2025-04-17 02:00:00,14.3,28.8,26.8,80,14.0,karachi
2025-04-17 03:00:00,13.4,27.9,26.5,82,13.8,karachi
2025-04-17 04:00:00,12.6,27.1,26.4,82,14.7,karachi
2025-04-17 05:00:00,11.8,27.0,26.4,81,15.7,karachi
2025-04-17 06:00:00,11.9,26.4,26.5,81,15.7,karachi
2025-04-17 07:00:00,13.1,27.2,27.0,79,15.3,karachi
2025-04-17 08:00:00,15.0,29.7,28.4,75,14.8,karachi
2025-04-17 09:00:00,15.8,33.9,30.1,63,17.3,karachi
2025-04-17 10:00:00,16.6,38.9,31.8,53,20.0,karachi
2025-04-17 11:00:00,17.2,42.6,32.8,48,21.2,karachi
2025-04-17 12:00:00,16.7,42.1,33.4,46,21.7,karachi
2025-04-17 13:00:00,15.7,39.5,33.5,45,21.7,karachi
2025-04-17 14:00:00,14.3,34.6,33.3,48,20.8,karachi
2025-04-17 15:00:00,13.2,31.4,33.0,50,20.0,karachi
2025-04-17 16:00:00,12.7,27.9,32.2,54,18.7,karachi
2025-04-17 17:00:00,14.2,31.0,31.2,60,18.3,karachi
2025-04-17 18:00:00,14.1,27.6,30.0,64,15.9,karachi
2025-04-17 19:00:00,15.0,24.5,28.7,72,14.8,karachi
2025-04-17 20:00:00,15.2,27.2,28.3,75,15.0,karachi
2025-04-17 21:00:00,15.5,29.0,28.1,75,13.9,karachi
2025-04-17 22:00:00,16.2,32.5,28.0,74,15.6,karachi
2025-04-17 23:00:00,17.5,37.7,27.8,74,15.1,karachi
2025-04-18 00:00:00,18.6,42.8,27.3,79,13.5,karachi
2025-04-18 01:00:00,18.9,45.1,27.0,81,13.9,karachi
2025-04-18 02:00:00,18.6,44.9,26.9,82,13.4,karachi
2025-04-18 03:00:00,17.8,42.0,26.5,83,13.3,karachi
2025-04-18 04:00:00,17.0,38.8,26.4,84,13.8,karachi
2025-04-18 05:00:00,16.5,34.0,26.2,84,14.7,karachi
2025-04-18 06:00:00,16.4,31.2,26.4,84,13.9,karachi
2025-04-18 07:00:00,17.8,30.7,26.9,79,13.2,karachi
2025-04-18 08:00:00,18.9,31.9,28.5,70,13.0,karachi
2025-04-18 09:00:00,17.8,29.3,30.4,56,15.9,karachi
2025-04-18 10:00:00,15.8,25.4,31.4,51,17.6,karachi
2025-04-18 11:00:00,14.5,23.3,32.0,49,18.5,karachi
2025-04-18 12:00:00,13.7,22.6,32.1,53,18.0,karachi
2025-04-18 13:00:00,13.9,23.8,32.2,54,17.6,karachi
2025-04-18 14:00:00,14.6,25.9,32.0,54,17.3,karachi
2025-04-18 15:00:00,15.5,29.0,31.6,55,17.8,karachi
2025-04-18 16:00:00,16.9,34.3,31.0,59,17.6,karachi
2025-04-18 17:00:00,17.4,41.3,30.0,64,16.5,karachi
2025-04-18 18:00:00,18.5,47.8,29.1,71,14.7,karachi
2025-04-18 19:00:00,18.4,45.5,28.1,78,13.4,karachi
2025-04-18 20:00:00,19.2,50.5,27.6,83,12.9,karachi
2025-04-18 21:00:00,19.2,52.9,27.2,86,12.6,karachi
2025-04-18 22:00:00,19.2,53.6,27.0,88,12.9,karachi
2025-04-18 23:00:00,19.0,53.8,26.9,86,13.4,karachi
2025-04-19 00:00:00,18.6,54.8,26.8,84,12.9,karachi
2025-04-19 01:00:00,18.3,58.3,26.5,86,11.8,karachi
2025-04-19 02:00:00,18.5,62.6,26.4,87,13.0,karachi
2025-04-19 03:00:00,19.0,67.1,26.4,86,14.2,karachi
2025-04-19 04:00:00,19.7,69.6,26.3,86,13.9,karachi
2025-04-19 05:00:00,21.7,74.7,26.4,83,14.7,karachi
2025-04-19 06:00:00,22.3,71.7,26.9,79,15.5,karachi
2025-04-19 07:00:00,24.1,71.9,27.4,76,14.4,karachi
2025-04-19 08:00:00,27.6,87.5,28.7,70,14.4,karachi
2025-04-19 09:00:00,32.8,119.7,30.1,63,14.5,karachi
2025-04-19 10:00:00,41.4,174.6,31.4,56,14.3,karachi
2025-04-19 11:00:00,49.7,223.5,32.5,52,14.1,karachi
2025-04-19 12:00:00,54.2,245.9,33.5,49,13.9,karachi
2025-04-19 13:00:00,59.4,274.7,34.0,45,15.1,karachi
2025-04-19 14:00:00,65.2,305.5,34.4,42,16.0,karachi
2025-04-19 15:00:00,70.5,326.0,34.7,38,16.1,karachi
2025-04-19 16:00:00,74.7,330.6,34.4,34,15.4,karachi
2025-04-19 17:00:00,83.1,362.3,33.5,31,13.8,karachi
2025-04-19 18:00:00,88.2,345.5,31.4,46,12.7,karachi
2025-04-19 19:00:00,92.7,343.7,30.0,53,10.9,karachi
2025-04-19 20:00:00,95.7,367.9,29.5,52,10.0,karachi
2025-04-19 21:00:00,94.1,368.8,29.5,50,11.0,karachi
2025-04-19 22:00:00,86.8,337.1,29.3,46,14.4,karachi
2025-04-19 23:00:00,76.8,290.6,28.9,49,16.7,karachi
2025-04-20 00:00:00,68.5,250.5,28.2,56,16.2,karachi
2025-04-20 01:00:00,64.0,225.8,27.8,59,14.9,karachi
2025-04-20 02:00:00,62.9,212.8,27.1,65,13.0,karachi
2025-04-20 03:00:00,63.6,204.4,26.5,71,12.5,karachi
2025-04-20 04:00:00,64.5,198.8,26.0,73,10.8,karachi
2025-04-20 05:00:00,62.6,185.8,25.5,73,9.3,karachi
2025-04-20 06:00:00,63.8,177.0,25.5,78,8.4,karachi
2025-04-20 07:00:00,66.1,165.8,25.6,69,8.2,karachi
2025-04-20 08:00:00,65.9,156.9,28.1,50,7.3,karachi
2025-04-20 09:00:00,58.6,163.9,32.0,21,7.5,karachi
2025-04-20 10:00:00,51.0,215.6,35.1,11,8.4,karachi
2025-04-20 11:00:00,43.7,210.5,36.8,8,7.6,karachi
2025-04-20 12:00:00,37.4,183.9,38.0,8,7.6,karachi
2025-04-20 13:00:00,37.0,196.0,38.7,8,11.0,karachi
2025-04-20 14:00:00,39.6,218.9,38.8,8,14.3,karachi
2025-04-20 15:00:00,41.3,228.6,38.5,9,16.3,karachi
2025-04-20 16:00:00,41.9,230.0,37.7,9,16.9,karachi
2025-04-20 17:00:00,37.8,174.2,36.7,10,16.2,karachi
2025-04-20 18:00:00,41.3,152.7,33.5,24,13.3,karachi
2025-04-20 19:00:00,43.7,135.0,30.0,49,12.8,karachi
2025-04-20 20:00:00,44.5,133.2,29.0,51,12.1,karachi
2025-04-20 21:00:00,44.8,131.3,28.8,50,11.1,karachi
2025-04-20 22:00:00,44.8,131.3,28.4,51,10.6,karachi
2025-04-20 23:00:00,44.0,125.3,27.5,57,12.8,karachi
2025-04-21 00:00:00,42.6,116.9,27.0,61,11.7,karachi
2025-04-21 01:00:00,42.3,115.5,26.5,63,12.0,karachi
2025-04-21 02:00:00,42.1,116.4,26.0,65,11.2,karachi
2025-04-21 03:00:00,42.6,124.3,26.0,62,11.3,karachi
2025-04-21 04:00:00,43.0,131.8,26.0,57,11.3,karachi
2025-04-21 05:00:00,44.0,142.5,25.6,58,9.4,karachi
2025-04-21 06:00:00,44.7,142.5,25.2,69,8.2,karachi
2025-04-21 07:00:00,49.2,143.9,25.3,69,6.9,karachi
2025-04-21 08:00:00,51.3,153.2,27.1,58,4.0,karachi
2025-04-21 09:00:00,54.8,206.3,30.5,35,4.3,karachi
2025-04-21 10:00:00,55.3,222.1,33.8,18,3.0,karachi
2025-04-21 11:00:00,51.8,194.2,35.8,10,2.7,karachi
2025-04-21 12:00:00,46.7,161.6,36.9,9,6.7,karachi
2025-04-21 13:00:00,43.0,143.9,37.8,9,9.6,karachi
2025-04-21 14:00:00,40.9,134.6,38.2,8,13.5,karachi
2025-04-21 15:00:00,43.8,140.6,37.1,13,17.5,karachi
2025-04-21 16:00:00,46.3,143.0,35.0,21,18.1,karachi
2025-04-21 17:00:00,44.2,128.5,33.4,30,15.1,karachi
2025-04-21 18:00:00,43.0,110.4,31.1,46,12.6,karachi
2025-04-21 19:00:00,43.1,95.5,29.5,56,10.1,karachi
2025-04-21 20:00:00,41.8,92.7,28.7,60,9.7,karachi
2025-04-21 21:00:00,41.4,92.0,28.2,64,10.9,karachi
2025-04-21 22:00:00,41.8,93.4,28.0,62,10.7,karachi
2025-04-21 23:00:00,42.7,96.9,27.3,66,8.8,karachi
2025-04-22 00:00:00,43.8,95.9,26.5,72,7.2,karachi
2025-04-22 01:00:00,41.8,88.9,26.0,74,6.2,karachi
2025-04-22 02:00:00,39.5,86.4,25.6,74,5.6,karachi
2025-04-22 03:00:00,37.5,84.8,25.4,75,6.8,karachi
2025-04-22 04:00:00,35.9,85.0,25.4,73,8.6,karachi
2025-04-22 05:00:00,34.0,84.1,25.5,71,9.7,karachi
2025-04-22 06:00:00,34.3,82.9,25.2,75,6.8,karachi
2025-04-22 07:00:00,37.5,79.9,25.0,77,4.9,karachi
2025-04-22 08:00:00,38.0,82.4,26.3,72,2.2,karachi
2025-04-22 09:00:00,37.6,92.7,28.8,59,1.0,karachi
2025-04-22 10:00:00,38.3,110.8,31.6,44,0.4,karachi
2025-04-22 11:00:00,39.2,125.3,34.3,32,1.8,karachi
2025-04-22 12:00:00,39.3,129.9,35.5,31,6.8,karachi
2025-04-22 13:00:00,36.8,123.9,35.2,41,11.9,karachi
2025-04-22 14:00:00,33.5,110.4,35.5,34,13.7,karachi
2025-04-22 15:00:00,30.9,98.3,35.7,23,14.0,karachi
2025-04-22 16:00:00,27.8,86.8,35.0,24,13.5,karachi
2025-04-22 17:00:00,27.4,81.3,33.2,32,12.4,karachi
2025-04-22 18:00:00,27.1,72.2,30.7,54,11.8,karachi
2025-04-22 19:00:00,28.8,66.4,28.8,67,10.1,karachi
2025-04-22 20:00:00,29.6,68.9,27.9,74,8.9,karachi
2025-04-22 21:00:00,30.5,69.8,27.4,79,8.3,karachi
2025-04-22 22:00:00,31.1,70.1,26.9,82,8.3,karachi
2025-04-22 23:00:00,31.4,68.9,26.5,84,8.2,karachi
2025-04-23 00:00:00,31.2,65.4,26.0,86,8.9,karachi
2025-04-23 01:00:00,29.7,62.6,25.6,89,9.1,karachi
2025-04-23 02:00:00,28.0,61.7,25.4,88,7.6,karachi
2025-04-23 03:00:00,26.9,62.9,25.0,88,5.7,karachi
2025-04-23 04:00:00,26.3,64.3,24.8,87,5.7,karachi
2025-04-23 05:00:00,26.8,69.4,24.5,88,6.3,karachi
2025-04-23 06:00:00,28.0,74.0,24.2,91,5.6,karachi
2025-04-23 07:00:00,31.1,74.3,24.4,90,5.5,karachi
2025-04-23 08:00:00,31.5,73.1,26.3,80,3.5,karachi
2025-04-23 09:00:00,30.9,81.0,28.9,66,6.2,karachi
2025-04-23 10:00:00,28.9,85.0,31.2,54,8.3,karachi
2025-04-23 11:00:00,28.1,89.6,33.0,46,10.8,karachi
2025-04-23 12:00:00,27.9,92.0,34.1,42,13.3,karachi
2025-04-23 13:00:00,27.2,95.2,35.0,36,15.1,karachi
2025-04-23 14:00:00,27.2,98.0,35.2,33,15.3,karachi
2025-04-23 15:00:00,28.2,104.8,34.7,35,15.4,karachi
2025-04-23 16:00:00,30.3,114.1,33.7,38,15.3,karachi
2025-04-23 17:00:00,29.9,106.2,32.5,42,14.9,karachi
2025-04-23 18:00:00,31.5,106.4,30.8,54,12.4,karachi
2025-04-23 19:00:00,31.8,87.5,29.1,64,10.7,karachi
2025-04-23 20:00:00,30.3,82.7,28.4,67,6.8,karachi
2025-04-23 21:00:00,28.3,75.0,27.8,74,6.6,karachi
2025-04-23 22:00:00,26.4,65.7,27.3,79,7.6,karachi
2025-04-23 23:00:00,25.6,58.2,27.1,76,9.1,karachi
2025-04-24 00:00:00,25.0,53.3,26.8,77,9.6,karachi
2025-04-24 01:00:00,24.2,48.5,26.2,80,8.4,karachi
2025-04-24 02:00:00,22.4,43.1,26.0,82,7.4,karachi
2025-04-24 03:00:00,20.1,38.5,25.9,84,9.9,karachi
2025-04-24 04:00:00,18.2,34.3,25.9,84,9.3,karachi
2025-04-24 05:00:00,16.9,35.2,25.7,86,9.3,karachi
2025-04-24 06:00:00,17.0,34.7,25.6,91,9.6,karachi
2025-04-24 07:00:00,19.3,36.4,26.1,88,9.6,karachi
2025-04-24 08:00:00,21.4,40.7,28.0,77,7.9,karachi
2025-04-24 09:00:00,22.5,47.1,30.2,61,10.4,karachi
2025-04-24 10:00:00,23.1,52.9,32.2,48,12.5,karachi
2025-04-24 11:00:00,24.2,59.5,33.2,44,14.3,karachi
2025-04-24 12:00:00,24.4,63.6,33.8,43,16.4,karachi
2025-04-24 13:00:00,23.5,62.4,33.7,45,18.3,karachi
2025-04-24 14:00:00,22.4,60.1,33.3,47,18.1,karachi
2025-04-24 15:00:00,21.0,55.2,33.0,48,17.5,karachi
2025-04-24 16:00:00,19.6,49.0,32.4,48,17.1,karachi
2025-04-24 17:00:00,18.4,42.4,31.4,54,15.9,karachi
2025-04-24 18:00:00,18.7,39.0,29.9,66,11.4,karachi
2025-04-24 19:00:00,19.6,32.5,28.8,73,9.4,karachi
2025-04-24 20:00:00,20.0,34.3,28.0,80,8.7,karachi
2025-04-24 21:00:00,19.9,34.6,27.5,85,8.7,karachi
2025-04-24 22:00:00,19.8,35.7,27.2,88,7.1,karachi
2025-04-24 23:00:00,20.0,37.3,27.0,89,9.6,karachi
2025-04-25 00:00:00,20.3,39.1,26.7,89,6.7,karachi
2025-04-25 01:00:00,20.3,40.7,26.3,91,4.7,karachi
2025-04-25 02:00:00,21.0,45.6,26.0,94,5.4,karachi
2025-04-25 03:00:00,21.0,48.9,25.8,96,7.1,karachi
2025-04-25 04:00:00,20.0,48.3,25.8,95,7.9,karachi
2025-04-25 05:00:00,17.8,44.7,25.6,95,8.5,karachi
2025-04-25 06:00:00,18.3,45.1,25.5,97,6.7,karachi
2025-04-25 07:00:00,21.0,47.4,26.0,96,8.1,karachi
2025-04-25 08:00:00,22.9,56.2,27.5,87,7.9,karachi
2025-04-25 09:00:00,24.9,65.9,29.4,74,7.1,karachi
2025-04-25 10:00:00,26.9,70.5,31.1,64,8.9,karachi
2025-04-25 11:00:00,28.3,72.4,32.1,60,11.8,karachi
2025-04-25 12:00:00,28.5,73.8,32.5,59,13.8,karachi
2025-04-25 13:00:00,27.4,72.9,33.0,58,14.7,karachi
2025-04-25 14:00:00,25.8,69.2,33.1,57,15.3,karachi
2025-04-25 15:00:00,24.9,66.8,33.0,56,14.9,karachi
2025-04-25 16:00:00,24.2,66.6,31.9,62,15.4,karachi
2025-04-25 17:00:00,20.7,52.4,31.0,65,10.6,karachi
2025-04-25 18:00:00,21.1,48.3,29.6,71,8.3,karachi
2025-04-25 19:00:00,22.1,44.4,28.9,69,11.4,karachi
2025-04-25 20:00:00,21.8,47.5,28.6,69,9.1,karachi
2025-04-25 21:00:00,21.0,46.6,28.1,69,6.4,karachi
2025-04-25 22:00:00,20.1,44.4,27.8,71,5.9,karachi
2025-04-25 23:00:00,19.8,42.4,27.4,73,6.6,karachi
2025-04-26 00:00:00,19.8,40.5,27.2,73,7.3,karachi
2025-04-26 01:00:00,18.7,37.0,27.1,71,8.3,karachi
2025-04-26 02:00:00,16.9,34.7,27.0,69,11.4,karachi
2025-04-26 03:00:00,15.6,35.4,27.0,70,12.1,karachi
2025-04-26 04:00:00,15.1,38.9,27.1,67,12.1,karachi
2025-04-26 05:00:00,14.7,41.2,27.1,66,12.3,karachi
2025-04-26 06:00:00,16.2,46.3,27.3,73,11.7,karachi
2025-04-26 07:00:00,19.6,49.0,27.8,71,10.3,karachi
2025-04-26 08:00:00,23.5,53.3,29.6,64,8.0,karachi
2025-04-26 09:00:00,25.1,66.8,31.6,55,9.0,karachi
2025-04-26 10:00:00,27.9,80.6,33.7,47,8.8,karachi
2025-04-26 11:00:00,31.4,93.4,35.5,41,10.1,karachi
2025-04-26 12:00:00,34.1,105.0,36.7,37,12.6,karachi
2025-04-26 13:00:00,34.8,112.5,37.3,35,14.9,karachi
2025-04-26 14:00:00,34.7,107.1,37.4,34,16.1,karachi
2025-04-26 15:00:00,35.3,103.8,37.0,34,16.5,karachi
2025-04-26 16:00:00,34.7,101.3,35.4,40,17.3,karachi
2025-04-26 17:00:00,33.1,92.7,33.5,49,18.0,karachi
2025-04-26 18:00:00,31.1,78.2,32.2,52,13.8,karachi
2025-04-26 19:00:00,29.3,77.1,30.8,58,12.1,karachi
2025-04-26 20:00:00,27.7,68.0,30.0,61,11.9,karachi
2025-04-26 21:00:00,26.7,68.5,29.5,64,8.8,karachi
2025-04-26 22:00:00,26.8,65.9,29.5,61,6.7,karachi
2025-04-26 23:00:00,27.6,66.4,29.0,62,8.9,karachi
2025-04-27 00:00:00,28.3,65.9,28.4,64,7.6,karachi
2025-04-27 01:00:00,28.2,65.7,27.9,67,7.0,karachi
2025-04-27 02:00:00,28.0,68.2,27.5,69,6.0,karachi
2025-04-27 03:00:00,29.4,76.8,27.2,73,7.8,karachi
2025-04-27 04:00:00,30.3,81.3,27.0,77,8.3,karachi
2025-04-27 05:00:00,25.5,74.5,26.9,79,8.4,karachi
2025-04-27 06:00:00,25.6,71.2,26.6,86,8.7,karachi
2025-04-27 07:00:00,27.0,65.2,27.1,84,9.2,karachi
2025-04-27 08:00:00,28.5,69.2,29.0,75,8.5,karachi
2025-04-27 09:00:00,28.5,78.2,31.0,61,10.6,karachi
2025-04-27 10:00:00,28.7,77.1,32.8,51,13.0,karachi
2025-04-27 11:00:00,29.6,79.4,33.7,47,15.0,karachi
2025-04-27 12:00:00,30.4,81.7,34.5,43,16.4,karachi
2025-04-27 13:00:00,30.3,83.4,34.9,41,17.3,karachi
2025-04-27 14:00:00,29.8,84.3,35.0,39,17.3,karachi
2025-04-27 15:00:00,29.0,80.3,34.8,41,16.3,karachi
2025-04-27 16:00:00,27.8,73.6,34.3,40,15.8,karachi
2025-04-27 17:00:00,27.9,72.2,33.0,48,14.1,karachi
2025-04-27 18:00:00,27.4,65.4,31.4,60,11.8,karachi
2025-04-27 19:00:00,27.6,57.5,30.3,65,7.7,karachi
2025-04-27 20:00:00,27.8,59.1,29.6,69,5.9,karachi
2025-04-27 21:00:00,27.4,60.5,29.1,72,6.5,karachi
2025-04-27 22:00:00,27.1,60.1,28.7,75,5.5,karachi
2025-04-27 23:00:00,27.0,59.5,28.5,77,5.1,karachi
2025-04-28 00:00:00,26.3,57.5,28.2,75,6.3,karachi
2025-04-28 01:00:00,25.0,54.2,27.9,75,5.7,karachi
2025-04-28 02:00:00,23.4,51.5,27.5,77,7.6,karachi
2025-04-28 03:00:00,22.2,49.8,27.2,79,8.3,karachi
2025-04-28 04:00:00,21.2,48.1,27.0,81,8.4,karachi
2025-04-28 05:00:00,19.9,44.1,27.0,82,10.0,karachi
2025-04-28 06:00:00,19.6,42.4,27.0,85,10.3,karachi
2025-04-28 07:00:00,20.8,41.4,27.6,79,10.3,karachi
2025-04-28 08:00:00,22.9,42.7,29.9,68,9.6,karachi
2025-04-28 09:00:00,23.4,47.3,31.9,57,14.1,karachi
2025-04-28 10:00:00,24.4,54.5,33.7,46,16.7,karachi
2025-04-28 11:00:00,26.3,65.0,35.1,38,17.8,karachi
2025-04-28 12:00:00,27.5,72.6,35.7,36,18.4,karachi
2025-04-28 13:00:00,27.7,71.9,35.5,37,17.8,karachi
2025-04-28 14:00:00,26.8,67.3,35.5,38,17.8,karachi
2025-04-28 15:00:00,24.6,58.2,35.2,38,17.3,karachi
2025-04-28 16:00:00,22.1,49.6,34.6,42,15.9,karachi
2025-04-28 17:00:00,18.7,39.7,33.7,45,14.4,karachi
2025-04-28 18:00:00,18.0,34.3,32.3,50,12.4,karachi
2025-04-28 19:00:00,18.5,32.4,30.9,58,9.9,karachi
2025-04-28 20:00:00,18.5,32.0,30.2,62,9.5,karachi
2025-04-28 21:00:00,18.6,31.4,29.9,63,8.5,karachi
2025-04-28 22:00:00,18.7,31.1,29.6,62,8.5,karachi
2025-04-28 23:00:00,18.5,30.6,29.5,62,10.8,karachi
2025-04-29 00:00:00,17.5,28.8,29.4,61,13.2,karachi
2025-04-29 01:00:00,15.7,26.0,29.3,60,13.5,karachi
2025-04-29 02:00:00,13.8,22.7,29.2,59,13.5,karachi
2025-04-29 03:00:00,12.0,19.3,29.1,59,13.2,karachi
2025-04-29 04:00:00,10.4,15.9,29.1,58,14.6,karachi
2025-04-29 05:00:00,8.8,11.0,29.2,57,15.3,karachi
2025-04-29 06:00:00,8.1,10.2,29.1,56,14.0,karachi
2025-04-29 07:00:00,9.6,11.6,29.6,55,13.5,karachi
2025-04-29 08:00:00,12.6,15.1,31.2,53,13.3,karachi
2025-04-29 09:00:00,13.6,20.4,33.0,45,17.8,karachi
2025-04-29 10:00:00,15.0,27.9,34.3,39,19.3,karachi
2025-04-29 11:00:00,14.8,27.8,35.0,37,20.3,karachi
2025-04-29 12:00:00,13.7,23.3,35.3,37,19.9,karachi
2025-04-29 13:00:00,12.4,19.5,35.2,39,19.3,karachi
2025-04-29 14:00:00,12.1,18.1,35.0,41,18.8,karachi
2025-04-29 15:00:00,11.8,17.3,34.7,41,18.2,karachi
2025-04-29 16:00:00,11.9,17.1,34.2,43,17.5,karachi
2025-04-29 17:00:00,11.8,16.8,33.5,44,16.9,karachi
2025-04-29 18:00:00,14.0,19.5,32.2,51,14.7,karachi
2025-04-29 19:00:00,15.9,22.1,30.9,57,11.4,karachi
2025-04-29 20:00:00,16.9,23.9,30.4,61,8.5,karachi
2025-04-29 21:00:00,17.2,24.8,30.1,61,9.1,karachi
2025-04-29 22:00:00,17.3,25.2,29.8,62,8.5,karachi
2025-04-29 23:00:00,17.3,25.2,29.4,64,9.1,karachi
2025-04-30 00:00:00,16.9,24.6,29.0,66,10.3,karachi
2025-04-30 01:00:00,15.9,23.1,28.6,68,11.5,karachi
2025-04-30 02:00:00,14.5,20.9,28.4,69,13.5,karachi
2025-04-30 03:00:00,13.2,19.1,28.4,70,14.1,karachi
2025-04-30 04:00:00,12.3,18.0,28.3,69,14.4,karachi
2025-04-30 05:00:00,11.6,19.3,28.2,68,13.5,karachi
2025-04-30 06:00:00,11.9,18.9,28.2,67,14.2,karachi
2025-04-30 07:00:00,13.9,21.6,28.9,62,14.0,karachi
2025-04-30 08:00:00,16.4,26.1,30.4,60,11.4,karachi
2025-04-30 09:00:00,17.1,30.2,32.3,49,14.6,karachi
2025-04-30 10:00:00,17.5,33.8,33.8,40,16.7,karachi
2025-04-30 11:00:00,17.5,37.4,34.4,39,19.3,karachi
2025-04-30 12:00:00,17.2,38.0,35.2,36,20.2,karachi
2025-04-30 13:00:00,16.5,36.7,35.5,37,19.2,karachi
2025-04-30 14:00:00,15.5,32.0,35.0,41,18.5,karachi
2025-04-30 15:00:00,14.6,27.5,34.1,48,17.6,karachi
2025-04-30 16:00:00,14.1,24.5,33.2,53,17.1,karachi
2025-04-30 17:00:00,10.8,18.5,32.4,55,17.3,karachi
2025-04-30 18:00:00,11.6,16.5,31.5,54,15.8,karachi
2025-04-30 19:00:00,13.5,17.8,30.5,58,13.3,karachi
2025-04-30 20:00:00,14.2,19.2,30.0,63,11.1,karachi
2025-04-30 21:00:00,14.5,20.1,29.8,63,11.2,karachi
2025-04-30 22:00:00,14.8,20.7,29.5,63,12.2,karachi
2025-04-30 23:00:00,15.5,21.7,29.1,65,11.9,karachi
2025-05-01 00:00:00,15.8,22.2,28.8,66,12.1,karachi
2025-05-01 01:00:00,15.3,21.7,28.4,68,12.0,karachi
2025-05-01 02:00:00,14.6,21.2,28.1,70,12.3,karachi
2025-05-01 03:00:00,13.9,20.7,27.9,71,12.4,karachi
2025-05-01 04:00:00,13.4,20.4,27.9,71,13.5,karachi
2025-05-01 05:00:00,13.2,19.7,27.9,72,13.9,karachi
2025-05-01 06:00:00,13.2,20.3,27.6,78,13.5,karachi
2025-05-01 07:00:00,14.5,21.8,28.0,78,12.1,karachi
2025-05-01 08:00:00,16.4,24.9,29.5,73,12.9,karachi
2025-05-01 09:00:00,16.9,27.7,31.1,63,15.5,karachi
2025-05-01 10:00:00,17.2,30.6,32.2,57,17.3,karachi
2025-05-01 11:00:00,17.3,33.1,32.8,54,18.3,karachi
2025-05-01 12:00:00,16.7,32.1,33.2,53,19.7,karachi
2025-05-01 13:00:00,15.8,29.8,33.5,50,20.5,karachi
2025-05-01 14:00:00,15.1,27.6,33.2,54,20.4,karachi
2025-05-01 15:00:00,14.8,26.2,32.6,57,20.4,karachi
2025-05-01 16:00:00,14.7,25.6,32.2,60,17.6,karachi
2025-05-01 17:00:00,15.1,24.6,31.7,59,16.7,karachi
2025-05-01 18:00:00,15.8,24.7,31.4,59,12.7,karachi
2025-05-01 19:00:00,16.8,24.2,30.0,67,11.4,karachi
2025-05-01 20:00:00,16.8,25.3,29.4,71,10.4,karachi
2025-05-01 21:00:00,17.1,26.1,29.2,71,11.1,karachi
2025-05-01 22:00:00,17.8,27.4,29.0,70,13.6,karachi
2025-05-01 23:00:00,18.1,27.9,28.8,72,12.4,karachi
2025-05-02 00:00:00,17.4,27.4,28.5,75,13.1,karachi
2025-05-02 01:00:00,16.1,25.8,28.2,77,13.9,karachi
2025-05-02 02:00:00,15.1,24.5,28.0,78,13.5,karachi
2025-05-02 03:00:00,14.4,23.7,27.9,79,13.7,karachi
2025-05-02 04:00:00,14.1,23.1,27.8,79,13.5,karachi
2025-05-02 05:00:00,13.6,19.0,27.7,78,13.5,karachi
2025-05-02 06:00:00,13.9,20.7,27.8,78,13.4,karachi
2025-05-02 07:00:00,15.6,22.5,28.2,78,11.8,karachi
2025-05-02 08:00:00,17.6,26.1,29.5,73,14.8,karachi
2025-05-02 09:00:00,18.0,28.9,30.8,66,16.8,karachi
2025-05-02 10:00:00,18.2,32.4,31.7,60,18.2,karachi
2025-05-02 11:00:00,18.2,35.9,32.4,57,19.1,karachi
2025-05-02 12:00:00,17.7,35.4,32.8,56,19.8,karachi
2025-05-02 13:00:00,16.8,32.1,33.2,54,19.6,karachi
2025-05-02 14:00:00,16.1,29.8,33.2,56,19.7,karachi
2025-05-02 15:00:00,15.7,28.0,32.8,58,18.6,karachi
2025-05-02 16:00:00,15.4,27.4,32.3,61,16.7,karachi
2025-05-02 17:00:00,15.8,26.0,31.5,64,16.1,karachi
2025-05-02 18:00:00,16.6,26.9,30.2,71,15.2,karachi
2025-05-02 19:00:00,17.8,27.1,29.4,77,11.2,karachi
2025-05-02 20:00:00,18.9,29.0,29.0,79,8.8,karachi
2025-05-02 21:00:00,18.3,29.3,28.8,81,9.0,karachi
2025-05-02 22:00:00,17.5,28.2,28.5,81,9.2,karachi
2025-05-02 23:00:00,17.1,27.3,28.4,80,11.4,karachi
2025-05-03 00:00:00,16.9,26.7,28.2,80,11.7,karachi
2025-05-03 01:00:00,16.4,26.0,28.0,81,10.4,karachi
2025-05-03 02:00:00,15.7,25.1,27.8,82,10.0,karachi
2025-05-03 03:00:00,14.7,24.2,27.5,84,11.2,karachi
2025-05-03 04:00:00,13.8,23.7,27.3,87,11.2,karachi
2025-05-03 05:00:00,14.5,25.0,27.1,87,11.9,karachi
2025-05-03 06:00:00,14.1,24.7,27.5,89,10.3,karachi
2025-05-03 07:00:00,15.8,26.3,27.9,88,8.8,karachi
2025-05-03 08:00:00,17.6,32.2,29.2,78,10.2,karachi
2025-05-03 09:00:00,18.6,35.9,30.9,69,12.1,karachi
2025-05-03 10:00:00,19.9,41.9,32.2,61,13.8,karachi
2025-05-03 11:00:00,21.5,47.0,33.3,55,15.1,karachi
2025-05-03 12:00:00,21.5,46.4,34.0,52,17.0,karachi
2025-05-03 13:00:00,20.3,43.0,34.3,48,18.1,karachi
2025-05-03 14:00:00,18.4,36.9,34.0,50,18.2,karachi
2025-05-03 15:00:00,16.7,31.9,33.5,54,16.1,karachi
2025-05-03 16:00:00,15.9,29.8,33.0,54,15.6,karachi
2025-05-03 17:00:00,13.2,24.6,32.0,59,16.8,karachi
2025-05-03 18:00:00,14.1,24.6,30.8,63,11.3,karachi
2025-05-03 19:00:00,16.6,27.1,29.4,73,10.3,karachi
2025-05-03 20:00:00,19.7,31.4,28.9,78,10.5,karachi
2025-05-03 21:00:00,20.7,33.2,28.7,80,10.3,karachi
2025-05-03 22:00:00,20.2,32.8,28.5,81,7.6,karachi
2025-05-03 23:00:00,19.2,31.0,28.2,81,6.2,karachi
2025-05-04 00:00:00,18.1,29.6,28.0,82,1.3,karachi
2025-05-04 01:00:00,16.9,28.6,27.7,83,3.0,karachi
2025-05-04 02:00:00,16.5,28.9,27.5,84,5.0,karachi
2025-05-04 03:00:00,16.5,29.9,27.4,84,6.1,karachi
2025-05-04 04:00:00,15.8,29.5,27.3,84,10.3,karachi
2025-05-04 05:00:00,15.1,25.6,27.5,81,12.6,karachi
2025-05-04 06:00:00,15.7,27.2,27.7,81,13.0,karachi
2025-05-04 07:00:00,17.8,28.9,28.5,75,11.2,karachi
2025-05-04 08:00:00,20.2,31.9,30.3,64,12.5,karachi
2025-05-04 09:00:00,20.0,31.8,32.0,54,14.8,karachi
2025-05-04 10:00:00,18.4,29.7,32.8,52,13.8,karachi
2025-05-04 11:00:00,17.0,28.1,33.5,51,15.0,karachi
2025-05-04 12:00:00,16.2,28.8,33.5,54,16.1,karachi
2025-05-04 13:00:00,17.0,30.5,33.3,58,17.1,karachi
2025-05-04 14:00:00,18.1,32.1,33.0,58,18.0,karachi
2025-05-04 15:00:00,18.5,32.5,32.6,61,17.4,karachi
2025-05-04 16:00:00,18.4,31.3,31.6,66,17.1,karachi
2025-05-04 17:00:00,22.2,38.1,31.2,68,13.7,karachi
2025-05-04 18:00:00,22.3,36.7,30.0,71,11.6,karachi
2025-05-04 19:00:00,22.1,32.8,29.2,76,10.8,karachi
2025-05-04 20:00:00,22.9,31.2,29.1,78,8.8,karachi
2025-05-04 21:00:00,21.7,30.5,29.0,79,5.7,karachi
2025-05-04 22:00:00,21.0,31.7,28.8,80,6.9,karachi
2025-05-04 23:00:00,21.4,35.3,28.6,80,8.9,karachi
2025-05-05 00:00:00,21.7,39.8,28.2,83,7.6,karachi
2025-05-05 01:00:00,20.8,43.1,28.0,84,6.2,karachi
2025-05-05 02:00:00,19.5,45.2,27.9,84,7.9,karachi
2025-05-05 03:00:00,18.6,46.3,27.8,85,9.1,karachi
2025-05-05 04:00:00,18.3,48.0,27.6,85,9.6,karachi
2025-05-05 05:00:00,17.1,43.8,27.5,87,7.3,karachi
2025-05-05 06:00:00,16.4,39.6,26.4,74,4.4,karachi
2025-05-05 07:00:00,16.7,38.5,26.9,67,3.0,karachi
2025-05-05 08:00:00,17.1,37.4,28.5,57,3.2,karachi
2025-05-05 09:00:00,17.6,42.3,30.0,54,5.1,karachi
2025-05-05 10:00:00,19.4,46.4,31.0,52,7.6,karachi
2025-05-05 11:00:00,22.2,54.6,31.7,53,9.2,karachi
2025-05-05 12:00:00,24.8,68.5,32.3,51,10.0,karachi
2025-05-05 13:00:00,25.8,75.0,33.0,46,11.7,karachi
2025-05-05 14:00:00,25.6,73.3,32.7,50,13.4,karachi
2025-05-05 15:00:00,25.1,74.3,32.0,61,12.7,karachi
2025-05-05 16:00:00,28.7,100.8,31.8,65,10.7,karachi
2025-05-05 17:00:00,40.2,172.3,31.4,69,10.1,karachi
2025-05-05 18:00:00,39.1,151.3,32.0,52,8.0,karachi
2025-05-05 19:00:00,38.3,108.3,30.6,63,6.5,karachi
2025-05-05 20:00:00,39.1,87.8,29.6,78,5.7,karachi
2025-05-05 21:00:00,39.7,79.6,29.0,85,3.9,karachi
2025-05-05 22:00:00,36.9,72.4,28.9,84,2.2,karachi
2025-05-05 23:00:00,34.5,69.6,28.7,85,3.6,karachi
2025-05-06 00:00:00,34.5,70.3,28.5,86,1.3,karachi
2025-05-06 01:00:00,33.2,61.2,28.2,87,1.7,karachi
2025-05-06 02:00:00,30.5,55.2,27.9,89,6.3,karachi
2025-05-06 03:00:00,30.4,53.2,27.4,89,6.7,karachi
2025-05-06 04:00:00,30.6,53.6,27.2,86,6.1,karachi
2025-05-06 05:00:00,41.9,73.6,27.4,77,6.1,karachi
2025-05-06 06:00:00,42.7,75.4,27.2,95,6.0,karachi
2025-05-06 07:00:00,46.6,77.5,27.8,84,6.7,karachi
2025-05-06 08:00:00,46.3,104.8,29.0,76,6.1,karachi
2025-05-06 09:00:00,43.3,122.9,30.2,67,7.2,karachi
2025-05-06 10:00:00,43.1,129.0,31.3,59,8.5,karachi
2025-05-06 11:00:00,45.3,135.0,32.0,54,10.3,karachi
2025-05-06 12:00:00,44.6,129.9,32.3,54,12.1,karachi
2025-05-06 13:00:00,42.5,121.1,32.5,56,13.0,karachi
2025-05-06 14:00:00,40.5,116.6,32.8,54,13.0,karachi
2025-05-06 15:00:00,38.0,120.1,32.4,57,13.0,karachi
2025-05-06 16:00:00,35.6,120.6,31.5,64,12.3,karachi
2025-05-06 17:00:00,36.8,129.5,30.7,68,10.9,karachi
2025-05-06 18:00:00,34.5,127.1,31.2,66,8.3,karachi
2025-05-06 19:00:00,31.5,111.8,29.5,81,11.1,karachi
2025-05-06 20:00:00,28.4,92.9,28.8,85,9.2,karachi
2025-05-06 21:00:00,24.7,70.5,28.7,86,10.2,karachi
2025-05-06 22:00:00,21.4,54.8,28.5,86,10.5,karachi
2025-05-06 23:00:00,18.7,40.2,28.5,86,9.6,karachi
2025-05-07 00:00:00,16.9,32.2,28.2,87,8.2,karachi
2025-05-07 01:00:00,15.5,28.5,28.0,88,7.0,karachi
2025-05-07 02:00:00,15.3,27.0,27.8,88,4.1,karachi
2025-05-07 03:00:00,15.9,27.0,27.7,88,1.9,karachi
2025-05-07 04:00:00,17.2,29.3,27.5,88,2.4,karachi
2025-05-07 05:00:00,16.6,23.1,27.4,89,3.4,karachi
2025-05-07 06:00:00,17.8,27.0,27.3,92,2.2,karachi
2025-05-07 07:00:00,19.4,38.1,27.8,88,1.9,karachi
2025-05-07 08:00:00,20.1,54.8,29.1,77,0.7,karachi
2025-05-07 09:00:00,23.1,78.2,30.7,68,2.5,karachi
2025-05-07 10:00:00,29.3,99.4,32.3,60,4.8,karachi
2025-05-07 11:00:00,37.5,116.4,33.2,59,9.2,karachi
2025-05-07 12:00:00,41.3,117.6,33.5,55,12.4,karachi
2025-05-07 13:00:00,38.1,101.3,33.5,51,12.9,karachi
2025-05-07 14:00:00,33.6,81.7,32.2,63,14.8,karachi
2025-05-07 15:00:00,27.3,67.3,32.2,61,14.9,karachi
2025-05-07 16:00:00,23.2,61.9,31.5,66,14.8,karachi
2025-05-07 17:00:00,18.8,50.6,30.9,71,14.3,karachi
2025-05-07 18:00:00,16.6,46.0,30.2,70,12.1,karachi
2025-05-07 19:00:00,15.4,40.7,29.3,77,10.8,karachi
2025-05-07 20:00:00,15.4,37.4,28.8,80,7.7,karachi
2025-05-07 21:00:00,15.8,36.1,28.5,83,7.2,karachi
2025-05-07 22:00:00,16.5,35.7,28.3,84,7.6,karachi
2025-05-07 23:00:00,18.7,34.9,28.1,85,6.9,karachi
2025-05-08 00:00:00,21.8,36.7,27.9,87,6.4,karachi
2025-05-08 01:00:00,23.7,38.0,27.7,88,6.2,karachi
2025-05-08 02:00:00,22.8,37.0,27.6,88,4.7,karachi
2025-05-08 03:00:00,21.0,35.0,27.4,90,3.1,karachi
2025-05-08 04:00:00,19.4,34.3,27.2,90,4.0,karachi
2025-05-08 05:00:00,24.1,41.9,27.1,92,4.7,karachi
2025-05-08 06:00:00,23.2,39.6,27.2,91,3.7,karachi
2025-05-08 07:00:00,21.5,42.8,27.7,88,3.6,karachi
2025-05-08 08:00:00,19.3,47.0,28.8,80,2.4,karachi
2025-05-08 09:00:00,19.5,50.3,30.2,70,4.5,karachi
2025-05-08 10:00:00,20.8,51.3,31.3,64,8.3,karachi
2025-05-08 11:00:00,22.4,52.7,31.5,64,11.9,karachi
2025-05-08 12:00:00,22.5,52.7,31.8,61,12.1,karachi
2025-05-08 13:00:00,22.0,53.6,32.0,60,12.0,karachi
2025-05-08 14:00:00,21.3,52.2,32.2,60,11.7,karachi
2025-05-08 15:00:00,21.2,53.0,32.2,60,8.6,karachi
2025-05-08 16:00:00,21.1,53.0,31.8,63,10.0,karachi
2025-05-08 17:00:00,19.6,48.7,31.1,66,8.2,karachi
2025-05-08 18:00:00,19.6,50.9,30.5,69,11.1,karachi
2025-05-08 19:00:00,19.3,50.4,29.8,74,7.3,karachi
2025-05-08 20:00:00,19.7,50.9,29.6,75,6.0,karachi
2025-05-08 21:00:00,20.8,50.6,29.4,77,6.8,karachi
2025-05-08 22:00:00,22.0,52.5,29.1,79,7.3,karachi
2025-05-08 23:00:00,23.2,54.0,29.0,80,8.0,karachi
2025-05-09 00:00:00,24.0,56.1,28.7,82,9.5,karachi
2025-05-09 01:00:00,24.5,58.0,28.4,84,8.0,karachi
2025-05-09 02:00:00,25.1,59.0,28.1,85,8.1,karachi
2025-05-09 03:00:00,25.5,59.8,27.9,86,5.8,karachi
2025-05-09 04:00:00,25.7,61.7,27.6,88,5.8,karachi
2025-05-09 05:00:00,30.2,66.1,27.4,90,5.1,karachi
2025-05-09 06:00:00,31.5,59.5,27.3,82,3.4,karachi
2025-05-09 07:00:00,31.4,63.3,27.7,78,3.3,karachi
2025-05-09 08:00:00,31.7,87.8,28.6,73,2.4,karachi
2025-05-09 09:00:00,30.4,91.5,30.0,65,3.7,karachi
2025-05-09 10:00:00,31.3,90.8,31.2,59,7.3,karachi
2025-05-09 11:00:00,33.5,92.0,31.9,57,10.3,karachi
2025-05-09 12:00:00,33.9,89.6,32.3,54,10.9,karachi
2025-05-09 13:00:00,33.1,85.9,32.3,58,12.3,karachi
2025-05-09 14:00:00,31.4,81.0,32.2,60,13.0,karachi
2025-05-09 15:00:00,29.5,76.4,31.9,61,13.6,karachi
2025-05-09 16:00:00,28.4,74.5,31.5,65,10.0,karachi
2025-05-09 17:00:00,30.6,80.8,32.1,61,9.1,karachi
2025-05-09 18:00:00,27.0,69.4,31.3,64,11.9,karachi
2025-05-09 19:00:00,24.3,59.6,30.1,71,10.2,karachi
2025-05-09 20:00:00,24.0,57.5,29.6,74,7.5,karachi
2025-05-09 21:00:00,24.5,57.3,29.5,76,8.9,karachi
2025-05-09 22:00:00,25.0,56.3,29.3,77,10.1,karachi
2025-05-09 23:00:00,25.8,56.0,29.0,78,8.4,karachi
2025-05-10 00:00:00,26.4,55.6,28.7,80,6.8,karachi
2025-05-10 01:00:00,26.3,56.0,28.3,83,7.8,karachi
2025-05-10 02:00:00,26.0,55.9,28.1,84,8.5,karachi
2025-05-10 03:00:00,26.1,55.9,27.8,86,10.1,karachi
2025-05-10 04:00:00,26.3,56.1,27.6,87,9.1,karachi
2025-05-10 05:00:00,27.5,54.6,27.4,88,7.4,karachi
2025-05-10 06:00:00,27.9,55.9,27.0,80,6.5,karachi
2025-05-10 07:00:00,30.0,73.3,27.5,76,6.2,karachi
2025-05-10 08:00:00,30.7,80.3,29.0,69,8.2,karachi
2025-05-10 09:00:00,32.6,85.9,30.9,59,8.5,karachi
2025-05-10 10:00:00,35.3,90.3,32.7,50,9.6,karachi
2025-05-10 11:00:00,36.8,91.5,33.5,50,11.5,karachi
2025-05-10 12:00:00,36.6,89.9,34.0,50,13.1,karachi
2025-05-10 13:00:00,35.9,88.9,33.8,52,15.2,karachi
2025-05-10 14:00:00,34.5,86.1,33.3,53,16.3,karachi
2025-05-10 15:00:00,32.8,81.7,32.7,56,13.9,karachi
2025-05-10 16:00:00,31.2,77.3,32.8,53,13.6,karachi
2025-05-10 17:00:00,25.1,59.1,31.9,59,17.2,karachi
2025-05-10 18:00:00,25.4,60.3,30.5,67,13.2,karachi
2025-05-10 19:00:00,26.1,61.5,29.1,77,13.7,karachi
2025-05-10 20:00:00,26.9,62.4,28.8,81,13.2,karachi
2025-05-10 21:00:00,27.5,63.3,28.6,81,11.5,karachi
2025-05-10 22:00:00,27.9,61.9,28.5,82,11.8,karachi
2025-05-10 23:00:00,28.2,63.1,28.4,81,12.7,karachi
2025-05-11 00:00:00,28.0,63.3,28.2,81,13.4,karachi
2025-05-11 01:00:00,27.3,63.3,28.0,83,14.3,karachi
2025-05-11 02:00:00,26.7,62.2,27.8,83,11.4,karachi
2025-05-11 03:00:00,26.3,59.3,27.7,83,10.5,karachi
2025-05-11 04:00:00,25.9,57.0,27.6,84,9.0,karachi
2025-05-11 05:00:00,25.5,56.9,27.3,86,9.6,karachi
2025-05-11 06:00:00,25.8,56.0,27.4,88,8.6,karachi
2025-05-11 07:00:00,27.9,62.4,28.0,86,8.6,karachi
2025-05-11 08:00:00,30.0,71.9,29.4,78,9.2,karachi
2025-05-11 09:00:00,31.8,78.7,30.8,70,10.8,karachi
2025-05-11 10:00:00,33.6,82.9,31.7,66,13.1,karachi
2025-05-11 11:00:00,35.3,85.0,32.2,64,15.0,karachi
2025-05-11 12:00:00,35.2,84.1,32.5,63,15.7,karachi
2025-05-11 13:00:00,34.2,81.7,32.5,62,16.7,karachi
2025-05-11 14:00:00,33.1,78.9,32.2,64,17.3,karachi
2025-05-11 15:00:00,32.0,76.4,32.0,64,18.0,karachi
2025-05-11 16:00:00,31.0,74.0,31.6,65,14.5,karachi
2025-05-11 17:00:00,43.9,106.4,31.5,65,11.4,karachi
2025-05-11 18:00:00,43.8,104.3,30.5,74,13.3,karachi
2025-05-11 19:00:00,43.4,99.4,29.2,81,15.0,karachi
2025-05-11 20:00:00,43.5,95.7,28.6,85,13.7,karachi
2025-05-11 21:00:00,43.3,87.8,28.8,83,14.0,karachi
2025-05-11 22:00:00,43.2,87.5,28.7,83,14.4,karachi
2025-05-11 23:00:00,43.1,86.6,28.5,84,12.7,karachi
2025-05-12 00:00:00,42.4,85.4,28.2,86,12.1,karachi
2025-05-12 01:00:00,41.2,84.3,28.0,86,12.2,karachi
2025-05-12 02:00:00,40.0,83.8,27.8,86,10.2,karachi
2025-05-12 03:00:00,38.8,82.0,27.7,86,10.0,karachi
2025-05-12 04:00:00,37.7,80.3,27.5,88,10.0,karachi
2025-05-12 05:00:00,35.7,71.2,27.4,89,9.7,karachi
2025-05-12 06:00:00,35.5,71.2,27.9,87,11.6,karachi
2025-05-12 07:00:00,36.8,85.0,28.4,83,12.6,karachi
2025-05-12 08:00:00,36.0,89.6,29.5,75,12.8,karachi
2025-05-12 09:00:00,35.4,89.6,30.6,68,14.5,karachi
2025-05-12 10:00:00,35.2,92.2,31.4,65,16.2,karachi
2025-05-12 11:00:00,35.2,95.9,31.7,65,17.8,karachi
2025-05-12 12:00:00,34.8,102.9,32.0,64,18.5,karachi
2025-05-12 13:00:00,33.5,100.8,32.0,65,18.1,karachi
2025-05-12 14:00:00,31.8,96.2,31.8,65,18.1,karachi
2025-05-12 15:00:00,29.9,92.0,31.4,68,18.1,karachi
2025-05-12 16:00:00,27.6,85.4,31.4,67,16.7,karachi
2025-05-12 17:00:00,22.1,68.5,31.0,68,15.5,karachi
2025-05-12 18:00:00,20.0,59.5,29.6,73,17.0,karachi
2025-05-12 19:00:00,18.4,50.2,28.9,76,13.2,karachi
2025-05-12 20:00:00,17.6,42.4,28.6,79,12.2,karachi
2025-05-12 21:00:00,17.2,35.6,28.4,79,12.7,karachi
2025-05-12 22:00:00,16.6,31.8,28.2,82,10.8,karachi
2025-05-12 23:00:00,16.6,29.3,28.0,84,10.0,karachi
2025-05-13 00:00:00,16.8,27.6,27.7,86,9.1,karachi
2025-05-13 01:00:00,16.4,26.1,27.5,88,8.8,karachi
2025-05-13 02:00:00,15.7,24.9,27.2,90,8.7,karachi
2025-05-13 03:00:00,15.1,24.2,27.0,91,9.4,karachi
2025-05-13 04:00:00,14.9,24.5,26.9,92,8.2,karachi
2025-05-13 05:00:00,15.4,26.8,26.8,92,9.7,karachi
2025-05-13 06:00:00,16.2,27.8,27.4,91,11.0,karachi
2025-05-13 07:00:00,18.3,33.1,28.0,87,12.7,karachi
2025-05-13 08:00:00,19.7,37.3,29.2,78,13.5,karachi
2025-05-13 09:00:00,20.9,40.4,30.4,70,14.4,karachi
2025-05-13 10:00:00,22.4,44.0,31.4,64,15.6,karachi
2025-05-13 11:00:00,23.3,46.6,32.0,62,16.3,karachi
2025-05-13 12:00:00,23.9,49.8,32.6,60,16.5,karachi
2025-05-13 13:00:00,23.9,52.6,32.7,62,16.9,karachi
2025-05-13 14:00:00,23.7,55.4,32.4,64,17.3,karachi
2025-05-13 15:00:00,22.9,53.7,32.2,64,16.0,karachi
2025-05-13 16:00:00,21.6,48.0,32.0,62,15.1,karachi
2025-05-13 17:00:00,20.5,47.4,31.5,67,13.8,karachi
2025-05-13 18:00:00,20.4,42.8,30.2,71,12.8,karachi
2025-05-13 19:00:00,20.1,38.4,29.5,76,11.5,karachi
2025-05-13 20:00:00,19.8,34.1,28.9,82,12.2,karachi
2025-05-13 21:00:00,19.8,31.5,28.8,82,11.4,karachi
2025-05-13 22:00:00,19.8,31.0,28.7,82,10.9,karachi
2025-05-13 23:00:00,20.0,30.5,28.5,85,10.7,karachi
2025-05-14 00:00:00,20.0,29.9,28.1,88,11.8,karachi
2025-05-14 01:00:00,19.7,29.1,28.0,89,8.4,karachi
2025-05-14 02:00:00,18.9,28.5,27.8,91,7.6,karachi
2025-05-14 03:00:00,18.5,29.0,27.5,92,7.4,karachi
2025-05-14 04:00:00,18.6,30.9,27.3,93,8.0,karachi
2025-05-14 05:00:00,16.0,23.6,27.2,93,7.5,karachi
2025-05-14 06:00:00,16.7,26.4,27.9,90,8.5,karachi
2025-05-14 07:00:00,18.5,31.2,28.5,87,7.6,karachi
2025-05-14 08:00:00,20.0,35.5,30.0,77,9.4,karachi
2025-05-14 09:00:00,21.7,40.2,31.5,69,9.5,karachi
2025-05-14 10:00:00,24.2,48.3,33.0,62,10.2,karachi
2025-05-14 11:00:00,26.9,58.9,33.8,59,12.0,karachi
2025-05-14 12:00:00,27.6,63.6,34.3,58,13.4,karachi
2025-05-14 13:00:00,26.5,62.6,34.5,57,14.9,karachi
2025-05-14 14:00:00,25.3,61.9,34.0,57,15.5,karachi
2025-05-14 15:00:00,25.0,63.8,34.0,56,11.6,karachi
2025-05-14 16:00:00,24.6,62.2,33.5,59,14.7,karachi
2025-05-14 17:00:00,27.6,75.0,32.5,65,13.0,karachi
2025-05-14 18:00:00,27.0,67.1,30.8,69,13.3,karachi
2025-05-14 19:00:00,25.4,56.0,30.0,76,12.6,karachi
2025-05-14 20:00:00,24.5,46.4,29.5,80,11.5,karachi
2025-05-14 21:00:00,23.3,41.0,29.4,81,12.8,karachi
2025-05-14 22:00:00,22.1,38.5,29.1,83,9.2,karachi
2025-05-14 23:00:00,21.5,36.6,28.9,85,7.3,karachi
2025-05-15 00:00:00,21.5,35.7,28.5,88,8.4,karachi
2025-05-15 01:00:00,21.7,35.5,28.2,89,7.3,karachi
2025-05-15 02:00:00,20.8,34.1,28.0,90,7.1,karachi
2025-05-15 03:00:00,19.2,32.1,27.9,90,7.8,karachi
2025-05-15 04:00:00,17.7,31.0,27.7,91,6.7,karachi
2025-05-15 05:00:00,16.9,30.4,27.5,91,8.5,karachi
2025-05-15 06:00:00,16.3,29.5,28.2,88,8.1,karachi
2025-05-15 07:00:00,18.5,30.7,29.0,83,6.7,karachi
2025-05-15 08:00:00,19.4,37.3,30.4,74,8.2,karachi
2025-05-15 09:00:00,21.0,41.7,31.7,67,9.8,karachi
2025-05-15 10:00:00,22.8,46.7,32.8,62,10.5,karachi
2025-05-15 11:00:00,24.4,51.0,33.5,60,12.3,karachi
2025-05-15 12:00:00,24.4,53.2,33.7,60,14.1,karachi
2025-05-15 13:00:00,23.7,53.9,33.5,61,15.6,karachi
2025-05-15 14:00:00,23.7,58.2,33.2,62,16.2,karachi
2025-05-15 15:00:00,24.4,65.4,33.0,63,16.1,karachi
2025-05-15 16:00:00,24.6,68.0,32.5,64,14.8,karachi
2025-05-15 17:00:00,23.3,68.2,32.1,66,10.5,karachi
2025-05-15 18:00:00,23.8,64.3,31.4,67,10.4,karachi
2025-05-15 19:00:00,23.5,54.7,30.5,71,10.8,karachi
2025-05-15 20:00:00,24.2,45.4,29.9,78,10.6,karachi
2025-05-15 21:00:00,23.7,41.0,29.5,82,10.2,karachi
2025-05-15 22:00:00,22.3,37.3,29.3,84,9.9,karachi
2025-05-15 23:00:00,20.3,33.3,29.0,86,7.7,karachi
2025-05-16 00:00:00,19.0,31.7,28.8,89,7.1,karachi
2025-05-16 01:00:00,18.7,31.9,28.5,90,5.4,karachi
2025-05-16 02:00:00,19.2,32.7,28.3,91,4.5,karachi
2025-05-16 03:00:00,21.7,38.4,28.1,92,6.7,karachi
2025-05-16 04:00:00,21.9,38.4,28.0,92,7.0,karachi
2025-05-16 05:00:00,19.2,34.0,27.8,92,8.1,karachi
2025-05-16 06:00:00,17.8,29.8,28.2,92,8.7,karachi
2025-05-16 07:00:00,17.5,30.5,29.0,87,10.3,karachi
2025-05-16 08:00:00,17.0,31.9,29.9,81,10.7,karachi
2025-05-16 09:00:00,18.0,34.0,30.8,75,12.7,karachi
2025-05-16 10:00:00,18.3,35.5,31.5,71,13.8,karachi
2025-05-16 11:00:00,18.1,36.2,32.2,68,14.5,karachi
2025-05-16 12:00:00,18.0,36.8,32.5,66,14.8,karachi
2025-05-16 13:00:00,18.3,38.4,32.8,64,14.8,karachi
2025-05-16 14:00:00,19.0,40.9,32.8,64,14.9,karachi
2025-05-16 15:00:00,19.9,43.5,32.5,68,13.6,karachi
2025-05-16 16:00:00,20.5,45.4,32.2,68,13.4,karachi
2025-05-16 17:00:00,21.3,47.8,31.6,72,12.9,karachi
2025-05-16 18:00:00,21.4,47.8,30.5,76,12.5,karachi
2025-05-16 19:00:00,20.7,44.7,29.9,80,10.5,karachi
2025-05-16 20:00:00,21.3,39.3,29.7,81,11.7,karachi
2025-05-16 21:00:00,21.1,37.1,29.4,81,13.0,karachi
2025-05-16 22:00:00,20.7,35.4,29.4,81,14.8,karachi
2025-05-16 23:00:00,19.8,33.5,29.1,82,11.9,karachi
2025-05-17 00:00:00,18.1,30.9,29.0,82,10.9,karachi
2025-05-17 01:00:00,16.7,28.9,28.7,86,9.6,karachi
2025-05-17 02:00:00,16.4,28.8,28.4,87,9.3,karachi
2025-05-17 03:00:00,16.0,28.2,28.3,87,9.7,karachi
2025-05-17 04:00:00,15.7,28.8,28.2,86,10.3,karachi
2025-05-17 05:00:00,15.9,29.2,28.0,86,8.0,karachi
2025-05-17 06:00:00,16.0,30.4,28.4,85,7.2,karachi
2025-05-17 07:00:00,17.3,35.0,28.9,81,8.9,karachi
2025-05-17 08:00:00,18.1,41.1,29.7,76,10.6,karachi
2025-05-17 09:00:00,18.7,45.3,30.5,71,12.8,karachi
2025-05-17 10:00:00,20.4,46.4,31.2,67,14.6,karachi
2025-05-17 11:00:00,21.2,47.4,31.9,64,15.7,karachi
2025-05-17 12:00:00,21.1,46.9,32.2,63,15.8,karachi
2025-05-17 13:00:00,20.5,46.0,32.4,64,15.9,karachi
2025-05-17 14:00:00,20.1,45.1,32.5,62,16.2,karachi
2025-05-17 15:00:00,19.7,44.2,32.4,62,15.4,karachi
2025-05-17 16:00:00,19.3,43.1,32.0,64,13.7,karachi
2025-05-17 17:00:00,20.0,47.3,31.5,67,13.1,karachi
2025-05-17 18:00:00,19.2,42.7,30.5,73,11.1,karachi
2025-05-17 19:00:00,18.2,39.2,30.0,75,11.4,karachi
2025-05-17 20:00:00,19.0,35.2,29.7,76,11.5,karachi
2025-05-17 21:00:00,19.0,34.0,29.8,76,13.0,karachi
2025-05-17 22:00:00,18.1,32.7,29.6,77,13.0,karachi
2025-05-17 23:00:00,17.2,32.1,29.5,77,10.1,karachi
2025-05-18 00:00:00,16.8,32.5,29.4,78,9.6,karachi
2025-05-18 01:00:00,16.8,32.4,29.0,80,9.3,karachi
2025-05-18 02:00:00,17.1,31.7,28.8,81,8.2,karachi
2025-05-18 03:00:00,17.1,32.0,28.5,82,6.9,karachi
2025-05-18 04:00:00,16.9,32.1,28.3,83,5.4,karachi
2025-05-18 05:00:00,15.9,30.2,28.1,84,4.2,karachi
2025-05-18 06:00:00,16.2,30.2,28.5,81,5.1,karachi
2025-05-18 07:00:00,17.5,38.3,28.9,79,4.3,karachi
2025-05-18 08:00:00,17.3,41.0,29.9,73,6.9,karachi
2025-05-18 09:00:00,18.3,42.0,30.8,69,9.7,karachi
2025-05-18 10:00:00,19.8,42.6,31.5,65,11.5,karachi
2025-05-18 11:00:00,21.1,42.8,32.0,63,12.8,karachi
2025-05-18 12:00:00,20.5,40.3,32.3,64,12.9,karachi
2025-05-18 13:00:00,19.2,36.9,32.7,62,13.4,karachi
2025-05-18 14:00:00,17.2,32.9,32.8,62,13.7,karachi
2025-05-18 15:00:00,15.6,30.4,32.5,64,14.7,karachi
2025-05-18 16:00:00,15.0,29.7,31.9,66,15.4,karachi
2025-05-18 17:00:00,14.0,29.6,31.2,70,14.5,karachi
2025-05-18 18:00:00,14.1,29.3,30.5,70,14.2,karachi
2025-05-18 19:00:00,14.3,29.3,29.6,75,12.1,karachi
2025-05-18 20:00:00,14.9,29.9,29.4,77,11.5,karachi
2025-05-18 21:00:00,15.7,30.4,29.2,77,8.1,karachi
2025-05-18 22:00:00,16.4,31.1,29.0,77,11.0,karachi
2025-05-18 23:00:00,17.5,32.1,28.9,78,9.8,karachi
2025-05-19 00:00:00,17.8,32.4,28.7,79,8.1,karachi
2025-05-19 01:00:00,17.1,31.7,28.5,80,8.4,karachi
2025-05-19 02:00:00,16.2,30.9,28.4,81,8.8,karachi
2025-05-19 03:00:00,15.3,29.8,28.2,81,9.4,karachi
2025-05-19 04:00:00,14.5,28.7,28.0,82,9.8,karachi
2025-05-19 05:00:00,14.6,28.9,27.9,83,8.6,karachi
2025-05-19 06:00:00,14.8,28.8,28.0,84,8.1,karachi
2025-05-19 07:00:00,16.2,36.0,28.6,80,8.2,karachi
2025-05-19 08:00:00,16.6,37.7,29.8,72,10.1,karachi
2025-05-19 09:00:00,17.1,37.1,30.8,67,11.6,karachi
2025-05-19 10:00:00,18.0,38.2,31.4,65,13.6,karachi
2025-05-19 11:00:00,18.8,39.6,31.9,64,14.7,karachi
2025-05-19 12:00:00,19.0,40.2,32.4,62,15.3,karachi
2025-05-19 13:00:00,18.7,40.3,32.7,60,16.2,karachi
2025-05-19 14:00:00,18.7,41.1,32.5,61,16.7,karachi
2025-05-19 15:00:00,18.6,41.6,32.2,62,16.1,karachi
2025-05-19 16:00:00,18.4,42.1,31.9,64,15.7,karachi
2025-05-19 17:00:00,21.3,53.0,31.2,67,15.1,karachi
2025-05-19 18:00:00,21.7,54.2,30.5,70,12.5,karachi
2025-05-19 19:00:00,21.7,53.3,29.9,74,12.4,karachi
2025-05-19 20:00:00,22.0,49.2,29.5,75,13.9,karachi
2025-05-19 21:00:00,21.9,49.5,29.1,77,12.2,karachi
2025-05-19 22:00:00,22.1,48.5,29.1,76,13.0,karachi
2025-05-19 23:00:00,22.3,48.3,29.0,77,12.6,karachi
2025-05-20 00:00:00,22.4,48.4,28.8,78,11.9,karachi
2025-05-20 01:00:00,22.0,48.0,28.6,79,10.8,karachi
2025-05-20 02:00:00,21.5,46.8,28.5,80,11.1,karachi
2025-05-20 03:00:00,20.5,44.6,28.4,80,11.6,karachi
2025-05-20 04:00:00,19.5,42.5,28.3,80,11.1,karachi
2025-05-20 05:00:00,19.2,42.5,28.2,81,11.3,karachi
2025-05-20 06:00:00,19.0,41.6,28.7,80,11.4,karachi
2025-05-20 07:00:00,20.1,45.3,29.2,77,13.9,karachi
2025-05-20 08:00:00,20.6,50.3,30.1,71,14.2,karachi
2025-05-20 09:00:00,21.6,59.0,31.2,64,14.7,karachi
2025-05-20 10:00:00,23.6,71.9,32.1,61,15.4,karachi
2025-05-20 11:00:00,24.9,82.4,32.8,58,16.5,karachi
2025-05-20 12:00:00,25.7,88.5,33.1,58,17.2,karachi
2025-05-20 13:00:00,25.3,86.6,33.2,57,17.1,karachi
2025-05-20 14:00:00,25.0,85.9,33.2,58,16.8,karachi
2025-05-20 15:00:00,24.7,85.2,32.9,59,16.4,karachi
2025-05-20 16:00:00,24.4,86.1,32.5,60,16.1,karachi
2025-05-20 17:00:00,27.8,108.7,32.0,63,15.5,karachi
2025-05-20 18:00:00,26.5,102.2,30.8,70,13.1,karachi
2025-05-20 19:00:00,25.3,94.5,29.9,74,12.6,karachi
2025-05-20 20:00:00,24.3,86.6,29.4,77,11.6,karachi
2025-05-20 21:00:00,23.4,81.5,29.2,78,12.6,karachi
2025-05-20 22:00:00,22.9,75.2,29.1,78,13.0,karachi
2025-05-20 23:00:00,22.9,72.9,28.9,80,13.4,karachi
2025-05-21 00:00:00,22.6,72.4,28.8,80,12.6,karachi
2025-05-21 01:00:00,21.8,71.2,28.7,80,12.8,karachi
2025-05-21 02:00:00,20.9,68.7,28.5,82,12.4,karachi
2025-05-21 03:00:00,20.3,67.1,28.2,83,11.9,karachi
2025-05-21 04:00:00,20.1,66.8,28.4,81,12.2,karachi
2025-05-21 05:00:00,20.2,67.8,28.0,82,11.6,karachi
2025-05-21 06:00:00,21.1,72.6,28.5,83,12.7,karachi
2025-05-21 07:00:00,24.2,96.6,29.0,80,13.8,karachi
2025-05-21 08:00:00,28.0,133.2,29.8,74,14.0,karachi
2025-05-21 09:00:00,29.7,140.2,30.9,67,14.9,karachi
2025-05-21 10:00:00,31.2,140.2,32.0,61,15.0,karachi
2025-05-21 11:00:00,32.1,136.0,32.5,60,15.6,karachi
2025-05-21 12:00:00,32.1,131.3,32.9,60,16.0,karachi
2025-05-21 13:00:00,32.0,129.5,32.9,60,16.3,karachi
2025-05-21 14:00:00,31.7,126.2,32.8,61,15.9,karachi
2025-05-21 15:00:00,30.9,121.5,32.4,62,15.5,karachi
2025-05-21 16:00:00,29.7,116.4,32.0,64,14.8,karachi
2025-05-21 17:00:00,34.3,149.0,31.2,67,14.6,karachi
2025-05-21 18:00:00,32.4,133.2,30.5,73,14.1,karachi
2025-05-21 19:00:00,30.5,116.2,30.0,75,13.3,karachi
2025-05-21 20:00:00,29.2,104.1,29.8,75,13.4,karachi
2025-05-21 21:00:00,27.9,89.9,29.2,77,14.5,karachi
2025-05-21 22:00:00,27.6,86.8,29.1,78,13.6,karachi
2025-05-21 23:00:00,27.3,85.4,28.9,79,13.9,karachi
2025-05-22 00:00:00,26.0,84.3,28.8,80,14.1,karachi
2025-05-22 01:00:00,23.7,78.0,28.5,81,13.5,karachi
2025-05-22 02:00:00,21.7,72.9,28.4,82,11.6,karachi
2025-05-22 03:00:00,20.3,68.9,28.1,83,11.1,karachi
2025-05-22 04:00:00,19.5,66.8,27.9,84,10.9,karachi
2025-05-22 05:00:00,20.6,78.2,27.9,85,10.8,karachi
2025-05-22 06:00:00,20.9,78.9,28.2,85,10.4,karachi
2025-05-22 07:00:00,23.2,96.4,28.9,81,13.0,karachi
2025-05-22 08:00:00,25.0,113.9,29.9,75,13.9,karachi
2025-05-22 09:00:00,26.4,115.7,30.9,69,14.3,karachi
2025-05-22 10:00:00,27.0,110.4,31.5,66,15.7,karachi
2025-05-22 11:00:00,27.3,106.4,32.0,64,16.9,karachi
2025-05-22 12:00:00,26.5,101.0,32.5,62,17.3,karachi
2025-05-22 13:00:00,25.3,96.6,32.2,64,17.3,karachi
2025-05-22 14:00:00,24.4,94.1,32.2,62,16.9,karachi
2025-05-22 15:00:00,23.6,91.7,32.2,62,16.5,karachi
2025-05-22 16:00:00,22.3,84.3,31.9,64,16.4,karachi
2025-05-22 17:00:00,22.1,85.7,31.1,68,15.7,karachi
2025-05-22 18:00:00,21.3,78.7,30.5,71,13.3,karachi
2025-05-22 19:00:00,20.3,68.7,29.6,77,12.1,karachi
2025-05-22 20:00:00,20.3,57.0,29.1,80,12.2,karachi
2025-05-22 21:00:00,20.5,56.6,29.0,81,11.7,karachi
2025-05-22 22:00:00,21.0,56.2,28.7,83,12.4,karachi
2025-05-22 23:00:00,21.4,56.0,28.5,84,11.7,karachi
2025-05-23 00:00:00,21.3,56.1,28.4,84,14.0,karachi
2025-05-23 01:00:00,20.3,55.5,28.2,85,14.0,karachi
2025-05-23 02:00:00,19.1,54.9,28.1,85,12.5,karachi
2025-05-23 03:00:00,18.2,54.7,28.1,84,12.5,karachi
2025-05-23 04:00:00,17.6,54.2,28.0,84,12.4,karachi
2025-05-23 05:00:00,15.9,44.0,27.7,85,13.9,karachi
2025-05-23 06:00:00,15.9,45.9,28.0,87,13.7,karachi
2025-05-23 07:00:00,16.8,51.6,28.6,82,14.7,karachi
2025-05-23 08:00:00,19.0,66.4,30.0,71,16.1,karachi
2025-05-23 09:00:00,18.5,61.5,31.0,67,14.6,karachi
2025-05-23 10:00:00,19.4,61.7,32.2,62,14.2,karachi
2025-05-23 11:00:00,20.0,62.2,33.0,59,15.5,karachi
2025-05-23 12:00:00,20.1,61.2,33.5,56,17.1,karachi
2025-05-23 13:00:00,19.9,58.2,33.8,55,16.9,karachi
2025-05-23 14:00:00,19.6,54.7,33.7,55,16.7,karachi
2025-05-23 15:00:00,19.3,51.7,33.0,59,16.9,karachi
2025-05-23 16:00:00,18.7,49.8,32.0,66,16.5,karachi
2025-05-23 17:00:00,18.5,52.5,31.2,69,16.7,karachi
2025-05-23 18:00:00,18.2,53.4,30.6,72,14.2,karachi
2025-05-23 19:00:00,18.1,52.5,29.6,78,13.8,karachi
2025-05-23 20:00:00,18.9,50.1,29.2,81,14.6,karachi
2025-05-23 21:00:00,19.4,49.9,29.0,83,15.5,karachi
2025-05-23 22:00:00,19.1,49.2,28.9,83,16.6,karachi
2025-05-23 23:00:00,18.3,48.3,28.9,83,15.7,karachi
2025-05-24 00:00:00,17.6,48.3,28.9,83,14.7,karachi
2025-05-24 01:00:00,17.2,48.3,28.7,83,14.0,karachi
2025-05-24 02:00:00,16.7,46.7,28.6,83,15.0,karachi
2025-05-24 03:00:00,16.5,45.5,28.5,83,14.8,karachi
2025-05-24 04:00:00,16.4,44.5,28.6,79,14.7,karachi
2025-05-24 05:00:00,15.9,41.4,28.8,78,15.0,karachi
2025-05-24 06:00:00,16.6,43.3,28.7,81,13.7,karachi
2025-05-24 07:00:00,19.0,51.9,29.2,76,14.8,karachi
2025-05-24 08:00:00,19.9,55.3,30.1,71,16.2,karachi
2025-05-24 09:00:00,21.1,57.0,31.1,65,16.0,karachi
2025-05-24 10:00:00,22.8,59.4,32.2,61,15.5,karachi
2025-05-24 11:00:00,23.9,62.9,32.9,58,16.2,karachi
2025-05-24 12:00:00,24.3,63.3,33.2,58,16.4,karachi
2025-05-24 13:00:00,24.3,63.1,33.1,60,17.1,karachi
2025-05-24 14:00:00,24.0,62.4,32.9,60,17.9,karachi
2025-05-24 15:00:00,23.5,61.2,32.7,62,18.3,karachi
2025-05-24 16:00:00,22.8,59.8,32.3,64,17.3,karachi
2025-05-24 17:00:00,25.3,73.8,31.9,66,15.3,karachi
2025-05-24 18:00:00,25.4,71.5,31.8,69,12.5,karachi
2025-05-24 19:00:00,25.4,68.7,30.3,78,13.4,karachi
2025-05-24 20:00:00,25.5,64.0,29.9,80,14.1,karachi
2025-05-24 21:00:00,25.7,60.8,29.6,82,15.1,karachi
2025-05-24 22:00:00,25.7,60.5,29.6,82,17.2,karachi
2025-05-24 23:00:00,25.8,60.3,29.6,82,15.5,karachi
2025-05-25 00:00:00,25.6,59.8,29.5,82,14.6,karachi
2025-05-25 01:00:00,24.5,57.4,29.2,85,13.1,karachi
2025-05-25 02:00:00,24.0,56.3,28.9,87,11.7,karachi
2025-05-25 03:00:00,23.6,56.0,28.8,87,12.2,karachi
2025-05-25 04:00:00,23.6,56.7,28.9,86,12.0,karachi
2025-05-25 05:00:00,24.6,69.2,28.8,84,11.8,karachi
2025-05-25 06:00:00,24.7,65.4,29.1,87,13.2,karachi
2025-05-25 07:00:00,25.3,67.8,29.6,83,15.8,karachi
2025-05-25 08:00:00,26.3,71.0,30.6,76,16.0,karachi
2025-05-25 09:00:00,27.2,72.9,31.8,68,15.7,karachi
2025-05-25 10:00:00,28.1,74.0,33.0,62,14.6,karachi
2025-05-25 11:00:00,28.5,72.6,33.8,59,15.3,karachi
2025-05-25 12:00:00,28.1,70.3,33.9,60,16.6,karachi
2025-05-25 13:00:00,27.4,68.7,33.9,60,16.9,karachi
2025-05-25 14:00:00,26.7,66.4,33.8,60,17.4,karachi
2025-05-25 15:00:00,26.0,65.4,33.3,62,17.7,karachi
2025-05-25 16:00:00,25.5,64.0,32.8,65,17.5,karachi
2025-05-25 17:00:00,32.6,85.9,32.2,68,17.1,karachi
2025-05-25 18:00:00,32.1,83.1,31.3,72,16.7,karachi
2025-05-25 19:00:00,32.1,79.2,30.2,78,13.8,karachi
2025-05-25 20:00:00,32.0,74.5,30.1,79,11.2,karachi
2025-05-25 21:00:00,32.0,71.9,29.8,81,11.9,karachi
2025-05-25 22:00:00,31.9,69.2,29.5,84,13.5,karachi
2025-05-25 23:00:00,31.7,67.8,29.4,85,12.4,karachi
2025-05-26 00:00:00,30.6,63.1,29.2,86,12.1,karachi
2025-05-26 01:00:00,29.1,59.5,29.1,86,13.7,karachi
2025-05-26 02:00:00,27.7,56.3,29.0,87,14.2,karachi
2025-05-26 03:00:00,26.4,53.4,29.0,86,13.6,karachi
2025-05-26 04:00:00,25.0,50.1,28.9,86,12.8,karachi
2025-05-26 05:00:00,24.4,49.6,28.8,87,12.4,karachi
2025-05-26 06:00:00,24.1,49.6,29.1,84,12.7,karachi
2025-05-26 07:00:00,25.7,59.0,29.4,81,13.0,karachi
2025-05-26 08:00:00,26.5,63.6,30.5,74,13.4,karachi
2025-05-26 09:00:00,27.1,64.7,32.0,67,13.8,karachi
2025-05-26 10:00:00,28.2,67.3,33.2,62,13.7,karachi
2025-05-26 11:00:00,29.2,69.6,34.5,58,14.3,karachi
2025-05-26 12:00:00,29.2,70.1,35.2,56,14.9,karachi
2025-05-26 13:00:00,28.2,67.1,35.5,54,16.4,karachi
2025-05-26 14:00:00,26.8,63.6,35.2,54,16.9,karachi
2025-05-26 15:00:00,25.4,60.5,34.5,57,17.2,karachi
2025-05-26 16:00:00,24.3,58.2,33.7,60,17.1,karachi
2025-05-26 17:00:00,37.8,87.8,32.9,63,16.6,karachi
2025-05-26 18:00:00,34.9,82.0,31.9,68,14.6,karachi
2025-05-26 19:00:00,32.9,73.3,30.5,79,14.5,karachi
2025-05-26 20:00:00,31.3,65.0,29.6,85,11.7,karachi
2025-05-26 21:00:00,30.0,59.1,29.4,87,14.4,karachi
2025-05-26 22:00:00,28.9,53.0,29.4,86,13.4,karachi
2025-05-26 23:00:00,27.8,50.2,29.5,83,14.5,karachi
2025-05-27 00:00:00,26.0,47.1,29.5,82,15.4,karachi
2025-05-27 01:00:00,24.0,44.7,29.4,81,14.5,karachi
2025-05-27 02:00:00,22.1,42.0,29.0,85,13.9,karachi
2025-05-27 03:00:00,20.2,38.9,28.8,85,14.8,karachi
2025-05-27 04:00:00,18.9,37.0,28.8,86,16.2,karachi
2025-05-27 05:00:00,17.5,30.2,28.5,86,15.9,karachi
2025-05-27 06:00:00,17.3,32.5,28.9,84,15.4,karachi
2025-05-27 07:00:00,18.6,37.5,29.2,81,16.4,karachi
2025-05-27 08:00:00,20.0,43.1,30.4,74,16.6,karachi
2025-05-27 09:00:00,21.1,46.8,31.5,69,15.7,karachi
2025-05-27 10:00:00,22.1,49.5,32.7,63,15.1,karachi
2025-05-27 11:00:00,23.1,53.6,33.4,60,16.1,karachi
2025-05-27 12:00:00,23.6,57.2,33.8,58,16.2,karachi
2025-05-27 13:00:00,23.6,57.0,34.0,58,16.5,karachi
2025-05-27 14:00:00,23.3,55.2,33.7,60,17.8,karachi
2025-05-27 15:00:00,23.0,53.8,32.9,66,19.1,karachi
2025-05-27 16:00:00,22.8,51.6,32.2,68,19.1,karachi
2025-05-27 17:00:00,27.4,63.3,31.8,71,18.6,karachi
2025-05-27 18:00:00,27.2,59.6,31.2,75,16.1,karachi
2025-05-27 19:00:00,27.0,54.7,30.5,78,16.1,karachi
2025-05-27 20:00:00,26.4,50.4,30.0,80,16.0,karachi
2025-05-27 21:00:00,24.9,44.9,29.8,80,15.5,karachi
2025-05-27 22:00:00,24.3,43.7,29.5,80,15.3,karachi
2025-05-27 23:00:00,24.3,44.1,29.4,81,11.9,karachi
2025-05-28 00:00:00,24.1,44.5,29.4,82,11.2,karachi
2025-05-28 01:00:00,24.8,46.3,29.0,86,9.2,karachi
2025-05-28 02:00:00,23.7,44.0,28.6,89,10.5,karachi
2025-05-28 03:00:00,21.7,41.0,28.5,88,12.8,karachi
2025-05-28 04:00:00,20.1,40.0,28.5,88,13.1,karachi
2025-05-28 05:00:00,20.4,44.8,28.5,88,12.9,karachi
2025-05-28 06:00:00,20.3,45.1,28.8,92,12.5,karachi
2025-05-28 07:00:00,21.4,49.8,29.4,87,16.3,karachi
2025-05-28 08:00:00,29.5,81.7,30.4,80,17.3,karachi
2025-05-28 09:00:00,25.0,66.8,31.6,72,17.7,karachi
2025-05-28 10:00:00,26.4,69.8,32.8,66,16.6,karachi
2025-05-28 11:00:00,28.1,74.5,33.8,62,15.0,karachi
2025-05-28 12:00:00,29.3,78.5,34.5,61,14.1,karachi
2025-05-28 13:00:00,30.6,85.2,34.5,62,15.6,karachi
2025-05-28 14:00:00,31.9,92.2,34.1,65,16.0,karachi
2025-05-28 15:00:00,33.1,100.1,33.7,66,15.3,karachi
2025-05-28 16:00:00,33.9,109.2,33.0,68,14.6,karachi
2025-05-28 17:00:00,32.2,96.6,32.3,73,13.1,karachi
2025-05-28 18:00:00,31.2,95.0,30.8,79,12.9,karachi
2025-05-28 19:00:00,29.5,83.6,30.0,84,10.0,karachi
2025-05-28 20:00:00,27.5,66.6,29.6,86,12.5,karachi
2025-05-28 21:00:00,26.5,57.4,29.5,87,11.2,karachi
2025-05-28 22:00:00,26.1,55.3,29.5,86,8.1,karachi
2025-05-28 23:00:00,25.4,49.1,29.2,87,5.9,karachi
2025-05-29 00:00:00,24.2,43.0,28.9,90,8.1,karachi
2025-05-29 01:00:00,21.7,37.4,28.6,91,7.8,karachi
2025-05-29 02:00:00,19.2,32.7,28.5,92,9.0,karachi
2025-05-29 03:00:00,17.8,31.2,28.2,92,10.2,karachi
2025-05-29 04:00:00,17.5,33.5,28.2,91,11.6,karachi
2025-05-29 05:00:00,17.2,35.2,28.1,92,10.0,karachi
2025-05-29 06:00:00,18.3,40.2,29.0,92,6.3,karachi
2025-05-29 07:00:00,21.0,48.9,29.5,88,4.1,karachi
2025-05-29 08:00:00,25.4,73.1,30.6,81,0.9,karachi
2025-05-29 09:00:00,32.7,115.9,32.7,69,1.2,karachi
2025-05-29 10:00:00,44.4,188.6,34.8,59,4.5,karachi
2025-05-29 11:00:00,55.9,279.4,35.3,61,12.4,karachi
2025-05-29 12:00:00,49.8,247.7,35.5,62,12.8,karachi
2025-05-29 13:00:00,40.4,192.3,36.0,55,14.5,karachi
2025-05-29 14:00:00,41.2,195.1,36.5,48,15.1,karachi
2025-05-29 15:00:00,48.0,224.4,36.8,43,15.8,karachi
2025-05-29 16:00:00,50.6,219.3,36.0,44,15.9,karachi
2025-05-29 17:00:00,50.2,196.0,35.5,44,15.2,karachi
2025-05-29 18:00:00,47.5,178.3,34.1,50,11.1,karachi
2025-05-29 19:00:00,42.1,153.2,33.5,48,10.6,karachi
2025-05-29 20:00:00,38.5,151.3,32.5,50,14.4,karachi
2025-05-29 21:00:00,33.8,126.2,32.2,51,15.1,karachi
2025-05-29 22:00:00,30.0,106.9,32.8,45,16.9,karachi
2025-05-29 23:00:00,27.6,93.1,32.0,52,21.6,karachi
2025-05-30 00:00:00,26.3,87.1,31.5,59,20.3,karachi
2025-05-30 01:00:00,25.3,81.7,31.2,59,15.7,karachi
2025-05-30 02:00:00,25.1,80.1,30.5,65,19.7,karachi
2025-05-30 03:00:00,25.6,83.8,30.4,63,17.9,karachi
2025-05-30 04:00:00,26.4,92.4,30.4,60,17.0,karachi
2025-05-30 05:00:00,24.9,87.3,30.2,61,15.9,karachi
2025-05-30 06:00:00,26.5,97.8,30.0,73,18.5,karachi
2025-05-30 07:00:00,29.6,111.8,30.4,74,14.6,karachi
2025-05-30 08:00:00,32.6,117.8,31.1,75,13.7,karachi
2025-05-30 09:00:00,43.2,192.8,33.1,61,15.4,karachi
2025-05-30 10:00:00,56.5,279.4,35.5,43,17.5,karachi
2025-05-30 11:00:00,61.0,298.0,37.2,32,18.2,karachi
2025-05-30 12:00:00,60.5,285.0,38.3,25,20.9,karachi
2025-05-30 13:00:00,60.3,275.7,37.8,31,22.5,karachi
2025-05-30 14:00:00,61.7,271.9,36.6,44,24.7,karachi
2025-05-30 15:00:00,60.8,258.0,36.1,44,23.5,karachi
2025-05-30 16:00:00,56.0,228.2,35.0,51,21.2,karachi
2025-05-30 17:00:00,44.5,170.4,33.8,56,18.4,karachi
2025-05-30 18:00:00,34.8,120.6,32.5,60,19.2,karachi
2025-05-30 19:00:00,29.6,84.8,30.8,68,15.0,karachi
2025-05-30 20:00:00,28.5,71.7,30.3,74,15.6,karachi
2025-05-30 21:00:00,27.4,75.4,30.1,77,14.2,karachi
2025-05-30 22:00:00,25.4,67.5,29.8,78,15.8,karachi
2025-05-30 23:00:00,23.8,59.6,29.8,78,17.6,karachi
2025-05-31 00:00:00,22.3,52.5,29.5,82,18.7,karachi
2025-05-31 01:00:00,21.0,47.3,29.1,87,15.8,karachi
2025-05-31 02:00:00,20.1,42.6,28.9,89,17.0,karachi
2025-05-31 03:00:00,18.9,37.3,28.8,90,20.0,karachi
2025-05-31 04:00:00,18.7,37.5,28.7,91,18.5,karachi
2025-05-31 05:00:00,19.2,45.2,28.5,91,18.5,karachi
2025-05-31 06:00:00,19.5,43.2,28.8,90,17.2,karachi
2025-05-31 07:00:00,21.2,48.5,29.3,87,19.5,karachi
2025-05-31 08:00:00,23.7,60.8,30.2,82,17.9,karachi
2025-05-31 09:00:00,29.8,105.5,31.3,75,17.4,karachi
2025-05-31 10:00:00,40.3,179.7,32.9,64,17.8,karachi
2025-05-31 11:00:00,56.3,292.4,34.5,52,19.4,karachi
2025-05-31 12:00:00,69.2,378.1,35.5,45,21.1,karachi
2025-05-31 13:00:00,73.1,385.6,35.9,41,21.2,karachi
2025-05-31 14:00:00,72.6,355.8,36.3,37,20.9,karachi
2025-05-31 15:00:00,68.5,306.4,35.8,38,18.4,karachi
2025-05-31 16:00:00,59.5,243.1,34.4,54,17.7,karachi
2025-05-31 17:00:00,41.3,170.4,33.5,58,17.7,karachi
2025-05-31 18:00:00,32.8,127.1,32.2,69,17.7,karachi
2025-05-31 19:00:00,26.8,91.7,30.4,80,17.1,karachi
2025-05-31 20:00:00,22.9,67.1,29.7,85,18.2,karachi
2025-05-31 21:00:00,21.5,59.6,29.5,86,18.2,karachi
2025-05-31 22:00:00,20.8,55.4,29.4,86,16.0,karachi
2025-05-31 23:00:00,20.1,52.4,29.2,86,14.5,karachi
2025-06-01 00:00:00,19.4,49.6,29.4,81,14.8,karachi
2025-06-01 01:00:00,18.7,47.0,29.4,80,15.8,karachi
2025-06-01 02:00:00,17.9,44.1,29.3,79,15.8,karachi
2025-06-01 03:00:00,17.2,40.5,29.2,79,15.3,karachi
2025-06-01 04:00:00,16.6,37.4,29.2,78,16.2,karachi
2025-06-01 05:00:00,16.0,33.2,29.1,79,14.4,karachi
2025-06-01 06:00:00,16.0,32.4,28.6,89,13.4,karachi
2025-06-01 07:00:00,17.6,36.8,29.1,88,13.4,karachi
2025-06-01 08:00:00,22.7,68.0,30.4,79,15.6,karachi
2025-06-01 09:00:00,31.9,129.5,32.2,64,16.7,karachi
2025-06-01 10:00:00,44.2,209.5,33.7,55,15.3,karachi
2025-06-01 11:00:00,56.2,286.8,35.5,42,15.3,karachi
2025-06-01 12:00:00,63.3,322.2,36.5,36,16.6,karachi
2025-06-01 13:00:00,68.7,331.6,37.2,29,17.5,karachi
2025-06-01 14:00:00,73.3,334.3,37.7,24,18.6,karachi
2025-06-01 15:00:00,73.6,314.8,36.3,34,18.9,karachi
2025-06-01 16:00:00,66.4,267.3,34.7,53,19.8,karachi
2025-06-01 17:00:00,52.4,208.6,33.8,49,18.9,karachi
2025-06-01 18:00:00,40.2,154.6,32.8,58,15.3,karachi
2025-06-01 19:00:00,32.5,118.5,31.5,66,14.0,karachi
2025-06-01 20:00:00,29.7,101.5,30.8,74,12.2,karachi
2025-06-01 21:00:00,28.1,93.6,30.4,75,7.0,karachi
2025-06-01 22:00:00,25.9,79.9,29.9,79,11.8,karachi
2025-06-01 23:00:00,23.5,65.7,29.5,84,13.6,karachi
2025-06-02 00:00:00,21.5,56.5,29.2,85,15.9,karachi
2025-06-02 01:00:00,19.9,50.5,28.9,88,15.9,karachi
2025-06-02 02:00:00,19.4,50.9,28.9,86,15.1,karachi
2025-06-02 03:00:00,20.2,56.8,29.0,83,15.8,karachi
2025-06-02 04:00:00,21.8,65.9,28.9,84,14.7,karachi
2025-06-02 05:00:00,22.7,79.2,28.6,86,13.8,karachi
2025-06-02 06:00:00,25.0,84.1,29.2,82,12.7,karachi
2025-06-02 07:00:00,29.5,107.8,29.8,78,11.0,karachi
2025-06-02 08:00:00,38.8,173.7,30.8,73,12.7,karachi
2025-06-02 09:00:00,52.0,268.2,32.0,66,13.4,karachi
2025-06-02 10:00:00,63.1,331.6,32.8,62,15.3,karachi
2025-06-02 11:00:00,70.3,366.9,33.3,60,16.5,karachi
2025-06-02 12:00:00,73.1,372.5,33.8,57,16.8,karachi
2025-06-02 13:00:00,72.9,362.3,33.5,59,18.0,karachi
2025-06-02 14:00:00,72.9,360.4,33.2,61,18.4,karachi
2025-06-02 15:00:00,71.0,341.8,32.8,63,18.5,karachi
2025-06-02 16:00:00,67.1,314.8,32.3,67,17.6,karachi
2025-06-02 17:00:00,61.2,289.6,31.5,72,17.2,karachi
2025-06-02 18:00:00,52.4,228.6,30.8,77,16.0,karachi
2025-06-02 19:00:00,41.7,157.9,29.6,84,15.5,karachi
2025-06-02 20:00:00,35.3,120.1,29.5,85,15.1,karachi
2025-06-02 21:00:00,31.9,103.6,29.2,84,15.1,karachi
2025-06-02 22:00:00,29.4,92.0,29.1,83,16.2,karachi
2025-06-02 23:00:00,27.1,80.1,29.0,80,16.0,karachi
2025-06-03 00:00:00,25.6,73.1,29.0,80,16.6,karachi
2025-06-03 01:00:00,24.8,69.8,28.7,82,17.5,karachi
2025-06-03 02:00:00,24.4,70.5,28.4,85,15.0,karachi
2025-06-03 03:00:00,24.6,75.7,28.0,87,14.9,karachi
2025-06-03 04:00:00,24.5,77.8,28.0,87,15.3,karachi
2025-06-03 05:00:00,24.6,77.8,28.0,88,14.8,karachi
2025-06-03 06:00:00,23.7,72.2,28.3,89,13.8,karachi
2025-06-03 07:00:00,24.5,74.5,28.8,86,14.9,karachi
2025-06-03 08:00:00,26.7,92.0,29.5,80,15.8,karachi
2025-06-03 09:00:00,28.0,102.2,30.5,74,16.2,karachi
2025-06-03 10:00:00,28.4,105.9,31.2,68,16.7,karachi
2025-06-03 11:00:00,28.3,104.8,31.6,67,17.3,karachi
2025-06-03 12:00:00,28.1,101.7,32.0,67,18.4,karachi
2025-06-03 13:00:00,28.5,101.7,32.2,67,18.0,karachi
2025-06-03 14:00:00,29.4,103.6,32.2,67,17.7,karachi
2025-06-03 15:00:00,29.9,103.1,32.0,68,17.3,karachi
2025-06-03 16:00:00,30.2,100.8,31.7,70,16.3,karachi
2025-06-03 17:00:00,39.1,137.4,31.1,72,15.1,karachi
2025-06-03 18:00:00,38.1,119.7,30.4,77,14.9,karachi
2025-06-03 19:00:00,36.8,98.3,29.5,82,15.5,karachi
2025-06-03 20:00:00,36.6,83.8,29.0,87,15.0,karachi
2025-06-03 21:00:00,36.3,78.2,28.9,88,15.9,karachi
2025-06-03 22:00:00,35.4,70.5,28.8,89,15.3,karachi
2025-06-03 23:00:00,34.2,65.4,28.6,90,14.2,karachi
2025-06-04 00:00:00,32.8,64.5,28.5,90,11.5,karachi
2025-06-04 01:00:00,32.1,69.6,28.1,92,10.6,karachi
2025-06-04 02:00:00,31.7,75.0,28.0,91,10.7,karachi
2025-06-04 03:00:00,31.1,77.3,28.0,90,11.7,karachi
2025-06-04 04:00:00,30.2,77.1,28.0,89,12.9,karachi
2025-06-04 05:00:00,28.6,80.1,28.0,89,13.7,karachi
2025-06-04 06:00:00,28.6,79.2,28.6,81,12.2,karachi
2025-06-04 07:00:00,30.7,93.4,29.0,77,14.6,karachi
2025-06-04 08:00:00,31.4,103.6,29.8,72,15.8,karachi
2025-06-04 09:00:00,32.4,110.6,30.6,68,15.1,karachi
2025-06-04 10:00:00,32.7,108.3,31.6,62,16.4,karachi
2025-06-04 11:00:00,32.7,106.6,31.8,62,18.1,karachi
2025-06-04 12:00:00,31.8,101.7,32.0,62,18.5,karachi
2025-06-04 13:00:00,30.5,98.7,32.4,59,18.7,karachi
2025-06-04 14:00:00,28.9,95.5,32.5,59,18.9,karachi
2025-06-04 15:00:00,26.8,88.0,32.5,59,18.6,karachi
2025-06-04 16:00:00,24.9,81.3,32.2,61,18.8,karachi
2025-06-04 17:00:00,28.8,99.4,31.6,63,18.4,karachi
2025-06-04 18:00:00,27.4,91.0,30.9,68,15.5,karachi
2025-06-04 19:00:00,25.7,78.5,30.4,70,15.8,karachi
2025-06-04 20:00:00,25.3,64.0,30.0,74,14.9,karachi
2025-06-04 21:00:00,25.6,60.8,29.6,77,15.8,karachi
2025-06-04 22:00:00,25.5,58.8,29.2,78,15.2,karachi
2025-06-04 23:00:00,24.6,57.9,29.1,80,14.4,karachi
2025-06-05 00:00:00,23.9,58.9,29.0,81,11.9,karachi
2025-06-05 01:00:00,22.8,58.6,28.6,83,11.2,karachi
2025-06-05 02:00:00,22.1,60.8,28.5,82,10.6,karachi
2025-06-05 03:00:00,21.4,60.8,28.5,81,11.0,karachi
2025-06-05 04:00:00,21.0,60.3,28.4,80,11.1,karachi
2025-06-05 05:00:00,19.5,55.6,28.2,80,10.7,karachi
2025-06-05 06:00:00,21.0,63.1,28.5,78,10.8,karachi
2025-06-05 07:00:00,23.6,76.6,29.0,73,12.1,karachi
2025-06-05 08:00:00,23.5,80.6,29.8,68,12.6,karachi
2025-06-05 09:00:00,24.3,84.8,30.6,64,13.7,karachi
2025-06-05 10:00:00,24.9,85.2,31.3,60,14.8,karachi
2025-06-05 11:00:00,25.4,85.2,31.5,59,14.8,karachi
2025-06-05 12:00:00,25.8,83.8,32.3,57,14.9,karachi
2025-06-05 13:00:00,25.8,82.0,32.5,56,14.9,karachi
2025-06-05 14:00:00,25.6,79.9,32.7,56,15.4,karachi
2025-06-05 15:00:00,25.0,77.3,32.5,56,15.3,karachi
2025-06-05 16:00:00,24.2,73.3,32.2,59,14.7,karachi
2025-06-05 17:00:00,29.4,94.8,31.7,61,13.7,karachi
2025-06-05 18:00:00,27.9,87.5,31.2,66,12.5,karachi
2025-06-05 19:00:00,26.2,78.7,30.5,70,12.4,karachi
2025-06-05 20:00:00,25.5,66.8,30.1,71,11.9,karachi
2025-06-05 21:00:00,25.7,66.4,29.9,73,11.5,karachi
2025-06-05 22:00:00,25.8,64.5,29.5,77,10.8,karachi
2025-06-05 23:00:00,25.7,64.0,29.3,80,11.9,karachi
2025-06-06 00:00:00,25.1,64.0,29.0,80,11.5,karachi
2025-06-06 01:00:00,23.9,64.0,28.8,81,10.3,karachi
2025-06-06 02:00:00,23.3,64.0,28.6,80,9.9,karachi
2025-06-06 03:00:00,23.3,64.0,28.6,79,11.0,karachi
2025-06-06 04:00:00,22.5,60.5,28.5,78,11.7,karachi
2025-06-06 05:00:00,21.8,56.7,28.4,78,11.7,karachi
2025-06-06 06:00:00,23.0,60.3,28.5,80,10.9,karachi
2025-06-06 07:00:00,24.8,68.9,29.2,76,12.3,karachi
2025-06-06 08:00:00,25.3,69.8,30.3,69,13.7,karachi
2025-06-06 09:00:00,26.1,72.2,31.3,63,14.5,karachi
2025-06-06 10:00:00,27.4,74.5,31.8,60,14.5,karachi
2025-06-06 11:00:00,28.2,75.0,32.5,56,15.4,karachi
2025-06-06 12:00:00,28.9,74.5,33.2,52,16.0,karachi
2025-06-06 13:00:00,28.5,72.2,33.2,54,16.3,karachi
2025-06-06 14:00:00,27.8,70.3,33.0,54,16.8,karachi
2025-06-06 15:00:00,26.8,68.0,32.7,56,17.2,karachi
2025-06-06 16:00:00,25.8,65.7,32.2,59,17.9,karachi
2025-06-06 17:00:00,25.8,69.2,31.4,62,17.5,karachi
2025-06-06 18:00:00,25.0,65.0,30.9,62,17.1,karachi
2025-06-06 19:00:00,24.7,62.4,30.1,67,16.4,karachi
2025-06-06 20:00:00,24.9,56.9,29.7,69,15.7,karachi
2025-06-06 21:00:00,25.3,58.9,29.4,70,15.2,karachi
2025-06-06 22:00:00,25.5,60.3,29.2,72,14.6,karachi
2025-06-06 23:00:00,25.6,62.2,28.9,75,14.2,karachi
2025-06-07 00:00:00,25.3,63.8,28.5,77,13.7,karachi
2025-06-07 01:00:00,24.9,65.4,28.2,79,13.2,karachi
2025-06-07 02:00:00,24.2,65.4,28.0,81,13.2,karachi
2025-06-07 03:00:00,23.3,63.3,28.0,81,14.1,karachi
2025-06-07 04:00:00,22.8,62.2,28.0,80,14.6,karachi
2025-06-07 05:00:00,22.4,61.2,27.9,80,15.3,karachi
2025-06-07 06:00:00,22.6,61.7,28.1,81,14.9,karachi
2025-06-07 07:00:00,24.9,75.2,28.5,78,16.4,karachi
2025-06-07 08:00:00,24.9,75.9,29.5,71,17.3,karachi
2025-06-07 09:00:00,25.5,76.1,30.5,65,17.8,karachi
2025-06-07 10:00:00,26.2,76.1,31.5,61,18.0,karachi
2025-06-07 11:00:00,26.5,76.1,32.2,58,18.6,karachi
2025-06-07 12:00:00,26.4,78.0,32.5,58,19.1,karachi
2025-06-07 13:00:00,25.8,76.6,32.6,57,19.7,karachi
2025-06-07 14:00:00,25.4,75.4,32.5,59,20.0,karachi
2025-06-07 15:00:00,25.0,73.6,32.2,60,20.6,karachi
2025-06-07 16:00:00,24.6,71.9,31.7,62,20.5,karachi
2025-06-07 17:00:00,23.8,71.0,31.1,65,20.0,karachi
2025-06-07 18:00:00,23.4,66.1,30.7,68,18.8,karachi
2025-06-07 19:00:00,23.1,62.9,29.9,71,17.9,karachi
2025-06-07 20:00:00,23.3,56.6,29.5,74,17.4,karachi
2025-06-07 21:00:00,23.3,55.5,29.2,75,16.5,karachi
2025-06-07 22:00:00,23.2,53.4,29.0,76,15.4,karachi
2025-06-07 23:00:00,22.6,51.1,28.7,78,14.7,karachi
2025-06-08 00:00:00,21.7,48.4,28.5,80,14.9,karachi
2025-06-08 01:00:00,20.3,45.2,28.4,81,14.2,karachi
2025-06-08 02:00:00,19.0,42.4,28.3,80,14.8,karachi
2025-06-08 03:00:00,18.2,40.2,28.3,80,14.0,karachi
2025-06-08 04:00:00,17.6,39.2,28.1,79,13.7,karachi
2025-06-08 05:00:00,17.0,36.1,28.1,78,13.8,karachi
2025-06-08 06:00:00,17.3,38.8,28.3,78,14.5,karachi
2025-06-08 07:00:00,19.4,49.8,28.8,75,15.6,karachi
2025-06-08 08:00:00,20.7,55.2,29.6,71,15.8,karachi
2025-06-08 09:00:00,21.9,58.4,30.5,66,16.3,karachi
2025-06-08 10:00:00,23.2,61.0,31.5,61,17.2,karachi
2025-06-08 11:00:00,24.0,63.8,32.0,60,17.3,karachi
2025-06-08 12:00:00,24.0,63.8,32.3,58,17.6,karachi
2025-06-08 13:00:00,23.8,63.1,32.5,58,18.3,karachi
2025-06-08 14:00:00,23.5,61.2,32.3,59,19.2,karachi
2025-06-08 15:00:00,22.9,58.8,32.1,60,20.1,karachi
2025-06-08 16:00:00,22.2,56.3,31.7,61,19.9,karachi
2025-06-08 17:00:00,25.4,66.8,31.1,66,18.9,karachi
2025-06-08 18:00:00,24.3,62.6,30.6,69,18.3,karachi
2025-06-08 19:00:00,23.6,59.1,29.9,73,17.0,karachi
2025-06-08 20:00:00,23.7,52.5,29.5,75,15.9,karachi
2025-06-08 21:00:00,24.2,52.5,29.4,76,15.9,karachi
2025-06-08 22:00:00,24.4,52.4,29.2,76,16.2,karachi
2025-06-08 23:00:00,24.5,51.7,29.0,76,15.8,karachi
2025-06-09 00:00:00,23.9,49.7,29.0,76,15.9,karachi
2025-06-09 01:00:00,23.0,47.4,28.7,78,15.3,karachi
2025-06-09 02:00:00,22.1,45.9,28.5,79,14.8,karachi
2025-06-09 03:00:00,21.5,44.7,28.4,78,15.0,karachi
2025-06-09 04:00:00,21.0,43.8,28.2,78,14.8,karachi
2025-06-09 05:00:00,20.9,42.4,28.1,78,14.1,karachi
2025-06-09 06:00:00,21.0,42.7,28.4,76,13.2,karachi
2025-06-09 07:00:00,26.6,61.2,28.8,73,14.7,karachi
2025-06-09 08:00:00,23.4,54.6,29.6,69,15.5,karachi
2025-06-09 09:00:00,24.2,55.6,30.5,64,16.2,karachi
2025-06-09 10:00:00,24.7,56.2,31.3,62,17.4,karachi
2025-06-09 11:00:00,24.9,56.2,32.0,60,18.2,karachi
2025-06-09 12:00:00,24.7,55.2,32.4,57,18.7,karachi
2025-06-09 13:00:00,24.4,54.5,32.3,58,19.6,karachi
2025-06-09 14:00:00,24.0,53.9,32.2,60,20.5,karachi
2025-06-09 15:00:00,23.4,52.7,31.9,62,20.8,karachi
2025-06-09 16:00:00,22.6,51.8,31.5,63,20.6,karachi
2025-06-09 17:00:00,22.3,53.3,31.1,65,19.7,karachi
2025-06-09 18:00:00,21.5,52.2,30.6,67,17.5,karachi
2025-06-09 19:00:00,20.7,50.5,30.0,70,17.6,karachi
2025-06-09 20:00:00,20.5,45.5,29.6,73,17.4,karachi
2025-06-09 21:00:00,20.5,45.6,29.4,74,16.7,karachi
2025-06-09 22:00:00,20.1,44.7,29.2,74,16.6,karachi
2025-06-09 23:00:00,19.4,43.2,28.9,76,15.9,karachi
2025-06-10 00:00:00,18.6,41.9,28.8,77,15.6,karachi
2025-06-10 01:00:00,17.6,40.4,28.5,78,15.1,karachi
2025-06-10 02:00:00,17.0,39.5,28.5,78,15.3,karachi
2025-06-10 03:00:00,16.8,38.6,28.5,76,16.2,karachi
2025-06-10 04:00:00,16.6,38.0,28.5,76,16.0,karachi
2025-06-10 05:00:00,17.4,37.5,28.4,76,15.2,karachi
2025-06-10 06:00:00,17.8,38.4,28.9,78,14.8,karachi
2025-06-10 07:00:00,19.7,45.4,29.5,73,16.3,karachi
2025-06-10 08:00:00,20.3,48.4,30.5,67,18.1,karachi
2025-06-10 09:00:00,20.8,49.6,31.3,63,19.1,karachi
2025-06-10 10:00:00,21.4,51.2,32.0,59,19.8,karachi
2025-06-10 11:00:00,21.7,52.3,32.5,57,20.0,karachi
2025-06-10 12:00:00,21.7,52.0,33.1,54,20.6,karachi
2025-06-10 13:00:00,21.5,51.3,33.0,53,21.7,karachi
2025-06-10 14:00:00,21.2,50.6,32.6,56,21.1,karachi
2025-06-10 15:00:00,20.8,49.1,32.2,59,20.7,karachi
2025-06-10 16:00:00,20.2,47.4,31.8,61,20.7,karachi
2025-06-10 17:00:00,25.9,63.8,31.1,65,19.4,karachi
2025-06-10 18:00:00,24.9,60.3,30.5,66,17.3,karachi
2025-06-10 19:00:00,24.3,58.3,30.0,69,18.4,karachi
2025-06-10 20:00:00,23.2,52.3,29.6,71,18.0,karachi
2025-06-10 21:00:00,23.0,50.2,29.8,70,16.1,karachi
2025-06-10 22:00:00,23.0,49.8,29.5,73,16.3,karachi
2025-06-10 23:00:00,23.1,50.2,29.2,75,16.1,karachi
2025-06-11 00:00:00,22.5,48.9,29.1,77,16.1,karachi
2025-06-11 01:00:00,21.5,46.9,29.0,78,15.0,karachi
2025-06-11 02:00:00,20.4,44.7,28.8,79,14.9,karachi
2025-06-11 03:00:00,19.8,43.7,28.7,79,15.3,karachi
2025-06-11 04:00:00,19.3,42.5,28.5,79,15.2,karachi
2025-06-11 05:00:00,18.6,40.2,28.5,79,13.8,karachi
2025-06-11 06:00:00,18.8,40.9,29.0,79,14.1,karachi
2025-06-11 07:00:00,20.3,46.9,29.5,75,15.5,karachi
2025-06-11 08:00:00,20.1,49.8,30.5,69,16.9,karachi
2025-06-11 09:00:00,20.5,51.1,31.2,64,19.0,karachi
2025-06-11 10:00:00,21.0,51.3,32.0,60,18.8,karachi
2025-06-11 11:00:00,21.1,50.8,32.5,59,18.7,karachi
2025-06-11 12:00:00,20.9,49.2,32.3,61,19.9,karachi
2025-06-11 13:00:00,20.7,48.7,32.2,61,19.7,karachi
2025-06-11 14:00:00,20.6,49.1,32.9,59,20.9,karachi
2025-06-11 15:00:00,20.6,48.4,32.6,60,20.7,karachi
2025-06-11 16:00:00,20.4,47.8,32.3,60,19.8,karachi
2025-06-11 17:00:00,25.1,61.7,31.8,65,18.4,karachi
2025-06-11 18:00:00,25.0,58.3,30.9,69,16.1,karachi
2025-06-11 19:00:00,24.6,54.0,30.0,75,13.7,karachi
2025-06-11 20:00:00,24.3,48.5,29.5,79,12.1,karachi
2025-06-11 21:00:00,24.2,44.8,29.1,81,14.9,karachi
2025-06-11 22:00:00,23.5,43.3,29.2,81,15.3,karachi
2025-06-11 23:00:00,23.1,42.5,29.1,83,14.5,karachi
2025-06-12 00:00:00,20.8,38.3,29.0,84,14.3,karachi
2025-06-12 01:00:00,19.4,35.9,28.6,86,13.9,karachi
2025-06-12 02:00:00,18.2,33.5,28.5,86,14.1,karachi
2025-06-12 03:00:00,17.1,31.2,28.5,86,14.7,karachi
2025-06-12 04:00:00,16.2,29.7,28.5,85,16.6,karachi
2025-06-12 05:00:00,15.8,27.9,28.5,83,16.7,karachi
2025-06-12 06:00:00,15.8,28.6,28.5,85,15.0,karachi
2025-06-12 07:00:00,16.8,32.0,28.9,83,14.4,karachi
2025-06-12 08:00:00,18.1,38.1,30.0,75,18.6,karachi
2025-06-12 09:00:00,18.9,41.0,31.2,67,20.0,karachi
2025-06-12 10:00:00,20.1,43.1,32.0,63,18.8,karachi
2025-06-12 11:00:00,21.0,45.9,32.5,62,18.4,karachi
2025-06-12 12:00:00,21.4,48.0,32.7,62,18.1,karachi
2025-06-12 13:00:00,21.5,50.2,32.8,63,18.7,karachi
2025-06-12 14:00:00,21.0,48.8,33.0,63,18.9,karachi
2025-06-12 15:00:00,20.3,47.5,32.6,65,19.7,karachi
2025-06-12 16:00:00,19.2,44.5,31.9,68,17.3,karachi
2025-06-12 17:00:00,15.9,37.0,31.5,72,16.8,karachi
2025-06-12 18:00:00,15.0,32.5,30.6,78,15.6,karachi
2025-06-12 19:00:00,13.8,27.0,29.8,83,13.6,karachi
2025-06-12 20:00:00,13.4,24.3,29.7,82,13.7,karachi
2025-06-12 21:00:00,13.5,22.8,29.6,83,12.1,karachi
2025-06-12 22:00:00,14.1,23.6,29.5,83,8.2,karachi
2025-06-12 23:00:00,14.1,23.1,28.9,88,9.9,karachi
2025-06-13 00:00:00,14.2,23.4,28.8,88,11.5,karachi
2025-06-13 01:00:00,13.8,23.5,28.5,89,11.9,karachi
2025-06-13 02:00:00,13.3,23.6,28.5,89,11.7,karachi
2025-06-13 03:00:00,12.9,23.9,28.3,91,11.6,karachi
2025-06-13 04:00:00,12.7,24.2,28.2,90,11.0,karachi
2025-06-13 05:00:00,14.1,27.1,28.1,90,9.4,karachi
2025-06-13 06:00:00,15.0,29.0,28.2,93,10.1,karachi
2025-06-13 07:00:00,17.1,38.0,29.0,87,11.1,karachi
2025-06-13 08:00:00,18.3,50.2,30.1,80,12.8,karachi
2025-06-13 09:00:00,20.1,57.2,31.1,74,12.7,karachi
2025-06-13 10:00:00,22.2,62.2,32.4,69,14.4,karachi
2025-06-13 11:00:00,24.6,68.2,33.4,65,14.7,karachi
2025-06-13 12:00:00,26.6,76.6,34.5,59,14.9,karachi
2025-06-13 13:00:00,28.5,87.8,35.4,55,14.5,karachi
2025-06-13 14:00:00,29.1,92.7,35.2,58,14.7,karachi
2025-06-13 15:00:00,28.3,90.3,34.1,64,14.5,karachi
2025-06-13 16:00:00,26.2,82.0,32.5,73,14.9,karachi
2025-06-13 17:00:00,24.7,75.9,31.5,78,15.7,karachi
2025-06-13 18:00:00,22.3,66.6,30.8,82,17.4,karachi
2025-06-13 19:00:00,20.1,53.7,30.0,86,19.1,karachi
2025-06-13 20:00:00,18.8,45.5,30.0,86,15.4,karachi
2025-06-13 21:00:00,19.0,43.1,29.9,88,13.7,karachi
2025-06-13 22:00:00,20.1,48.7,29.9,88,12.3,karachi
2025-06-13 23:00:00,21.9,55.8,29.5,89,9.6,karachi
2025-06-14 00:00:00,22.9,60.1,29.1,91,11.4,karachi
2025-06-14 01:00:00,22.6,64.3,28.9,93,10.9,karachi
2025-06-14 02:00:00,21.8,64.5,28.7,93,10.9,karachi
2025-06-14 03:00:00,21.0,63.8,28.8,92,11.3,karachi
2025-06-14 04:00:00,20.5,63.3,28.5,93,10.5,karachi
2025-06-14 05:00:00,20.3,66.4,28.4,94,10.4,karachi
2025-06-14 06:00:00,20.5,63.6,28.6,93,10.0,karachi
2025-06-14 07:00:00,22.4,66.1,29.1,89,6.6,karachi
2025-06-14 08:00:00,24.6,78.9,30.1,82,6.6,karachi
2025-06-14 09:00:00,27.9,91.5,31.2,75,7.4,karachi
2025-06-14 10:00:00,32.7,110.6,32.0,72,9.7,karachi
2025-06-14 11:00:00,39.0,130.9,32.2,73,11.9,karachi
2025-06-14 12:00:00,44.1,147.1,32.5,70,14.5,karachi
2025-06-14 13:00:00,44.4,146.7,32.8,70,14.5,karachi
2025-06-14 14:00:00,42.6,145.3,32.7,70,14.8,karachi
2025-06-14 15:00:00,40.9,149.5,32.5,72,14.2,karachi
2025-06-14 16:00:00,39.5,155.5,32.3,72,13.3,karachi
2025-06-14 17:00:00,39.8,151.8,31.8,73,9.7,karachi
2025-06-14 18:00:00,37.5,145.3,31.3,78,8.2,karachi
2025-06-14 19:00:00,35.7,136.4,30.5,79,7.9,karachi
2025-06-14 20:00:00,34.3,123.9,29.7,85,10.8,karachi
2025-06-14 21:00:00,32.1,109.4,29.4,89,14.1,karachi
2025-06-14 22:00:00,29.8,103.8,29.2,90,15.0,karachi
2025-06-14 23:00:00,28.5,98.0,29.2,88,11.8,karachi
2025-06-15 00:00:00,27.8,93.8,28.8,92,11.2,karachi
2025-06-15 01:00:00,27.2,89.4,28.6,92,8.3,karachi
2025-06-15 02:00:00,26.4,82.0,28.5,91,6.9,karachi
2025-06-15 03:00:00,27.8,82.2,28.1,93,3.8,karachi
2025-06-15 04:00:00,28.8,89.4,27.9,95,3.2,karachi
2025-06-15 05:00:00,27.5,85.7,27.8,94,1.0,karachi
2025-06-15 06:00:00,25.8,79.6,28.0,95,4.3,karachi
2025-06-15 07:00:00,27.3,106.9,28.5,91,5.2,karachi
2025-06-15 08:00:00,31.1,144.4,29.6,82,7.9,karachi
2025-06-15 09:00:00,37.0,194.6,30.7,75,9.0,karachi
2025-06-15 10:00:00,40.5,203.0,31.5,71,9.8,karachi
2025-06-15 11:00:00,44.7,210.9,32.0,67,10.7,karachi
2025-06-15 12:00:00,46.3,207.2,32.8,62,10.5,karachi
2025-06-15 13:00:00,45.2,195.1,33.3,58,12.1,karachi
2025-06-15 14:00:00,42.4,171.4,32.9,62,13.0,karachi
2025-06-15 15:00:00,39.2,147.1,32.8,67,11.2,karachi
2025-06-15 16:00:00,35.4,123.4,32.3,69,10.0,karachi
2025-06-15 17:00:00,40.3,137.4,32.0,69,9.2,karachi
2025-06-15 18:00:00,37.0,120.1,31.4,75,11.0,karachi
2025-06-15 19:00:00,34.2,104.5,30.7,77,10.5,karachi
2025-06-15 20:00:00,32.4,94.5,30.0,82,10.5,karachi
2025-06-15 21:00:00,31.1,92.0,29.9,84,11.2,karachi
2025-06-15 22:00:00,30.5,89.6,29.7,85,9.9,karachi
2025-06-15 23:00:00,31.3,88.5,29.5,87,7.7,karachi
2025-06-16 00:00:00,32.9,88.7,29.4,87,4.8,karachi
2025-06-16 01:00:00,35.2,93.1,29.4,87,6.0,karachi
2025-06-16 02:00:00,34.9,95.0,29.2,87,6.5,karachi
2025-06-16 03:00:00,33.9,88.9,29.0,88,6.1,karachi
2025-06-16 04:00:00,33.5,92.2,28.9,89,5.1,karachi
2025-06-16 05:00:00,33.3,89.4,28.9,89,5.3,karachi
2025-06-16 06:00:00,35.0,97.8,29.0,90,6.5,karachi
2025-06-16 07:00:00,39.1,125.3,29.5,85,7.9,karachi
2025-06-16 08:00:00,44.5,167.6,31.1,73,6.0,karachi
2025-06-16 09:00:00,47.7,175.1,33.5,59,4.6,karachi
2025-06-16 10:00:00,50.9,163.4,35.9,47,3.6,karachi
2025-06-16 11:00:00,53.7,156.9,37.4,40,4.7,karachi
2025-06-16 12:00:00,50.8,144.4,38.0,42,9.6,karachi
2025-06-16 13:00:00,46.9,130.9,36.8,50,12.7,karachi
2025-06-16 14:00:00,44.5,120.1,35.4,54,15.8,karachi
2025-06-16 15:00:00,44.2,117.3,34.9,57,9.8,karachi
2025-06-16 16:00:00,43.8,117.3,32.5,72,14.5,karachi
2025-06-16 17:00:00,34.1,107.6,32.1,73,10.3,karachi
2025-06-16 18:00:00,38.1,115.0,31.8,74,9.0,karachi
2025-06-16 19:00:00,40.2,110.8,31.1,80,8.6,karachi
2025-06-16 20:00:00,42.8,104.1,30.6,84,5.2,karachi
2025-06-16 21:00:00,39.6,99.4,30.2,89,5.6,karachi
2025-06-16 22:00:00,37.3,103.6,30.0,92,5.7,karachi
2025-06-16 23:00:00,36.2,106.4,29.9,92,7.6,karachi
2025-06-17 00:00:00,35.3,106.9,29.8,91,9.1,karachi
2025-06-17 01:00:00,33.5,99.2,29.6,91,8.3,karachi
2025-06-17 02:00:00,31.7,96.6,29.4,91,8.7,karachi
2025-06-17 03:00:00,30.0,95.5,29.2,91,7.7,karachi
2025-06-17 04:00:00,29.0,94.5,29.2,90,6.0,karachi
2025-06-17 05:00:00,34.0,120.6,29.0,91,7.0,karachi
2025-06-17 06:00:00,34.5,113.4,29.3,86,7.4,karachi
2025-06-17 07:00:00,36.8,132.7,29.8,85,6.9,karachi
2025-06-17 08:00:00,39.5,147.1,31.3,78,8.5,karachi
2025-06-17 09:00:00,41.0,140.6,33.3,67,7.6,karachi
2025-06-17 10:00:00,41.2,130.4,34.7,59,7.9,karachi
2025-06-17 11:00:00,41.0,124.8,35.9,53,11.4,karachi
2025-06-17 12:00:00,40.4,120.6,35.7,56,15.1,karachi
2025-06-17 13:00:00,39.2,116.2,35.2,57,15.2,karachi
2025-06-17 14:00:00,37.3,110.6,35.8,54,15.4,karachi
2025-06-17 15:00:00,34.9,102.2,36.0,50,15.9,karachi
2025-06-17 16:00:00,32.2,95.2,35.5,51,14.7,karachi
2025-06-17 17:00:00,30.4,89.2,34.5,55,13.4,karachi
2025-06-17 18:00:00,28.6,82.7,32.5,64,9.1,karachi
2025-06-17 19:00:00,27.0,75.9,31.0,81,11.7,karachi
2025-06-17 20:00:00,25.1,65.7,30.0,86,12.8,karachi
2025-06-17 21:00:00,23.9,56.9,29.8,88,14.3,karachi
2025-06-17 22:00:00,23.2,49.9,29.6,87,16.4,karachi
2025-06-17 23:00:00,22.9,47.5,29.4,87,15.8,karachi
2025-06-18 00:00:00,22.7,46.9,29.4,85,14.6,karachi
2025-06-18 01:00:00,22.4,46.2,29.2,84,15.4,karachi
2025-06-18 02:00:00,21.7,45.1,29.0,84,14.2,karachi
2025-06-18 03:00:00,20.9,43.4,28.8,86,14.6,karachi
2025-06-18 04:00:00,20.5,44.4,28.5,88,15.5,karachi
2025-06-18 05:00:00,19.8,42.3,28.2,89,15.1,karachi
2025-06-18 06:00:00,19.6,41.2,28.9,88,13.7,karachi
2025-06-18 07:00:00,21.2,46.6,29.4,85,14.6,karachi
2025-06-18 08:00:00,22.5,50.9,30.2,80,15.9,karachi
2025-06-18 09:00:00,23.4,53.4,31.2,74,16.9,karachi
2025-06-18 10:00:00,23.9,54.9,32.0,69,17.6,karachi
2025-06-18 11:00:00,23.9,55.5,32.7,66,17.3,karachi
2025-06-18 12:00:00,23.1,53.6,33.2,62,17.8,karachi
2025-06-18 13:00:00,22.2,51.3,33.5,61,18.5,karachi
2025-06-18 14:00:00,21.1,47.1,33.3,63,19.6,karachi
2025-06-18 15:00:00,20.0,44.7,32.9,65,20.7,karachi
2025-06-18 16:00:00,19.5,44.1,32.2,66,21.1,karachi
2025-06-18 17:00:00,24.0,53.4,31.5,69,21.0,karachi
2025-06-18 18:00:00,23.5,53.4,31.0,73,22.0,karachi
2025-06-18 19:00:00,23.2,50.9,30.1,81,20.2,karachi
2025-06-18 20:00:00,22.5,46.7,29.6,83,21.9,karachi
2025-06-18 21:00:00,22.3,45.1,29.6,84,20.0,karachi
2025-06-18 22:00:00,22.2,43.7,29.4,85,18.4,karachi
2025-06-18 23:00:00,21.9,43.8,29.2,86,18.0,karachi
2025-06-19 00:00:00,21.2,42.3,29.1,85,17.0,karachi
2025-06-19 01:00:00,20.5,41.4,28.9,86,17.4,karachi
2025-06-19 02:00:00,20.5,43.2,28.8,86,17.0,karachi
2025-06-19 03:00:00,20.9,46.6,28.9,85,16.7,karachi
2025-06-19 04:00:00,20.5,47.7,28.8,84,17.8,karachi
2025-06-19 05:00:00,19.2,46.0,28.8,84,18.6,karachi
2025-06-19 06:00:00,18.2,43.8,29.1,81,19.5,karachi
2025-06-19 07:00:00,17.9,44.5,29.5,79,22.8,karachi
2025-06-19 08:00:00,18.9,49.1,30.5,72,25.1,karachi
2025-06-19 09:00:00,21.0,56.2,31.2,67,25.7,karachi
2025-06-19 10:00:00,19.4,49.2,31.6,65,26.6,karachi
2025-06-19 11:00:00,19.8,50.5,32.0,64,26.8,karachi
2025-06-19 12:00:00,19.8,49.0,32.2,64,26.1,karachi
2025-06-19 13:00:00,20.3,50.4,32.4,63,26.5,karachi
2025-06-19 14:00:00,20.5,51.0,32.0,66,25.8,karachi
2025-06-19 15:00:00,20.4,49.1,31.9,67,24.2,karachi
2025-06-19 16:00:00,20.3,48.5,31.8,66,24.1,karachi
2025-06-19 17:00:00,22.7,57.2,31.3,69,24.1,karachi
2025-06-19 18:00:00,22.6,55.4,31.0,73,20.4,karachi
2025-06-19 19:00:00,21.8,52.2,30.2,78,18.6,karachi
2025-06-19 20:00:00,21.1,48.8,29.6,82,18.3,karachi
2025-06-19 21:00:00,20.4,45.8,29.5,84,17.1,karachi
2025-06-19 22:00:00,20.4,46.9,29.2,85,18.4,karachi
2025-06-19 23:00:00,20.4,46.7,29.2,85,17.5,karachi
2025-06-20 00:00:00,20.0,45.8,29.1,84,16.0,karachi
2025-06-20 01:00:00,19.6,45.3,29.0,85,15.8,karachi
2025-06-20 02:00:00,18.9,44.5,28.8,86,16.5,karachi
2025-06-20 03:00:00,18.2,43.2,28.9,84,15.5,karachi
2025-06-20 04:00:00,17.6,42.5,28.8,85,15.5,karachi
2025-06-20 05:00:00,17.2,41.3,28.6,86,15.8,karachi
2025-06-20 06:00:00,16.6,39.6,29.1,86,18.0,karachi
2025-06-20 07:00:00,17.1,40.6,29.4,85,21.6,karachi
2025-06-20 08:00:00,17.9,43.9,30.1,80,23.6,karachi
2025-06-20 09:00:00,18.5,45.9,30.9,76,21.6,karachi
2025-06-20 10:00:00,18.3,46.0,31.2,74,22.8,karachi
2025-06-20 11:00:00,19.0,48.2,31.5,73,22.0,karachi
2025-06-20 12:00:00,19.2,47.8,31.1,75,22.4,karachi
2025-06-20 13:00:00,27.8,87.3,30.9,77,22.5,karachi
2025-06-20 14:00:00,20.9,53.3,31.1,77,22.3,karachi
2025-06-20 15:00:00,20.5,50.6,31.2,75,21.1,karachi
2025-06-20 16:00:00,22.8,59.0,31.1,75,21.3,karachi
2025-06-20 17:00:00,28.1,67.8,30.8,76,19.9,karachi
2025-06-20 18:00:00,27.3,65.4,30.8,80,17.1,karachi
2025-06-20 19:00:00,26.4,59.3,30.1,85,14.7,karachi
2025-06-20 20:00:00,25.5,52.7,29.5,90,13.9,karachi
2025-06-20 21:00:00,24.4,51.8,29.5,89,14.5,karachi
2025-06-20 22:00:00,23.4,50.9,29.4,90,16.3,karachi
2025-06-20 23:00:00,22.6,50.4,29.3,90,16.4,karachi
2025-06-21 00:00:00,21.5,49.1,29.2,90,14.8,karachi
2025-06-21 01:00:00,20.3,47.1,29.1,90,13.4,karachi
2025-06-21 02:00:00,19.4,46.2,28.8,91,14.4,karachi
2025-06-21 03:00:00,18.9,46.8,28.8,90,14.6,karachi
2025-06-21 04:00:00,18.7,47.3,28.8,89,13.6,karachi
2025-06-21 05:00:00,17.6,42.7,28.6,89,14.3,karachi
2025-06-21 06:00:00,17.5,41.9,29.5,88,14.3,karachi
2025-06-21 07:00:00,17.5,41.3,29.8,83,16.1,karachi
2025-06-21 08:00:00,18.6,44.0,30.0,82,18.4,karachi
2025-06-21 09:00:00,19.4,46.3,30.5,79,18.1,karachi
2025-06-21 10:00:00,19.6,45.5,31.2,75,19.8,karachi
2025-06-21 11:00:00,19.6,44.5,31.1,76,21.4,karachi
2025-06-21 12:00:00,19.6,44.7,31.8,73,22.3,karachi
2025-06-21 13:00:00,20.1,44.9,31.7,74,22.0,karachi
2025-06-21 14:00:00,21.5,50.2,31.4,75,22.1,karachi
2025-06-21 15:00:00,19.3,40.7,31.6,74,22.2,karachi
2025-06-21 16:00:00,18.9,38.5,31.1,75,22.2,karachi
2025-06-21 17:00:00,22.6,47.7,30.5,78,20.9,karachi
2025-06-21 18:00:00,22.6,45.8,30.6,82,17.1,karachi
2025-06-21 19:00:00,22.8,44.8,30.1,84,15.3,karachi
2025-06-21 20:00:00,21.3,36.7,29.6,88,14.4,karachi
2025-06-21 21:00:00,21.1,35.0,29.2,89,13.9,karachi
2025-06-21 22:00:00,21.1,35.7,29.2,88,12.7,karachi
2025-06-21 23:00:00,21.8,39.0,29.1,88,12.8,karachi
2025-06-22 00:00:00,21.9,40.9,29.0,88,12.6,karachi
2025-06-22 01:00:00,21.1,41.1,28.9,90,13.2,karachi
2025-06-22 02:00:00,20.5,43.2,28.8,90,12.6,karachi
2025-06-22 03:00:00,19.8,43.7,28.8,89,12.5,karachi
2025-06-22 04:00:00,19.4,44.7,28.8,89,13.6,karachi
2025-06-22 05:00:00,19.2,42.8,28.7,89,15.9,karachi
2025-06-22 06:00:00,19.4,45.8,29.3,86,11.1,karachi
2025-06-22 07:00:00,21.3,54.2,29.2,87,11.8,karachi
2025-06-22 08:00:00,22.7,59.1,30.2,80,15.6,karachi
2025-06-22 09:00:00,23.4,67.3,30.7,75,15.5,karachi
2025-06-22 10:00:00,24.4,75.0,30.6,74,15.5,karachi
2025-06-22 11:00:00,25.4,78.2,30.6,74,16.9,karachi
2025-06-22 12:00:00,26.8,79.9,30.9,74,17.3,karachi
2025-06-22 13:00:00,26.6,76.6,32.0,69,18.0,karachi
2025-06-22 14:00:00,26.0,74.7,31.8,70,18.2,karachi
2025-06-22 15:00:00,24.6,65.9,31.4,73,18.8,karachi
2025-06-22 16:00:00,23.5,59.3,31.1,74,18.6,karachi
2025-06-22 17:00:00,26.5,73.8,30.2,78,19.2,karachi
2025-06-22 18:00:00,24.2,60.8,30.1,79,14.5,karachi
2025-06-22 19:00:00,23.3,56.0,29.8,80,13.5,karachi
2025-06-22 20:00:00,23.2,48.2,29.7,82,13.6,karachi
2025-06-22 21:00:00,23.2,45.2,29.4,84,12.4,karachi
2025-06-22 22:00:00,23.9,47.0,29.1,85,11.6,karachi
2025-06-22 23:00:00,24.9,50.2,29.0,85,9.6,karachi
2025-06-23 00:00:00,24.6,50.3,29.0,85,8.3,karachi
2025-06-23 01:00:00,23.7,50.1,28.8,86,8.9,karachi
2025-06-23 02:00:00,22.8,49.1,28.6,87,9.5,karachi
2025-06-23 03:00:00,21.9,48.7,28.5,88,10.1,karachi
2025-06-23 04:00:00,21.1,48.2,28.5,88,9.8,karachi
2025-06-23 05:00:00,20.7,48.1,28.5,88,9.9,karachi
2025-06-23 06:00:00,20.3,46.7,29.0,88,11.5,karachi
2025-06-23 07:00:00,22.2,56.1,29.6,82,11.8,karachi
2025-06-23 08:00:00,22.9,58.6,30.6,74,15.6,karachi
2025-06-23 09:00:00,23.6,64.7,31.2,71,17.9,karachi
2025-06-23 10:00:00,24.9,69.2,31.4,71,18.1,karachi
2025-06-23 11:00:00,25.7,69.2,32.0,70,17.9,karachi
2025-06-23 12:00:00,26.1,69.8,31.9,71,17.4,karachi
2025-06-23 13:00:00,26.4,69.8,32.2,70,16.5,karachi
2025-06-23 14:00:00,26.9,68.5,32.5,68,16.4,karachi
2025-06-23 15:00:00,26.1,63.6,32.2,69,17.3,karachi
2025-06-23 16:00:00,25.2,59.5,31.7,71,17.3,karachi
2025-06-23 17:00:00,34.1,88.5,31.3,71,17.9,karachi
2025-06-23 18:00:00,34.6,86.6,30.6,81,14.7,karachi
2025-06-23 19:00:00,33.4,79.9,30.1,84,13.1,karachi
2025-06-23 20:00:00,33.2,76.1,29.5,87,12.7,karachi
2025-06-23 21:00:00,33.3,73.3,29.5,86,9.5,karachi
2025-06-23 22:00:00,32.8,74.7,29.3,87,9.0,karachi
2025-06-23 23:00:00,32.0,75.7,29.1,88,9.3,karachi
2025-06-24 00:00:00,30.0,71.9,29.0,89,9.5,karachi
2025-06-24 01:00:00,27.7,68.0,28.9,90,9.9,karachi
2025-06-24 02:00:00,26.2,66.6,28.6,90,9.5,karachi
2025-06-24 03:00:00,25.5,66.6,28.5,90,9.6,karachi
2025-06-24 04:00:00,24.9,64.5,28.5,91,8.9,karachi
2025-06-24 05:00:00,24.9,67.8,28.3,91,9.3,karachi
2025-06-24 06:00:00,25.4,68.9,28.9,90,10.3,karachi
2025-06-24 07:00:00,28.7,86.6,29.5,84,10.7,karachi
2025-06-24 08:00:00,30.5,100.6,30.1,78,11.0,karachi
2025-06-24 09:00:00,32.4,106.2,30.9,74,12.9,karachi
2025-06-24 10:00:00,34.6,109.4,31.2,71,13.2,karachi
2025-06-24 11:00:00,37.1,108.7,32.0,68,14.1,karachi
2025-06-24 12:00:00,38.5,106.2,32.2,67,14.7,karachi
2025-06-24 13:00:00,38.3,101.3,32.7,65,14.4,karachi
2025-06-24 14:00:00,36.7,96.2,32.8,65,15.2,karachi
2025-06-24 15:00:00,33.9,89.4,32.4,66,16.4,karachi
2025-06-24 16:00:00,30.4,82.4,31.8,69,17.1,karachi
2025-06-24 17:00:00,29.5,88.5,31.3,71,17.2,karachi
2025-06-24 18:00:00,27.9,87.3,30.7,76,16.4,karachi
2025-06-24 19:00:00,27.4,87.8,30.4,78,13.4,karachi
2025-06-24 20:00:00,28.2,86.4,29.9,83,10.9,karachi
2025-06-24 21:00:00,29.5,83.1,29.7,85,11.1,karachi
2025-06-24 22:00:00,29.6,78.2,29.5,85,9.6,karachi
2025-06-24 23:00:00,29.7,74.5,29.2,87,9.3,karachi
2025-06-25 00:00:00,30.2,71.0,29.0,88,6.4,karachi
2025-06-25 01:00:00,31.1,70.3,28.9,88,5.3,karachi
2025-06-25 02:00:00,33.5,76.8,28.6,89,5.5,karachi
2025-06-25 03:00:00,36.0,89.4,28.5,89,3.7,karachi
2025-06-25 04:00:00,34.6,96.2,28.4,89,3.5,karachi
2025-06-25 05:00:00,29.7,69.8,28.4,88,2.9,karachi
2025-06-25 06:00:00,28.8,70.8,28.6,88,5.4,karachi
2025-06-25 07:00:00,30.6,81.3,29.2,82,7.4,karachi
2025-06-25 08:00:00,30.7,86.8,30.0,76,9.6,karachi
2025-06-25 09:00:00,31.8,97.1,30.7,73,10.3,karachi
2025-06-25 10:00:00,34.1,100.4,30.5,74,11.0,karachi
2025-06-25 11:00:00,36.0,97.6,30.9,72,11.0,karachi
2025-06-25 12:00:00,37.4,94.8,30.8,72,10.8,karachi
2025-06-25 13:00:00,37.1,89.9,32.1,67,11.5,karachi
2025-06-25 14:00:00,35.7,84.8,32.2,65,13.0,karachi
2025-06-25 15:00:00,33.9,78.9,32.0,65,13.9,karachi
2025-06-25 16:00:00,31.9,75.4,31.4,69,12.6,karachi
2025-06-25 17:00:00,32.4,87.1,31.0,72,13.2,karachi
2025-06-25 18:00:00,31.2,82.4,30.0,76,13.7,karachi
2025-06-25 19:00:00,30.0,79.4,29.7,79,10.0,karachi
2025-06-25 20:00:00,29.7,78.5,29.6,80,11.4,karachi
2025-06-25 21:00:00,29.2,75.0,29.5,80,12.4,karachi
2025-06-25 22:00:00,29.1,78.5,29.6,81,11.6,karachi
2025-06-25 23:00:00,29.3,80.6,29.4,84,9.7,karachi
2025-06-26 00:00:00,30.0,79.9,29.3,85,7.2,karachi
2025-06-26 01:00:00,29.3,78.0,29.1,87,5.2,karachi
2025-06-26 02:00:00,29.2,78.0,28.9,89,3.9,karachi
2025-06-26 03:00:00,29.7,74.7,28.8,90,1.5,karachi
2025-06-26 04:00:00,28.9,73.1,28.7,90,2.5,karachi
2025-06-26 05:00:00,31.2,82.0,28.5,91,1.1,karachi
2025-06-26 06:00:00,30.5,79.4,28.9,95,1.9,karachi
2025-06-26 07:00:00,32.2,97.3,29.3,91,1.3,karachi
2025-06-26 08:00:00,33.8,117.6,30.3,83,1.5,karachi
2025-06-26 09:00:00,42.4,166.2,31.6,71,1.8,karachi
2025-06-26 10:00:00,36.3,141.6,33.2,64,5.2,karachi
2025-06-26 11:00:00,35.6,136.9,33.4,64,10.3,karachi
2025-06-26 12:00:00,35.9,134.6,33.7,55,12.6,karachi
2025-06-26 13:00:00,36.0,130.9,34.2,45,10.8,karachi
2025-06-26 14:00:00,34.5,120.6,33.8,51,10.6,karachi
2025-06-26 15:00:00,30.0,103.1,32.6,62,10.1,karachi
2025-06-26 16:00:00,25.5,89.9,32.8,63,10.0,karachi
2025-06-26 17:00:00,23.9,82.0,32.5,67,11.9,karachi
2025-06-26 18:00:00,24.2,83.4,31.4,76,10.2,karachi
2025-06-26 19:00:00,24.1,79.2,30.6,84,10.9,karachi
2025-06-26 20:00:00,24.2,75.2,30.1,87,10.9,karachi
2025-06-26 21:00:00,24.6,72.4,30.1,86,9.0,karachi
2025-06-26 22:00:00,24.7,68.7,30.1,86,7.0,karachi
2025-06-26 23:00:00,24.7,64.7,29.9,88,6.2,karachi
2025-06-27 00:00:00,25.4,63.3,29.7,88,5.7,karachi
2025-06-27 01:00:00,26.1,60.5,29.6,89,6.9,karachi
2025-06-27 02:00:00,26.1,58.3,29.5,88,7.0,karachi
2025-06-27 03:00:00,26.5,57.9,29.4,89,6.8,karachi
2025-06-27 04:00:00,27.2,61.9,29.2,88,7.8,karachi
2025-06-27 05:00:00,22.9,43.1,29.2,88,8.8,karachi
2025-06-27 06:00:00,22.6,47.1,28.8,89,6.5,karachi
2025-06-27 07:00:00,25.0,56.7,28.8,90,8.0,karachi
2025-06-27 08:00:00,29.5,72.9,29.8,83,8.6,karachi
2025-06-27 09:00:00,35.2,93.6,31.4,73,7.6,karachi
2025-06-27 10:00:00,38.8,103.1,32.8,64,6.5,karachi
2025-06-27 11:00:00,41.0,105.0,34.6,55,4.6,karachi
2025-06-27 12:00:00,39.9,99.4,35.9,51,4.1,karachi
2025-06-27 13:00:00,37.4,87.1,35.2,56,11.0,karachi
2025-06-27 14:00:00,38.6,87.1,29.4,80,9.0,karachi
2025-06-27 15:00:00,40.7,91.0,27.0,92,7.6,karachi
2025-06-27 16:00:00,43.2,92.7,27.6,90,6.6,karachi
2025-06-27 17:00:00,53.9,80.1,27.8,93,6.6,karachi
2025-06-27 18:00:00,49.2,78.0,29.1,85,9.6,karachi
2025-06-27 19:00:00,43.8,65.0,28.6,84,11.3,karachi
2025-06-27 20:00:00,39.6,61.2,27.8,87,12.5,karachi
2025-06-27 21:00:00,33.9,56.7,27.6,88,10.0,karachi
2025-06-27 22:00:00,30.0,52.3,27.7,88,9.8,karachi
2025-06-27 23:00:00,26.2,50.2,27.8,89,10.6,karachi
2025-06-28 00:00:00,24.4,50.3,27.9,91,9.1,karachi
2025-06-28 01:00:00,22.7,48.5,27.9,94,9.9,karachi
2025-06-28 02:00:00,20.4,43.2,27.9,94,10.6,karachi
2025-06-28 03:00:00,17.3,37.6,27.4,94,9.3,karachi
2025-06-28 04:00:00,17.5,41.0,27.0,97,11.8,karachi
2025-06-28 05:00:00,20.4,50.9,26.8,97,13.2,karachi
2025-06-28 06:00:00,20.1,48.2,26.6,98,7.2,karachi
2025-06-28 07:00:00,21.5,48.4,26.8,95,7.2,karachi
2025-06-28 08:00:00,24.0,54.4,27.1,93,8.0,karachi
2025-06-28 09:00:00,24.7,56.3,28.4,87,11.1,karachi
2025-06-28 10:00:00,21.6,53.2,28.8,84,11.6,karachi
2025-06-28 11:00:00,20.7,49.4,28.5,87,7.9,karachi
2025-06-28 12:00:00,21.5,47.5,28.4,88,7.5,karachi
2025-06-28 13:00:00,21.0,43.0,29.6,80,14.8,karachi
2025-06-28 14:00:00,19.8,38.4,28.5,83,13.8,karachi
2025-06-28 15:00:00,18.2,32.5,29.2,79,15.5,karachi
2025-06-28 16:00:00,19.2,33.6,28.1,83,16.5,karachi
2025-06-28 17:00:00,37.4,55.3,28.2,83,14.8,karachi
2025-06-28 18:00:00,33.2,49.8,28.5,83,13.9,karachi
2025-06-28 19:00:00,28.4,46.0,28.2,85,12.0,karachi
2025-06-28 20:00:00,27.5,49.7,28.0,86,11.8,karachi
2025-06-28 21:00:00,25.0,49.4,27.9,88,10.8,karachi
2025-06-28 22:00:00,23.5,48.3,27.9,88,9.7,karachi
2025-06-28 23:00:00,22.5,47.0,27.6,89,12.7,karachi
2025-06-29 00:00:00,22.5,47.5,27.6,88,14.9,karachi
2025-06-29 01:00:00,22.6,48.1,27.7,88,15.4,karachi
2025-06-29 02:00:00,22.5,48.8,27.5,90,15.3,karachi
2025-06-29 03:00:00,22.5,50.1,27.2,90,15.7,karachi
2025-06-29 04:00:00,21.8,46.2,27.2,89,14.8,karachi
2025-06-29 05:00:00,16.2,28.8,27.5,88,13.2,karachi
2025-06-29 06:00:00,14.8,23.2,27.8,91,8.1,karachi
2025-06-29 07:00:00,14.6,21.0,28.2,89,8.3,karachi
2025-06-29 08:00:00,13.8,18.1,28.9,85,10.1,karachi
2025-06-29 09:00:00,10.6,12.4,29.2,82,11.7,karachi
2025-06-29 10:00:00,9.4,10.3,29.6,81,9.4,karachi
2025-06-29 11:00:00,9.7,11.2,30.1,79,11.1,karachi
2025-06-29 12:00:00,10.4,16.1,30.0,80,14.4,karachi
2025-06-29 13:00:00,9.5,16.3,30.3,79,16.3,karachi
2025-06-29 14:00:00,10.4,19.5,30.2,79,16.9,karachi
2025-06-29 15:00:00,11.1,21.2,30.2,78,15.1,karachi
2025-06-29 16:00:00,11.6,21.8,29.9,79,16.7,karachi
2025-06-29 17:00:00,11.5,21.9,29.5,81,17.1,karachi
2025-06-29 18:00:00,13.1,24.3,30.1,79,10.1,karachi
2025-06-29 19:00:00,13.8,24.7,29.5,83,8.0,karachi
2025-06-29 20:00:00,16.4,25.0,29.1,86,6.7,karachi
2025-06-29 21:00:00,17.2,25.0,29.0,87,6.6,karachi
2025-06-29 22:00:00,18.0,25.6,28.9,88,6.7,karachi
2025-06-29 23:00:00,19.0,27.2,28.7,88,7.8,karachi
2025-06-30 00:00:00,20.0,30.3,28.2,92,11.0,karachi
2025-06-30 01:00:00,20.7,34.8,28.2,92,10.3,karachi
2025-06-30 02:00:00,22.2,43.8,28.3,90,11.4,karachi
2025-06-30 03:00:00,25.1,57.4,28.4,91,10.5,karachi
2025-06-30 04:00:00,27.9,72.9,28.5,90,10.2,karachi
2025-06-30 05:00:00,32.1,101.0,28.5,90,10.7,karachi
2025-06-30 06:00:00,32.8,103.1,29.1,84,11.9,karachi
2025-06-30 07:00:00,32.4,99.7,29.5,83,12.6,karachi
2025-06-30 08:00:00,29.4,92.4,30.1,77,20.1,karachi
2025-06-30 09:00:00,25.8,75.2,30.4,79,22.1,karachi
2025-06-30 10:00:00,23.3,62.9,30.8,75,21.9,karachi
2025-06-30 11:00:00,22.1,57.0,31.1,75,21.3,karachi
2025-06-30 12:00:00,21.8,55.3,31.4,74,21.0,karachi
2025-06-30 13:00:00,21.9,56.5,31.6,72,20.5,karachi
2025-06-30 14:00:00,21.5,54.8,31.4,71,20.9,karachi
2025-06-30 15:00:00,21.6,53.9,31.2,71,20.1,karachi
2025-06-30 16:00:00,20.3,49.8,30.8,72,20.6,karachi
2025-06-30 17:00:00,26.0,64.5,30.5,75,21.4,karachi
2025-06-30 18:00:00,24.0,60.1,30.5,79,18.5,karachi
2025-06-30 19:00:00,24.4,57.3,30.1,82,16.0,karachi
2025-06-30 20:00:00,23.5,50.1,29.6,84,15.4,karachi
2025-06-30 21:00:00,22.6,48.5,29.5,85,15.3,karachi
2025-06-30 22:00:00,22.4,48.7,29.2,86,14.9,karachi
2025-06-30 23:00:00,22.1,48.0,29.0,88,15.2,karachi
2025-07-01 00:00:00,21.2,46.2,28.9,88,15.1,karachi
2025-07-01 01:00:00,20.0,43.3,28.6,90,14.8,karachi
2025-07-01 02:00:00,19.0,41.0,28.4,91,13.4,karachi
2025-07-01 03:00:00,18.5,39.5,28.3,92,12.4,karachi
2025-07-01 04:00:00,18.7,40.6,28.3,92,11.5,karachi
2025-07-01 05:00:00,18.5,38.9,28.1,92,11.4,karachi
2025-07-01 06:00:00,19.8,43.1,29.0,87,12.7,karachi
2025-07-01 07:00:00,22.6,52.2,29.5,85,11.6,karachi
2025-07-01 08:00:00,24.6,59.1,30.0,79,15.2,karachi
2025-07-01 09:00:00,25.7,68.7,30.5,77,15.7,karachi
2025-07-01 10:00:00,27.9,79.2,31.5,73,14.2,karachi
2025-07-01 11:00:00,28.1,80.8,31.9,71,15.0,karachi
2025-07-01 12:00:00,27.7,78.2,32.0,70,16.2,karachi
2025-07-01 13:00:00,27.6,77.1,31.5,73,17.6,karachi
2025-07-01 14:00:00,24.1,64.0,31.0,75,17.7,karachi
2025-07-01 15:00:00,22.5,58.7,31.3,74,17.4,karachi
2025-07-01 16:00:00,21.0,53.1,30.9,75,17.6,karachi
2025-07-01 17:00:00,27.6,71.9,30.1,79,18.3,karachi
2025-07-01 18:00:00,26.1,66.4,30.2,76,14.3,karachi
2025-07-01 19:00:00,25.7,61.9,29.8,80,12.0,karachi
2025-07-01 20:00:00,25.1,53.0,29.4,82,11.4,karachi
2025-07-01 21:00:00,24.0,48.7,29.1,84,12.8,karachi
2025-07-01 22:00:00,23.3,48.2,29.0,86,13.1,karachi
2025-07-01 23:00:00,22.8,48.7,29.0,86,12.6,karachi
2025-07-02 00:00:00,21.5,47.8,28.5,88,13.0,karachi
2025-07-02 01:00:00,19.5,44.9,28.2,90,13.1,karachi
2025-07-02 02:00:00,17.9,43.2,28.1,91,13.2,karachi
2025-07-02 03:00:00,16.6,41.8,28.1,91,12.5,karachi
2025-07-02 04:00:00,16.1,42.8,28.0,91,11.2,karachi
2025-07-02 05:00:00,16.9,47.6,27.9,92,10.3,karachi
2025-07-02 06:00:00,17.2,47.7,28.6,88,10.3,karachi
2025-07-02 07:00:00,19.2,54.9,29.1,85,9.2,karachi
2025-07-02 08:00:00,21.2,65.2,30.1,76,12.1,karachi
2025-07-02 09:00:00,23.1,79.6,30.9,73,13.4,karachi
2025-07-02 10:00:00,24.8,87.1,31.4,70,14.4,karachi
2025-07-02 11:00:00,26.0,91.7,31.5,71,15.2,karachi
2025-07-02 12:00:00,27.1,92.2,31.6,73,15.0,karachi
2025-07-02 13:00:00,27.5,91.7,31.5,74,15.7,karachi
2025-07-02 14:00:00,26.7,87.1,31.5,74,16.3,karachi
2025-07-02 15:00:00,25.0,81.3,31.4,74,16.7,karachi
2025-07-02 16:00:00,23.0,74.3,30.9,76,16.8,karachi
2025-07-02 17:00:00,29.6,100.8,30.5,78,16.8,karachi
2025-07-02 18:00:00,26.5,85.9,30.4,77,14.8,karachi
2025-07-02 19:00:00,26.5,83.8,29.6,82,14.3,karachi
2025-07-02 20:00:00,25.6,69.4,29.5,84,12.7,karachi
2025-07-02 21:00:00,25.6,65.2,29.5,82,12.7,karachi
2025-07-02 22:00:00,25.6,63.8,29.2,83,13.0,karachi
2025-07-02 23:00:00,25.1,61.9,29.0,84,13.0,karachi
2025-07-03 00:00:00,24.3,60.3,28.8,85,10.7,karachi
2025-07-03 01:00:00,22.9,57.6,28.5,87,11.4,karachi
2025-07-03 02:00:00,21.9,55.9,28.2,88,10.9,karachi
2025-07-03 03:00:00,21.2,54.9,28.1,90,9.5,karachi
2025-07-03 04:00:00,20.6,54.0,28.1,90,10.1,karachi
2025-07-03 05:00:00,22.2,64.5,28.1,90,9.5,karachi
2025-07-03 06:00:00,22.9,65.9,29.1,85,8.8,karachi
2025-07-03 07:00:00,25.9,75.0,29.0,86,9.9,karachi
2025-07-03 08:00:00,28.1,90.6,29.3,84,7.1,karachi
2025-07-03 09:00:00,28.2,98.0,29.9,80,7.4,karachi
2025-07-03 10:00:00,30.2,108.7,30.6,75,9.9,karachi
2025-07-03 11:00:00,33.2,120.6,31.7,70,11.6,karachi
2025-07-03 12:00:00,36.1,125.7,32.5,66,10.5,karachi
2025-07-03 13:00:00,36.3,121.5,32.5,66,13.3,karachi
2025-07-03 14:00:00,34.7,114.3,31.5,72,13.5,karachi
2025-07-03 15:00:00,31.8,105.2,31.5,72,13.2,karachi
2025-07-03 16:00:00,29.2,99.7,31.2,74,13.5,karachi
2025-07-03 17:00:00,34.6,108.5,30.5,77,13.2,karachi
2025-07-03 18:00:00,29.7,90.3,30.5,78,10.7,karachi
2025-07-03 19:00:00,26.3,81.7,30.1,80,11.0,karachi
2025-07-03 20:00:00,25.5,69.2,29.9,82,9.5,karachi
2025-07-03 21:00:00,25.8,68.0,29.7,83,8.4,karachi
2025-07-03 22:00:00,26.6,67.8,29.5,84,8.3,karachi
2025-07-03 23:00:00,26.4,63.8,29.5,85,8.9,karachi
2025-07-04 00:00:00,25.1,60.3,29.3,86,8.2,karachi
2025-07-04 01:00:00,23.4,56.7,29.1,86,8.6,karachi
2025-07-04 02:00:00,22.2,54.9,29.0,87,9.2,karachi
2025-07-04 03:00:00,21.9,55.9,28.9,87,7.6,karachi
2025-07-04 04:00:00,22.0,57.6,28.9,87,8.9,karachi
2025-07-04 05:00:00,23.3,56.5,28.6,89,9.4,karachi
2025-07-04 06:00:00,22.7,55.5,29.0,85,6.4,karachi
2025-07-04 07:00:00,24.1,62.6,29.1,85,6.5,karachi
2025-07-04 08:00:00,25.1,68.2,29.7,81,5.6,karachi
2025-07-04 09:00:00,26.5,84.3,30.9,74,7.2,karachi
2025-07-04 10:00:00,30.0,103.4,31.6,70,8.7,karachi
2025-07-04 11:00:00,33.4,113.9,32.5,66,11.2,karachi
2025-07-04 12:00:00,36.9,122.9,33.1,63,11.5,karachi
2025-07-04 13:00:00,37.0,118.0,33.0,64,13.1,karachi
2025-07-04 14:00:00,35.3,110.1,32.0,71,14.9,karachi
2025-07-04 15:00:00,38.0,118.0,31.9,71,13.5,karachi
2025-07-04 16:00:00,34.0,105.0,31.8,72,15.1,karachi
2025-07-04 17:00:00,37.4,125.3,31.0,75,12.7,karachi
2025-07-04 18:00:00,34.8,115.9,31.1,74,11.1,karachi
2025-07-04 19:00:00,31.8,101.0,30.4,79,10.6,karachi
2025-07-04 20:00:00,30.5,82.0,30.0,81,9.5,karachi
2025-07-04 21:00:00,28.4,72.4,29.6,82,10.7,karachi
2025-07-04 22:00:00,27.2,66.6,29.5,83,10.3,karachi
2025-07-04 23:00:00,26.4,62.9,29.3,84,9.2,karachi
2025-07-05 00:00:00,25.8,62.6,29.3,84,10.3,karachi
2025-07-05 01:00:00,25.6,63.3,29.2,85,9.5,karachi
2025-07-05 02:00:00,26.3,66.6,29.1,87,9.1,karachi
2025-07-05 03:00:00,27.7,71.7,28.9,88,9.2,karachi
2025-07-05 04:00:00,29.4,76.4,28.8,89,10.0,karachi
2025-07-05 05:00:00,28.9,76.1,28.6,89,9.8,karachi
2025-07-05 06:00:00,31.2,82.0,29.4,84,8.7,karachi
2025-07-05 07:00:00,35.5,103.4,29.7,82,8.7,karachi
2025-07-05 08:00:00,37.1,112.2,30.6,76,9.7,karachi
2025-07-05 09:00:00,38.6,120.6,31.8,70,9.7,karachi
2025-07-05 10:00:00,39.7,127.1,32.9,64,9.7,karachi
2025-07-05 11:00:00,40.4,127.1,33.7,61,11.2,karachi
2025-07-05 12:00:00,43.8,135.0,33.8,61,13.0,karachi
2025-07-05 13:00:00,41.7,124.3,33.5,63,14.3,karachi
2025-07-05 14:00:00,39.8,116.4,33.5,63,14.9,karachi
2025-07-05 15:00:00,38.4,112.2,33.0,65,16.6,karachi
2025-07-05 16:00:00,36.4,106.4,32.5,67,16.2,karachi
2025-07-05 17:00:00,36.7,107.3,32.3,67,16.6,karachi
2025-07-05 18:00:00,32.8,95.7,31.2,72,13.4,karachi
2025-07-05 19:00:00,30.6,88.2,30.5,77,12.6,karachi
2025-07-05 20:00:00,29.5,75.2,30.1,79,11.7,karachi
2025-07-05 21:00:00,28.7,69.8,30.0,80,12.9,karachi
2025-07-05 22:00:00,27.6,68.0,30.0,80,13.5,karachi
2025-07-05 23:00:00,26.5,68.0,29.9,82,11.6,karachi
2025-07-06 00:00:00,25.3,69.2,29.6,84,9.9,karachi
2025-07-06 01:00:00,24.1,68.9,29.5,84,11.6,karachi
2025-07-06 02:00:00,23.3,66.8,29.2,85,12.8,karachi
2025-07-06 03:00:00,22.8,62.4,28.9,86,13.7,karachi
2025-07-06 04:00:00,22.8,61.0,28.8,87,14.9,karachi
2025-07-06 05:00:00,22.8,63.8,28.7,87,14.2,karachi
2025-07-06 06:00:00,23.7,65.0,29.8,80,12.2,karachi
2025-07-06 07:00:00,26.3,74.0,30.1,78,13.9,karachi
2025-07-06 08:00:00,27.3,78.0,30.5,75,17.7,karachi
2025-07-06 09:00:00,28.6,84.1,31.1,73,17.1,karachi
2025-07-06 10:00:00,28.5,81.3,31.8,70,16.8,karachi
2025-07-06 11:00:00,29.9,84.3,32.3,67,15.4,karachi
2025-07-06 12:00:00,30.5,85.7,32.3,67,16.3,karachi
2025-07-06 13:00:00,30.7,86.4,32.2,67,16.1,karachi
2025-07-06 14:00:00,30.7,87.1,32.4,66,17.8,karachi
2025-07-06 15:00:00,29.9,85.7,32.0,68,17.0,karachi
2025-07-06 16:00:00,29.7,88.2,32.2,66,17.5,karachi
2025-07-06 17:00:00,30.3,82.0,31.5,68,16.1,karachi
2025-07-06 18:00:00,29.3,85.4,31.1,72,12.5,karachi
2025-07-06 19:00:00,28.7,87.5,30.6,75,10.7,karachi
2025-07-06 20:00:00,29.3,79.9,30.2,78,9.7,karachi
2025-07-06 21:00:00,31.2,80.3,30.0,80,12.1,karachi
2025-07-06 22:00:00,32.8,78.9,29.6,83,13.1,karachi
2025-07-06 23:00:00,33.2,79.2,29.4,84,12.0,karachi
2025-07-07 00:00:00,32.0,77.3,29.2,85,10.6,karachi
2025-07-07 01:00:00,30.5,75.0,29.1,85,10.3,karachi
2025-07-07 02:00:00,28.9,73.8,29.0,85,9.2,karachi
2025-07-07 03:00:00,27.4,72.2,28.9,86,6.8,karachi
2025-07-07 04:00:00,26.3,71.7,28.6,87,6.3,karachi
2025-07-07 05:00:00,32.7,72.6,28.6,87,5.9,karachi
2025-07-07 06:00:00,33.2,74.7,29.0,85,3.8,karachi
2025-07-07 07:00:00,35.0,90.8,29.4,82,2.9,karachi
2025-07-07 08:00:00,33.4,105.5,29.9,77,4.0,karachi
2025-07-07 09:00:00,33.9,107.3,30.5,74,4.2,karachi
2025-07-07 10:00:00,35.4,107.1,31.5,68,5.1,karachi
2025-07-07 11:00:00,36.8,106.9,32.4,64,8.1,karachi
2025-07-07 12:00:00,38.9,109.2,33.0,63,10.0,karachi
2025-07-07 13:00:00,41.2,112.0,33.0,62,12.0,karachi
2025-07-07 14:00:00,42.3,114.6,32.6,64,13.3,karachi
2025-07-07 15:00:00,40.9,111.5,32.0,67,13.0,karachi
2025-07-07 16:00:00,38.4,105.9,31.9,69,13.3,karachi
2025-07-07 17:00:00,38.1,108.3,31.5,70,13.5,karachi
2025-07-07 18:00:00,34.0,97.3,30.7,75,13.3,karachi
2025-07-07 19:00:00,31.4,92.2,30.0,79,12.5,karachi
2025-07-07 20:00:00,30.7,84.1,29.9,79,11.1,karachi
2025-07-07 21:00:00,30.4,84.8,29.8,79,9.7,karachi
2025-07-07 22:00:00,30.2,85.4,29.8,79,8.5,karachi
2025-07-07 23:00:00,29.9,83.8,29.5,82,7.3,karachi
2025-07-08 00:00:00,29.4,82.0,29.2,83,8.8,karachi
2025-07-08 01:00:00,28.6,80.3,29.0,84,9.2,karachi
2025-07-08 02:00:00,28.2,78.7,28.9,85,8.3,karachi
2025-07-08 03:00:00,27.9,78.5,28.8,85,5.7,karachi
2025-07-08 04:00:00,27.9,78.5,28.6,87,4.6,karachi
2025-07-08 05:00:00,29.7,85.9,28.5,87,3.8,karachi
2025-07-08 06:00:00,29.9,77.8,29.1,83,0.9,karachi
2025-07-08 07:00:00,31.9,104.3,29.5,79,0.9,karachi
2025-07-08 08:00:00,33.2,115.7,30.3,74,1.8,karachi
2025-07-08 09:00:00,34.1,115.9,31.0,70,3.3,karachi
2025-07-08 10:00:00,34.8,109.0,32.1,65,6.5,karachi
2025-07-08 11:00:00,36.7,103.6,32.9,61,8.8,karachi
2025-07-08 12:00:00,37.5,98.3,33.4,58,11.0,karachi
2025-07-08 13:00:00,37.1,94.8,33.7,55,13.0,karachi
2025-07-08 14:00:00,36.2,92.2,33.0,60,14.2,karachi
2025-07-08 15:00:00,36.4,94.5,32.8,63,15.4,karachi
2025-07-08 16:00:00,36.6,98.5,32.3,66,17.0,karachi
2025-07-08 17:00:00,42.6,110.4,31.6,69,16.5,karachi
2025-07-08 18:00:00,42.1,120.1,31.2,75,14.2,karachi
2025-07-08 19:00:00,40.9,122.0,30.5,79,13.7,karachi
2025-07-08 20:00:00,39.7,111.8,30.3,79,12.3,karachi
2025-07-08 21:00:00,38.9,115.9,30.1,80,9.5,karachi
2025-07-08 22:00:00,38.1,117.6,30.0,80,9.9,karachi
2025-07-08 23:00:00,36.8,114.8,29.9,80,11.8,karachi
2025-07-09 00:00:00,34.5,106.4,29.7,80,12.9,karachi
2025-07-09 01:00:00,31.5,93.4,29.5,82,13.0,karachi
2025-07-09 02:00:00,28.9,82.2,29.1,83,11.5,karachi
2025-07-09 03:00:00,26.9,73.8,28.7,86,10.3,karachi
2025-07-09 04:00:00,26.0,69.4,28.6,87,9.4,karachi
2025-07-09 05:00:00,27.5,71.2,28.3,89,9.0,karachi
2025-07-09 06:00:00,28.7,70.1,29.0,87,3.5,karachi
2025-07-09 07:00:00,30.7,90.6,29.4,83,4.5,karachi
2025-07-09 08:00:00,30.6,101.0,30.3,77,6.6,karachi
2025-07-09 09:00:00,32.6,108.0,31.2,72,7.7,karachi
2025-07-09 10:00:00,33.6,105.9,32.0,68,9.2,karachi
2025-07-09 11:00:00,35.4,105.9,32.6,65,10.0,karachi
2025-07-09 12:00:00,36.4,104.1,32.7,65,12.2,karachi
2025-07-09 13:00:00,36.9,102.9,32.6,67,13.2,karachi
2025-07-09 14:00:00,35.7,98.3,32.2,69,14.7,karachi
2025-07-09 15:00:00,35.0,95.9,32.2,70,14.4,karachi
2025-07-09 16:00:00,34.5,93.6,31.6,73,14.4,karachi
2025-07-09 17:00:00,36.9,99.9,31.5,73,13.5,karachi
2025-07-09 18:00:00,34.2,93.8,30.7,78,13.2,karachi
2025-07-09 19:00:00,32.7,91.3,30.2,81,13.5,karachi
2025-07-09 20:00:00,32.4,84.3,30.1,81,13.4,karachi
2025-07-09 21:00:00,32.8,86.8,30.1,81,12.5,karachi
2025-07-09 22:00:00,33.8,88.2,29.9,82,11.7,karachi
2025-07-09 23:00:00,34.3,87.3,29.7,83,10.3,karachi
2025-07-10 00:00:00,33.3,85.2,29.4,84,12.1,karachi
2025-07-10 01:00:00,30.7,80.3,29.1,85,11.6,karachi
2025-07-10 02:00:00,28.1,76.6,29.0,86,11.0,karachi
2025-07-10 03:00:00,26.2,73.6,28.8,86,9.2,karachi
2025-07-10 04:00:00,25.0,71.2,28.6,87,7.9,karachi
2025-07-10 05:00:00,26.7,71.2,28.4,88,7.7,karachi
2025-07-10 06:00:00,26.5,68.7,29.2,83,7.0,karachi
2025-07-10 07:00:00,28.8,92.0,29.5,80,8.7,karachi
2025-07-10 08:00:00,28.3,97.1,30.0,77,9.2,karachi
2025-07-10 09:00:00,29.0,102.0,30.8,73,10.5,karachi
2025-07-10 10:00:00,30.6,109.0,31.2,71,10.6,karachi
2025-07-10 11:00:00,32.5,114.8,31.7,70,12.1,karachi
2025-07-10 12:00:00,32.9,112.7,31.5,71,12.8,karachi
2025-07-10 13:00:00,34.5,113.9,32.0,67,13.4,karachi
2025-07-10 14:00:00,34.6,113.2,32.1,67,13.5,karachi
2025-07-10 15:00:00,35.4,115.3,32.2,66,12.2,karachi
2025-07-10 16:00:00,34.1,112.5,31.6,69,12.7,karachi
2025-07-10 17:00:00,37.8,130.4,31.0,71,11.0,karachi
2025-07-10 18:00:00,37.5,128.1,30.6,74,11.7,karachi
2025-07-10 19:00:00,36.9,123.4,30.0,77,11.1,karachi
2025-07-10 20:00:00,37.6,108.5,29.7,78,10.0,karachi
2025-07-10 21:00:00,37.3,101.3,29.6,78,8.6,karachi
2025-07-10 22:00:00,36.8,95.5,29.6,78,7.8,karachi
2025-07-10 23:00:00,36.0,89.2,29.5,79,8.3,karachi
2025-07-11 00:00:00,34.5,81.5,29.4,80,8.6,karachi
2025-07-11 01:00:00,31.9,73.6,29.3,80,9.5,karachi
2025-07-11 02:00:00,29.4,67.1,29.2,80,9.8,karachi
2025-07-11 03:00:00,27.1,61.0,28.9,82,9.7,karachi
2025-07-11 04:00:00,25.1,56.8,28.4,87,9.8,karachi
2025-07-11 05:00:00,24.2,55.8,28.3,88,8.1,karachi
2025-07-11 06:00:00,24.0,53.7,28.7,88,6.1,karachi
2025-07-11 07:00:00,26.4,66.8,29.1,86,4.9,karachi
2025-07-11 08:00:00,26.9,75.7,30.0,80,4.9,karachi
2025-07-11 09:00:00,27.5,87.3,31.1,73,6.3,karachi
2025-07-11 10:00:00,29.5,100.1,32.2,67,8.5,karachi
2025-07-11 11:00:00,31.2,105.2,32.8,64,10.3,karachi
2025-07-11 12:00:00,33.1,104.8,32.5,66,13.6,karachi
2025-07-11 13:00:00,32.9,99.7,32.3,67,15.7,karachi
2025-07-11 14:00:00,31.5,93.8,32.3,66,15.6,karachi
2025-07-11 15:00:00,29.8,91.7,32.1,66,16.0,karachi
2025-07-11 16:00:00,27.4,85.2,31.9,67,15.9,karachi
2025-07-11 17:00:00,30.2,93.1,31.3,69,15.7,karachi
2025-07-11 18:00:00,26.8,82.7,30.9,72,13.1,karachi
2025-07-11 19:00:00,24.7,74.0,30.2,76,11.5,karachi
2025-07-11 20:00:00,24.1,62.4,30.0,77,12.2,karachi
2025-07-11 21:00:00,24.4,60.1,29.8,78,12.9,karachi
2025-07-11 22:00:00,24.5,58.3,29.6,79,13.4,karachi
2025-07-11 23:00:00,24.6,56.8,29.4,81,13.6,karachi
2025-07-12 00:00:00,24.3,56.2,29.1,82,13.0,karachi
2025-07-12 01:00:00,23.3,55.1,28.8,84,12.3,karachi
2025-07-12 02:00:00,22.6,54.8,28.7,84,12.9,karachi
2025-07-12 03:00:00,22.0,54.4,28.5,84,11.8,karachi
2025-07-12 04:00:00,21.7,53.9,28.5,84,10.5,karachi
2025-07-12 05:00:00,22.6,60.1,28.5,83,10.6,karachi
2025-07-12 06:00:00,23.8,65.4,28.4,83,9.9,karachi
2025-07-12 07:00:00,25.7,71.9,28.9,80,9.9,karachi
2025-07-12 08:00:00,26.2,78.7,29.9,74,11.2,karachi
2025-07-12 09:00:00,28.3,90.1,30.9,68,12.5,karachi
2025-07-12 10:00:00,30.3,98.5,32.0,62,13.6,karachi
2025-07-12 11:00:00,30.3,98.3,31.9,64,14.0,karachi
2025-07-12 12:00:00,29.7,97.1,32.0,64,13.5,karachi
2025-07-12 13:00:00,28.7,95.2,32.0,64,14.4,karachi
2025-07-12 14:00:00,27.7,92.4,32.0,66,15.7,karachi
2025-07-12 15:00:00,25.6,83.6,31.5,68,16.1,karachi
2025-07-12 16:00:00,24.4,79.2,31.7,66,14.9,karachi
2025-07-12 17:00:00,29.6,96.6,31.9,65,13.6,karachi
2025-07-12 18:00:00,27.2,87.1,31.0,68,12.9,karachi
2025-07-12 19:00:00,25.0,75.7,30.2,73,11.4,karachi
2025-07-12 20:00:00,24.2,62.4,29.6,77,12.6,karachi
2025-07-12 21:00:00,23.5,57.3,29.4,80,14.2,karachi
2025-07-12 22:00:00,22.5,55.1,29.1,81,14.5,karachi
2025-07-12 23:00:00,22.1,53.8,29.0,80,14.6,karachi
2025-07-13 00:00:00,21.5,52.9,28.9,80,14.1,karachi
2025-07-13 01:00:00,20.8,51.7,28.9,80,13.3,karachi
2025-07-13 02:00:00,20.1,51.1,28.6,80,13.3,karachi
2025-07-13 03:00:00,19.8,51.5,28.4,81,14.9,karachi
2025-07-13 04:00:00,19.7,52.2,28.2,83,11.8,karachi
2025-07-13 05:00:00,19.8,57.2,28.2,84,11.0,karachi
2025-07-13 06:00:00,20.3,58.4,29.0,79,10.3,karachi
2025-07-13 07:00:00,22.3,67.5,29.2,77,12.7,karachi
2025-07-13 08:00:00,23.2,78.0,30.0,73,14.6,karachi
2025-07-13 09:00:00,24.2,89.9,30.6,70,16.1,karachi
2025-07-13 10:00:00,25.9,97.3,30.9,69,17.2,karachi
2025-07-13 11:00:00,27.4,100.4,31.5,66,16.3,karachi
2025-07-13 12:00:00,28.3,104.5,31.7,66,16.5,karachi
2025-07-13 13:00:00,28.5,103.4,32.2,65,16.7,karachi
2025-07-13 14:00:00,27.5,98.3,31.8,67,17.0,karachi
2025-07-13 15:00:00,28.2,102.0,31.9,67,16.6,karachi
2025-07-13 16:00:00,27.1,99.4,31.0,71,17.7,karachi
2025-07-13 17:00:00,29.2,109.2,30.6,73,17.3,karachi
2025-07-13 18:00:00,28.0,102.0,30.2,72,17.2,karachi
2025-07-13 19:00:00,27.7,96.6,29.6,76,15.0,karachi
2025-07-13 20:00:00,27.6,81.0,29.4,78,15.9,karachi
2025-07-13 21:00:00,26.6,76.1,29.3,79,16.3,karachi
2025-07-13 22:00:00,24.3,68.0,29.1,80,16.7,karachi
2025-07-13 23:00:00,22.9,65.7,28.8,83,16.6,karachi
2025-07-14 00:00:00,22.1,64.3,28.5,85,14.4,karachi
2025-07-14 01:00:00,21.6,65.2,28.4,86,13.8,karachi
2025-07-14 02:00:00,21.1,65.7,28.1,87,14.1,karachi
2025-07-14 03:00:00,20.6,64.7,28.1,87,13.5,karachi
2025-07-14 04:00:00,20.3,64.0,28.0,87,13.3,karachi
2025-07-14 05:00:00,20.0,61.7,28.0,87,12.8,karachi
2025-07-14 06:00:00,19.5,59.3,28.5,87,13.3,karachi
2025-07-14 07:00:00,20.4,63.8,28.8,85,14.6,karachi
2025-07-14 08:00:00,21.8,73.3,29.5,80,16.6,karachi
2025-07-14 09:00:00,24.2,85.2,30.5,73,17.4,karachi
2025-07-14 10:00:00,25.1,89.4,31.2,70,18.2,karachi
2025-07-14 11:00:00,27.7,101.5,31.7,67,18.1,karachi
2025-07-14 12:00:00,29.5,112.2,32.1,66,17.9,karachi
2025-07-14 13:00:00,31.3,124.3,32.1,66,17.5,karachi
2025-07-14 14:00:00,33.5,139.7,32.3,66,18.0,karachi
2025-07-14 15:00:00,32.1,126.2,31.9,69,17.9,karachi
2025-07-14 16:00:00,30.4,114.3,31.0,72,17.2,karachi
2025-07-14 17:00:00,31.1,111.1,30.9,72,16.3,karachi
2025-07-14 18:00:00,29.1,100.6,30.5,75,17.4,karachi
2025-07-14 19:00:00,27.6,92.2,29.8,78,15.7,karachi
2025-07-14 20:00:00,25.6,73.3,29.6,78,16.4,karachi
2025-07-14 21:00:00,24.3,68.2,29.2,81,15.2,karachi
2025-07-14 22:00:00,23.3,65.0,29.1,80,13.4,karachi
2025-07-14 23:00:00,22.9,63.6,28.9,81,12.1,karachi
2025-07-15 00:00:00,23.4,64.3,28.6,83,14.3,karachi
2025-07-15 01:00:00,23.1,61.2,28.4,85,13.8,karachi
2025-07-15 02:00:00,22.4,58.9,28.1,87,11.4,karachi
2025-07-15 03:00:00,21.9,58.0,28.0,87,11.5,karachi
2025-07-15 04:00:00,21.5,57.0,27.9,87,12.1,karachi
2025-07-15 05:00:00,22.2,60.8,27.8,88,10.8,karachi
2025-07-15 06:00:00,23.3,63.8,28.6,83,8.6,karachi
2025-07-15 07:00:00,26.7,75.7,29.0,79,9.1,karachi
2025-07-15 08:00:00,29.3,92.4,29.8,73,9.9,karachi
2025-07-15 09:00:00,31.7,103.4,31.0,67,11.2,karachi
2025-07-15 10:00:00,33.8,106.6,31.7,63,12.4,karachi
2025-07-15 11:00:00,36.2,109.4,32.2,60,13.1,karachi
2025-07-15 12:00:00,37.5,108.7,32.2,60,13.8,karachi
2025-07-15 13:00:00,36.0,102.2,32.2,60,14.0,karachi
2025-07-15 14:00:00,33.4,95.5,31.9,63,15.0,karachi
2025-07-15 15:00:00,31.1,90.8,31.5,65,15.8,karachi
2025-07-15 16:00:00,28.8,85.7,31.5,65,15.7,karachi
2025-07-15 17:00:00,34.6,101.7,31.2,67,15.3,karachi
2025-07-15 18:00:00,33.3,95.9,30.3,70,12.6,karachi
2025-07-15 19:00:00,32.7,91.3,29.8,73,13.2,karachi
2025-07-15 20:00:00,31.2,75.7,29.1,78,14.5,karachi
2025-07-15 21:00:00,30.3,71.7,29.0,78,11.8,karachi
2025-07-15 22:00:00,29.4,69.6,28.9,79,12.6,karachi
2025-07-15 23:00:00,29.1,69.2,28.8,80,11.5,karachi
2025-07-16 00:00:00,29.2,70.1,28.6,80,10.9,karachi
2025-07-16 01:00:00,28.3,69.8,28.4,81,10.7,karachi
2025-07-16 02:00:00,27.3,68.2,28.2,82,10.1,karachi
2025-07-16 03:00:00,26.4,66.1,28.0,83,9.3,karachi
2025-07-16 04:00:00,25.6,64.5,27.9,84,8.2,karachi
2025-07-16 05:00:00,25.0,62.9,27.7,85,8.1,karachi
2025-07-16 06:00:00,25.6,64.7,28.4,80,6.7,karachi
2025-07-16 07:00:00,28.3,79.9,28.8,77,8.7,karachi
2025-07-16 08:00:00,27.1,78.7,29.5,73,9.4,karachi
2025-07-16 09:00:00,29.3,90.1,30.2,69,9.9,karachi
2025-07-16 10:00:00,27.1,82.4,30.9,65,11.2,karachi
2025-07-16 11:00:00,26.6,79.9,31.5,63,11.6,karachi
2025-07-16 12:00:00,25.9,75.9,32.1,60,13.6,karachi
2025-07-16 13:00:00,25.4,72.6,32.0,61,15.4,karachi
2025-07-16 14:00:00,24.9,70.5,32.0,62,16.3,karachi
2025-07-16 15:00:00,24.1,69.2,32.0,62,16.6,karachi
2025-07-16 16:00:00,23.3,66.8,31.8,64,16.5,karachi
2025-07-16 17:00:00,28.2,81.3,31.3,67,15.7,karachi
2025-07-16 18:00:00,29.2,83.8,30.6,69,13.3,karachi
2025-07-16 19:00:00,30.2,82.0,30.0,72,12.9,karachi
2025-07-16 20:00:00,30.6,73.6,29.5,76,11.7,karachi
2025-07-16 21:00:00,32.2,75.2,29.2,78,11.5,karachi
2025-07-16 22:00:00,34.0,78.5,29.0,79,11.1,karachi
2025-07-16 23:00:00,34.8,80.6,28.9,80,12.1,karachi
2025-07-17 00:00:00,33.6,78.2,28.5,82,12.6,karachi
2025-07-17 01:00:00,31.8,75.2,28.5,82,11.1,karachi
2025-07-17 02:00:00,29.9,72.4,28.4,82,10.8,karachi
2025-07-17 03:00:00,28.5,70.8,28.5,81,8.0,karachi
2025-07-17 04:00:00,27.4,68.5,28.3,81,6.3,karachi
2025-07-17 05:00:00,26.1,66.1,28.1,82,6.3,karachi
2025-07-17 06:00:00,26.5,66.1,28.8,82,8.4,karachi
2025-07-17 07:00:00,30.0,83.4,29.4,76,10.2,karachi
2025-07-17 08:00:00,31.2,91.7,29.3,77,12.9,karachi
2025-07-17 09:00:00,30.3,88.9,29.9,76,13.0,karachi
2025-07-17 10:00:00,29.4,88.5,30.9,70,12.9,karachi
2025-07-17 11:00:00,29.0,87.1,31.5,67,13.0,karachi
2025-07-17 12:00:00,28.2,81.3,31.4,68,13.3,karachi
2025-07-17 13:00:00,28.2,82.4,31.7,67,14.6,karachi
2025-07-17 14:00:00,27.5,79.6,31.0,71,16.5,karachi
2025-07-17 15:00:00,26.7,75.0,30.9,72,16.2,karachi
2025-07-17 16:00:00,25.8,73.6,30.8,72,15.8,karachi
2025-07-17 17:00:00,28.5,83.8,30.2,74,14.7,karachi
2025-07-17 18:00:00,27.3,79.9,30.1,75,12.3,karachi
2025-07-17 19:00:00,26.4,74.5,29.5,78,11.9,karachi
2025-07-17 20:00:00,26.4,71.7,29.3,78,11.4,karachi
2025-07-17 21:00:00,26.1,69.4,29.2,77,12.0,karachi
2025-07-17 22:00:00,25.7,64.7,29.1,77,12.4,karachi
2025-07-17 23:00:00,25.3,60.3,29.0,77,12.0,karachi
2025-07-18 00:00:00,24.6,56.7,29.0,76,11.5,karachi
2025-07-18 01:00:00,23.8,54.0,28.9,77,9.6,karachi
2025-07-18 02:00:00,23.4,52.3,28.8,77,9.7,karachi
2025-07-18 03:00:00,23.1,51.0,28.4,79,10.2,karachi
2025-07-18 04:00:00,22.5,48.4,28.2,80,9.0,karachi
2025-07-18 05:00:00,24.8,53.4,28.0,81,7.6,karachi
2025-07-18 06:00:00,25.3,56.8,28.9,77,5.9,karachi
2025-07-18 07:00:00,26.2,65.7,29.2,74,6.1,karachi
2025-07-18 08:00:00,25.3,66.8,30.0,69,7.9,karachi
2025-07-18 09:00:00,25.7,70.5,31.0,64,9.1,karachi
2025-07-18 10:00:00,26.4,73.6,32.0,59,9.5,karachi
2025-07-18 11:00:00,27.2,77.8,32.8,56,10.7,karachi
2025-07-18 12:00:00,28.5,83.1,33.2,55,12.3,karachi
2025-07-18 13:00:00,29.6,87.1,33.2,55,14.0,karachi
2025-07-18 14:00:00,30.3,87.1,32.7,57,14.7,karachi
2025-07-18 15:00:00,29.8,83.8,32.2,60,14.7,karachi
2025-07-18 16:00:00,28.8,81.0,31.8,62,14.0,karachi
2025-07-18 17:00:00,30.5,84.8,31.4,64,13.4,karachi
2025-07-18 18:00:00,27.6,80.1,31.0,66,12.7,karachi
2025-07-18 19:00:00,25.1,73.1,30.4,70,11.9,karachi
2025-07-18 20:00:00,23.9,66.8,29.9,74,11.3,karachi
2025-07-18 21:00:00,23.7,66.6,29.6,75,11.4,karachi
2025-07-18 22:00:00,24.2,68.0,29.3,77,11.5,karachi
2025-07-18 23:00:00,23.9,64.5,29.1,78,12.4,karachi
2025-07-19 00:00:00,23.5,60.8,29.0,78,14.1,karachi
2025-07-19 01:00:00,21.0,50.8,28.9,79,13.0,karachi
2025-07-19 02:00:00,20.0,46.9,28.9,78,13.7,karachi
2025-07-19 03:00:00,20.3,48.4,28.6,80,14.4,karachi
2025-07-19 04:00:00,19.9,45.8,28.4,83,13.4,karachi
2025-07-19 05:00:00,21.2,52.2,28.1,85,13.2,karachi
2025-07-19 06:00:00,21.5,55.4,29.0,80,12.8,karachi
2025-07-19 07:00:00,22.2,58.0,29.0,79,13.6,karachi
2025-07-19 08:00:00,23.9,63.6,29.6,75,15.0,karachi
2025-07-19 09:00:00,27.8,78.9,30.6,71,13.5,karachi
2025-07-19 10:00:00,28.2,80.6,31.8,65,14.6,karachi
2025-07-19 11:00:00,30.6,88.9,32.4,63,14.8,karachi
2025-07-19 12:00:00,31.9,92.0,32.8,62,16.2,karachi
2025-07-19 13:00:00,31.4,88.9,32.9,62,16.9,karachi
2025-07-19 14:00:00,29.7,82.4,33.0,61,16.9,karachi
2025-07-19 15:00:00,27.8,77.5,32.8,62,17.1,karachi
2025-07-19 16:00:00,26.4,72.9,31.3,68,16.9,karachi
2025-07-19 17:00:00,26.4,72.2,31.0,68,17.3,karachi
2025-07-19 18:00:00,25.8,68.9,30.1,72,18.0,karachi
2025-07-19 19:00:00,25.5,66.1,29.9,74,16.1,karachi
2025-07-19 20:00:00,25.4,65.4,29.6,76,18.3,karachi
2025-07-19 21:00:00,24.0,57.7,29.2,79,17.8,karachi
2025-07-19 22:00:00,23.5,57.9,29.0,80,16.1,karachi
2025-07-19 23:00:00,23.1,55.3,28.9,81,16.5,karachi
2025-07-20 00:00:00,24.3,58.0,28.7,82,14.7,karachi
2025-07-20 01:00:00,23.7,55.6,28.6,82,15.4,karachi
2025-07-20 02:00:00,22.3,51.5,28.4,84,15.2,karachi
2025-07-20 03:00:00,21.1,48.3,28.1,85,15.4,karachi
2025-07-20 04:00:00,20.8,49.1,28.1,86,13.6,karachi
2025-07-20 05:00:00,19.3,43.0,28.0,86,13.5,karachi
2025-07-20 06:00:00,19.8,46.0,28.5,84,10.6,karachi
2025-07-20 07:00:00,22.1,55.4,28.8,82,11.9,karachi
2025-07-20 08:00:00,24.7,64.0,29.0,80,13.2,karachi
2025-07-20 09:00:00,26.9,73.6,29.5,77,13.5,karachi
2025-07-20 10:00:00,28.6,80.1,30.0,73,13.7,karachi
2025-07-20 11:00:00,28.5,79.2,30.8,69,14.2,karachi
2025-07-20 12:00:00,28.8,79.2,31.2,67,13.5,karachi
2025-07-20 13:00:00,29.2,80.3,32.1,62,13.6,karachi
2025-07-20 14:00:00,29.6,82.2,31.9,63,13.4,karachi
2025-07-20 15:00:00,29.6,82.7,31.2,67,13.8,karachi
2025-07-20 16:00:00,28.9,81.3,31.4,66,13.0,karachi
2025-07-20 17:00:00,28.5,78.5,30.5,70,13.5,karachi
2025-07-20 18:00:00,27.5,76.6,30.4,73,12.0,karachi
2025-07-20 19:00:00,26.5,72.4,30.1,74,11.7,karachi
2025-07-20 20:00:00,24.8,63.3,29.8,76,12.9,karachi
2025-07-20 21:00:00,24.4,57.4,29.5,78,11.9,karachi
2025-07-20 22:00:00,23.9,54.6,29.4,79,11.7,karachi
2025-07-20 23:00:00,23.8,53.1,29.3,80,11.6,karachi
2025-07-21 00:00:00,23.5,52.5,29.0,82,11.6,karachi
2025-07-21 01:00:00,23.0,52.4,28.9,83,11.6,karachi
2025-07-21 02:00:00,24.7,58.1,28.5,86,11.8,karachi
2025-07-21 03:00:00,23.3,52.7,27.9,91,11.4,karachi
2025-07-21 04:00:00,21.7,48.3,27.6,93,10.4,karachi
2025-07-21 05:00:00,20.8,45.8,27.6,93,8.8,karachi
2025-07-21 06:00:00,21.5,46.8,28.9,81,9.7,karachi
2025-07-21 07:00:00,23.7,50.8,29.1,80,9.4,karachi
2025-07-21 08:00:00,25.0,59.4,29.9,74,9.8,karachi
2025-07-21 09:00:00,25.7,63.1,30.5,71,10.3,karachi
2025-07-21 10:00:00,28.9,69.2,31.1,68,10.6,karachi
2025-07-21 11:00:00,29.8,73.6,31.9,66,11.4,karachi
2025-07-21 12:00:00,31.7,78.9,32.0,66,12.9,karachi
2025-07-21 13:00:00,34.3,85.4,32.2,65,13.5,karachi
2025-07-21 14:00:00,33.1,83.4,32.0,66,16.1,karachi
2025-07-21 15:00:00,32.6,81.3,31.6,66,16.3,karachi
2025-07-21 16:00:00,31.5,79.4,31.5,66,15.1,karachi
2025-07-21 17:00:00,37.3,97.8,31.0,68,14.8,karachi
2025-07-21 18:00:00,36.1,95.0,30.6,72,11.7,karachi
2025-07-21 19:00:00,33.9,86.4,30.0,76,11.2,karachi
2025-07-21 20:00:00,32.0,71.0,29.7,78,10.9,karachi
2025-07-21 21:00:00,30.9,66.8,29.5,80,10.4,karachi
2025-07-21 22:00:00,30.4,64.5,29.4,81,9.3,karachi
2025-07-21 23:00:00,30.0,62.4,29.2,82,9.4,karachi
2025-07-22 00:00:00,29.1,60.5,29.1,82,9.9,karachi
2025-07-22 01:00:00,27.8,58.0,29.0,83,10.2,karachi
2025-07-22 02:00:00,26.6,55.5,28.9,83,11.0,karachi
2025-07-22 03:00:00,25.4,53.2,28.5,85,11.1,karachi
2025-07-22 04:00:00,24.3,50.1,28.5,85,10.7,karachi
2025-07-22 05:00:00,23.7,49.2,28.4,85,10.7,karachi
2025-07-22 06:00:00,23.5,49.2,29.0,83,10.5,karachi
2025-07-22 07:00:00,24.8,55.5,29.1,81,10.6,karachi
2025-07-22 08:00:00,24.7,57.9,29.5,79,10.9,karachi
2025-07-22 09:00:00,25.8,65.0,30.4,74,11.8,karachi
2025-07-22 10:00:00,28.1,72.4,31.2,70,12.7,karachi
2025-07-22 11:00:00,32.4,85.7,31.8,66,13.5,karachi
2025-07-22 12:00:00,30.2,78.9,31.9,65,13.6,karachi
2025-07-22 13:00:00,28.8,75.2,32.5,62,14.4,karachi
2025-07-22 14:00:00,30.5,82.0,32.6,62,15.4,karachi
2025-07-22 15:00:00,27.5,72.9,32.1,64,15.9,karachi
2025-07-22 16:00:00,27.4,73.3,31.7,66,16.6,karachi
2025-07-22 17:00:00,31.2,86.4,30.9,70,16.7,karachi
2025-07-22 18:00:00,30.0,82.7,30.9,69,14.2,karachi
2025-07-22 19:00:00,29.3,78.9,30.2,72,16.1,karachi
2025-07-22 20:00:00,28.6,67.5,29.6,76,16.2,karachi
2025-07-22 21:00:00,28.2,65.4,29.5,77,17.1,karachi
2025-07-22 22:00:00,26.4,60.1,29.5,76,17.5,karachi
2025-07-22 23:00:00,24.6,55.8,29.2,77,17.8,karachi
2025-07-23 00:00:00,22.7,51.2,28.6,82,17.9,karachi
2025-07-23 01:00:00,21.5,49.2,28.4,84,19.3,karachi
2025-07-23 02:00:00,21.0,48.8,28.4,84,18.0,karachi
2025-07-23 03:00:00,20.6,48.4,28.2,84,17.2,karachi
2025-07-23 04:00:00,20.1,48.1,28.2,84,16.9,karachi
2025-07-23 05:00:00,21.0,50.8,28.2,82,16.6,karachi
2025-07-23 06:00:00,20.9,51.2,28.8,79,15.0,karachi
2025-07-23 07:00:00,22.5,57.4,28.6,80,16.8,karachi
2025-07-23 08:00:00,24.3,65.0,29.5,74,19.0,karachi
2025-07-23 09:00:00,25.4,69.8,30.2,71,19.2,karachi
2025-07-23 10:00:00,26.4,73.6,30.5,71,19.1,karachi
2025-07-23 11:00:00,26.1,72.9,30.5,71,19.4,karachi
2025-07-23 12:00:00,26.1,73.1,30.2,73,19.7,karachi
2025-07-23 13:00:00,26.7,76.1,30.4,73,20.3,karachi
2025-07-23 14:00:00,26.8,74.7,30.5,73,20.4,karachi
2025-07-23 15:00:00,26.9,74.5,30.6,72,20.8,karachi
2025-07-23 16:00:00,25.6,69.2,30.8,71,21.5,karachi
2025-07-23 17:00:00,25.0,67.3,30.2,73,20.7,karachi
2025-07-23 18:00:00,24.6,65.4,30.0,74,19.5,karachi
2025-07-23 19:00:00,23.6,54.1,29.5,78,18.4,karachi
2025-07-23 20:00:00,24.0,53.2,29.1,80,18.1,karachi
2025-07-23 21:00:00,24.0,53.3,28.9,82,16.9,karachi
2025-07-23 22:00:00,22.5,48.9,28.8,83,16.1,karachi
2025-07-23 23:00:00,21.5,47.7,28.5,85,15.9,karachi
2025-07-24 00:00:00,20.7,46.3,28.4,85,16.3,karachi
2025-07-24 01:00:00,19.6,43.7,28.0,87,15.4,karachi
2025-07-24 02:00:00,19.0,42.8,28.0,87,14.7,karachi
2025-07-24 03:00:00,19.0,43.3,27.8,88,14.5,karachi
2025-07-24 04:00:00,19.6,45.8,27.7,89,14.1,karachi
2025-07-24 05:00:00,19.0,40.7,27.8,88,13.8,karachi
2025-07-24 06:00:00,19.9,44.6,28.4,85,13.5,karachi
2025-07-24 07:00:00,21.9,50.4,28.8,82,12.6,karachi
2025-07-24 08:00:00,24.2,60.8,29.5,76,14.0,karachi
2025-07-24 09:00:00,25.8,68.2,30.2,73,15.2,karachi
2025-07-24 10:00:00,28.1,75.0,30.5,71,15.9,karachi
2025-07-24 11:00:00,30.9,83.4,30.9,69,16.6,karachi
2025-07-24 12:00:00,32.0,85.2,31.3,68,16.2,karachi
2025-07-24 13:00:00,31.2,82.9,32.0,64,15.9,karachi
2025-07-24 14:00:00,31.0,81.0,32.0,65,15.3,karachi
2025-07-24 15:00:00,31.1,82.2,31.6,67,15.4,karachi
2025-07-24 16:00:00,30.4,79.6,31.2,68,15.2,karachi
2025-07-24 17:00:00,32.7,85.7,30.8,69,13.8,karachi
2025-07-24 18:00:00,30.0,78.0,30.5,70,12.0,karachi
2025-07-24 19:00:00,28.3,71.2,30.0,74,12.8,karachi
2025-07-24 20:00:00,28.3,66.8,29.4,77,13.3,karachi
2025-07-24 21:00:00,27.0,57.0,29.1,78,13.4,karachi
2025-07-24 22:00:00,26.1,55.1,29.1,80,12.9,karachi
2025-07-24 23:00:00,25.5,53.0,28.7,82,13.4,karachi
2025-07-25 00:00:00,24.6,51.2,28.4,84,12.7,karachi
2025-07-25 01:00:00,23.3,48.1,28.1,86,11.0,karachi
2025-07-25 02:00:00,21.9,44.9,28.0,87,10.8,karachi
2025-07-25 03:00:00,20.7,42.3,27.7,88,9.7,karachi
2025-07-25 04:00:00,19.8,40.6,27.5,89,10.4,karachi
2025-07-25 05:00:00,19.6,40.4,27.5,89,10.1,karachi
2025-07-25 06:00:00,19.7,41.6,28.1,88,8.5,karachi
2025-07-25 07:00:00,21.4,50.1,28.5,85,9.4,karachi
2025-07-25 08:00:00,22.4,55.1,29.4,79,11.3,karachi
2025-07-25 09:00:00,23.2,61.2,30.4,73,12.4,karachi
2025-07-25 10:00:00,25.0,69.2,31.0,69,13.5,karachi
2025-07-25 11:00:00,26.1,74.5,31.3,68,14.9,karachi
2025-07-25 12:00:00,26.4,77.1,31.7,66,15.1,karachi
2025-07-25 13:00:00,26.3,78.7,32.0,64,14.4,karachi
2025-07-25 14:00:00,26.0,79.9,32.1,64,15.0,karachi
2025-07-25 15:00:00,26.5,82.7,31.6,67,15.6,karachi
2025-07-25 16:00:00,25.6,82.0,31.5,67,16.0,karachi
2025-07-25 17:00:00,29.5,98.0,30.8,70,16.0,karachi
2025-07-25 18:00:00,28.1,94.5,30.3,72,13.6,karachi
2025-07-25 19:00:00,27.1,90.3,30.0,73,14.5,karachi
2025-07-25 20:00:00,25.6,74.3,29.5,78,15.3,karachi
2025-07-25 21:00:00,25.2,67.3,29.2,79,14.3,karachi
2025-07-25 22:00:00,24.8,63.3,29.1,80,12.0,karachi
2025-07-25 23:00:00,23.7,57.3,29.0,79,14.0,karachi
2025-07-26 00:00:00,22.8,54.1,28.6,82,15.1,karachi
2025-07-26 01:00:00,23.6,58.3,28.4,84,13.5,karachi
2025-07-26 02:00:00,22.5,54.7,28.1,85,13.0,karachi
2025-07-26 03:00:00,21.7,51.9,27.9,87,12.6,karachi
2025-07-26 04:00:00,21.4,51.7,27.6,88,11.2,karachi
2025-07-26 05:00:00,20.9,50.6,27.5,89,10.9,karachi
2025-07-26 06:00:00,21.1,53.7,28.7,80,9.9,karachi
2025-07-26 07:00:00,22.9,61.7,28.9,80,10.7,karachi
2025-07-26 08:00:00,24.7,69.8,29.8,75,13.1,karachi
2025-07-26 09:00:00,26.4,79.6,30.8,70,15.3,karachi
2025-07-26 10:00:00,27.8,85.9,31.2,68,15.8,karachi
2025-07-26 11:00:00,28.8,89.4,31.9,66,16.8,karachi
2025-07-26 12:00:00,29.9,91.7,31.5,68,18.1,karachi
2025-07-26 13:00:00,29.2,87.1,31.8,67,18.9,karachi
2025-07-26 14:00:00,28.8,86.1,32.0,66,18.6,karachi
2025-07-26 15:00:00,27.6,81.7,31.5,68,18.9,karachi
2025-07-26 16:00:00,25.8,75.9,31.0,70,17.4,karachi
2025-07-26 17:00:00,30.9,92.0,31.0,69,18.4,karachi
2025-07-26 18:00:00,30.2,88.0,29.9,71,17.1,karachi
2025-07-26 19:00:00,29.7,83.6,29.2,73,16.8,karachi
2025-07-26 20:00:00,29.3,75.4,28.8,77,16.8,karachi
2025-07-26 21:00:00,29.0,71.7,28.9,77,16.2,karachi
2025-07-26 22:00:00,29.1,71.2,28.8,77,15.1,karachi
2025-07-26 23:00:00,29.3,71.9,28.8,77,13.5,karachi
2025-07-27 00:00:00,29.3,72.9,28.5,78,14.8,karachi
2025-07-27 01:00:00,36.7,98.0,28.3,80,12.4,karachi
2025-07-27 02:00:00,30.6,75.9,28.0,82,12.7,karachi
2025-07-27 03:00:00,29.4,72.6,27.9,83,12.4,karachi
2025-07-27 04:00:00,27.6,68.0,27.8,83,12.6,karachi
2025-07-27 05:00:00,21.0,49.2,27.8,84,11.2,karachi
2025-07-27 06:00:00,21.7,53.0,28.5,80,12.1,karachi
2025-07-27 07:00:00,23.4,62.2,28.9,78,14.1,karachi
2025-07-27 08:00:00,23.9,63.8,29.5,74,17.4,karachi
2025-07-27 09:00:00,24.3,67.3,30.1,71,16.9,karachi
2025-07-27 10:00:00,23.8,65.9,31.0,66,16.5,karachi
2025-07-27 11:00:00,24.2,68.2,31.5,65,17.0,karachi
2025-07-27 12:00:00,24.3,68.0,31.4,65,16.7,karachi
2025-07-27 13:00:00,24.6,68.0,31.4,65,17.6,karachi
2025-07-27 14:00:00,24.8,69.2,30.5,70,19.4,karachi
2025-07-27 15:00:00,24.3,66.6,30.4,71,18.9,karachi
2025-07-27 16:00:00,23.8,65.7,30.7,68,18.9,karachi
2025-07-27 17:00:00,26.5,69.6,29.9,72,18.7,karachi
2025-07-27 18:00:00,26.9,71.7,29.8,75,17.8,karachi
2025-07-27 19:00:00,29.3,78.0,29.0,79,15.8,karachi
2025-07-27 20:00:00,27.2,68.5,28.6,81,15.3,karachi
2025-07-27 21:00:00,26.8,63.6,28.6,81,13.2,karachi
2025-07-27 22:00:00,27.4,63.8,28.6,80,13.6,karachi
2025-07-27 23:00:00,26.1,61.0,28.5,79,13.5,karachi
2025-07-28 00:00:00,24.3,58.8,28.4,80,14.2,karachi
2025-07-28 01:00:00,22.8,56.6,28.0,83,14.9,karachi
2025-07-28 02:00:00,24.3,64.5,27.9,84,15.6,karachi
2025-07-28 03:00:00,21.5,58.1,28.0,82,14.5,karachi
2025-07-28 04:00:00,20.2,56.8,28.0,81,15.0,karachi
2025-07-28 05:00:00,18.6,52.5,27.9,82,15.3,karachi
2025-07-28 06:00:00,21.3,68.0,28.5,79,14.1,karachi
2025-07-28 07:00:00,19.8,70.8,28.5,78,16.1,karachi
2025-07-28 08:00:00,20.0,68.0,29.0,75,17.3,karachi
2025-07-28 09:00:00,20.4,70.5,29.9,69,19.4,karachi
2025-07-28 10:00:00,21.9,75.0,30.9,64,19.6,karachi
2025-07-28 11:00:00,22.4,75.9,30.6,67,19.7,karachi
2025-07-28 12:00:00,22.5,74.0,30.9,66,20.0,karachi
2025-07-28 13:00:00,22.9,73.1,31.4,64,20.7,karachi
2025-07-28 14:00:00,23.1,72.2,30.9,68,20.3,karachi
2025-07-28 15:00:00,23.0,72.6,31.0,66,20.2,karachi
2025-07-28 16:00:00,22.2,71.5,30.6,69,21.1,karachi
2025-07-28 17:00:00,24.3,79.4,30.0,73,20.7,karachi
2025-07-28 18:00:00,24.4,79.6,29.7,73,17.8,karachi
2025-07-28 19:00:00,23.8,75.7,29.1,77,17.6,karachi
2025-07-28 20:00:00,23.5,71.9,29.0,78,16.1,karachi
2025-07-28 21:00:00,23.7,69.2,28.9,80,14.1,karachi
2025-07-28 22:00:00,23.5,66.6,28.8,80,15.5,karachi
2025-07-28 23:00:00,23.0,63.8,28.5,82,16.2,karachi
2025-07-29 00:00:00,22.7,62.2,28.2,83,15.2,karachi
2025-07-29 01:00:00,21.1,57.6,28.0,84,15.8,karachi
2025-07-29 02:00:00,19.5,53.4,28.0,84,15.8,karachi
2025-07-29 03:00:00,18.0,49.7,27.9,84,16.2,karachi
2025-07-29 04:00:00,17.1,46.6,27.8,84,16.8,karachi
2025-07-29 05:00:00,17.0,47.0,27.8,84,16.8,karachi
2025-07-29 06:00:00,16.8,45.9,28.4,82,16.3,karachi
2025-07-29 07:00:00,17.9,49.1,28.6,81,19.2,karachi
2025-07-29 08:00:00,19.6,54.2,29.3,75,21.8,karachi
2025-07-29 09:00:00,21.0,60.1,30.0,71,22.7,karachi
2025-07-29 10:00:00,21.7,61.2,30.5,67,23.3,karachi
2025-07-29 11:00:00,21.7,59.8,31.0,65,24.1,karachi
2025-07-29 12:00:00,22.0,60.1,30.9,67,23.5,karachi
2025-07-29 13:00:00,21.4,58.2,31.2,64,24.2,karachi
2025-07-29 14:00:00,20.8,58.0,31.4,64,23.5,karachi
2025-07-29 15:00:00,20.7,58.6,31.0,66,23.6,karachi
2025-07-29 16:00:00,19.8,56.1,30.5,69,23.3,karachi
2025-07-29 17:00:00,21.8,61.0,30.2,71,23.0,karachi
2025-07-29 18:00:00,20.4,54.0,29.5,75,21.6,karachi
2025-07-29 19:00:00,20.2,49.9,28.9,77,20.4,karachi
2025-07-29 20:00:00,19.7,43.9,28.5,81,18.8,karachi
2025-07-29 21:00:00,20.9,46.0,28.2,83,19.1,karachi
2025-07-29 22:00:00,23.9,53.9,27.8,86,14.9,karachi
2025-07-29 23:00:00,22.4,48.8,27.9,85,14.3,karachi
2025-07-30 00:00:00,22.0,48.0,27.8,86,15.0,karachi
2025-07-30 01:00:00,21.4,47.8,27.6,87,14.8,karachi
2025-07-30 02:00:00,20.9,48.7,27.5,88,15.3,karachi
2025-07-30 03:00:00,20.7,50.4,27.5,87,16.1,karachi
2025-07-30 04:00:00,20.6,51.8,27.4,88,16.7,karachi
2025-07-30 05:00:00,20.7,53.2,27.4,87,16.6,karachi
2025-07-30 06:00:00,20.9,53.4,28.0,82,18.6,karachi
2025-07-30 07:00:00,22.6,60.3,28.2,80,19.5,karachi
2025-07-30 08:00:00,23.1,60.8,28.9,76,21.0,karachi
2025-07-30 09:00:00,24.1,65.7,29.8,72,20.4,karachi
2025-07-30 10:00:00,24.1,66.6,30.2,69,21.1,karachi
2025-07-30 11:00:00,24.7,68.9,30.2,70,21.0,karachi
2025-07-30 12:00:00,25.1,70.1,30.9,68,20.4,karachi
2025-07-30 13:00:00,25.7,71.5,31.1,67,19.7,karachi
2025-07-30 14:00:00,26.4,72.9,30.5,70,19.0,karachi
2025-07-30 15:00:00,26.3,73.6,30.1,72,18.2,karachi
2025-07-30 16:00:00,27.3,79.2,30.1,72,18.0,karachi
2025-07-30 17:00:00,27.4,83.6,29.7,74,19.5,karachi
2025-07-30 18:00:00,27.4,85.0,29.4,78,16.9,karachi
2025-07-30 19:00:00,27.5,80.6,28.9,80,15.7,karachi
2025-07-30 20:00:00,27.5,77.1,28.5,85,13.4,karachi
2025-07-30 21:00:00,27.4,71.9,28.1,87,13.0,karachi
2025-07-30 22:00:00,27.0,69.4,28.0,88,12.8,karachi
2025-07-30 23:00:00,26.9,68.5,27.6,89,12.3,karachi
2025-07-31 00:00:00,26.2,65.4,27.5,89,11.0,karachi
2025-07-31 01:00:00,25.3,65.2,27.4,90,11.3,karachi
2025-07-31 02:00:00,24.6,65.2,27.2,90,10.8,karachi
2025-07-31 03:00:00,23.9,64.3,27.2,89,9.9,karachi
2025-07-31 04:00:00,23.0,61.2,27.0,91,8.5,karachi
2025-07-31 05:00:00,25.4,72.4,26.9,91,8.4,karachi
2025-07-31 06:00:00,25.0,71.9,27.9,85,9.3,karachi
2025-07-31 07:00:00,26.5,82.2,28.2,82,11.3,karachi
2025-07-31 08:00:00,27.6,87.5,29.0,76,12.2,karachi
2025-07-31 09:00:00,29.1,93.8,29.8,72,13.7,karachi
2025-07-31 10:00:00,29.6,94.8,30.0,71,14.7,karachi
2025-07-31 11:00:00,30.5,95.5,30.2,70,14.5,karachi
2025-07-31 12:00:00,30.3,94.1,30.7,69,14.7,karachi
2025-07-31 13:00:00,30.0,92.0,30.7,68,15.1,karachi
2025-07-31 14:00:00,28.6,87.5,31.0,68,15.0,karachi
2025-07-31 15:00:00,27.0,81.3,30.6,70,15.1,karachi
2025-07-31 16:00:00,25.7,76.1,30.4,71,14.9,karachi
2025-07-31 17:00:00,27.6,78.2,29.9,73,15.1,karachi
2025-07-31 18:00:00,27.0,74.7,29.0,79,12.3,karachi
2025-07-31 19:00:00,31.1,83.6,28.6,80,8.0,karachi
2025-07-31 20:00:00,26.6,58.7,28.3,84,10.5,karachi
2025-07-31 21:00:00,25.7,52.0,28.0,86,11.1,karachi
2025-07-31 22:00:00,25.1,48.7,27.8,88,11.5,karachi
2025-07-31 23:00:00,24.7,47.8,27.5,90,12.1,karachi
2025-08-01 00:00:00,24.0,47.7,27.2,91,10.6,karachi
2025-08-01 01:00:00,23.2,48.5,27.1,91,10.1,karachi
2025-08-01 02:00:00,22.6,48.5,27.0,91,11.4,karachi
2025-08-01 03:00:00,21.8,47.4,26.8,90,11.1,karachi
2025-08-01 04:00:00,20.9,46.4,26.6,90,10.3,karachi
2025-08-01 05:00:00,19.7,45.8,26.5,91,10.1,karachi
2025-08-01 06:00:00,19.3,45.2,27.0,92,11.0,karachi
2025-08-01 07:00:00,20.3,51.0,27.4,89,13.3,karachi
2025-08-01 08:00:00,20.5,54.1,28.5,75,14.2,karachi
2025-08-01 09:00:00,21.8,64.7,29.0,73,13.9,karachi
2025-08-01 10:00:00,23.1,69.2,29.5,70,16.4,karachi
2025-08-01 11:00:00,23.1,67.5,29.6,70,18.2,karachi
2025-08-01 12:00:00,23.6,68.0,29.9,70,19.3,karachi
2025-08-01 13:00:00,23.1,64.0,30.6,67,17.9,karachi
2025-08-01 14:00:00,22.7,62.6,30.6,66,17.2,karachi
2025-08-01 15:00:00,21.9,58.6,30.5,66,17.6,karachi
2025-08-01 16:00:00,21.3,57.3,30.0,68,17.2,karachi
2025-08-01 17:00:00,25.5,72.6,29.6,71,16.8,karachi
2025-08-01 18:00:00,28.1,83.8,29.0,77,16.1,karachi
2025-08-01 19:00:00,25.8,69.6,28.5,79,13.8,karachi
2025-08-01 20:00:00,25.1,58.2,28.1,82,14.1,karachi
2025-08-01 21:00:00,25.4,58.4,27.7,85,13.4,karachi
2025-08-01 22:00:00,25.3,57.7,27.5,86,13.0,karachi
2025-08-01 23:00:00,29.0,73.6,27.2,88,13.3,karachi
2025-08-02 00:00:00,25.6,59.8,27.0,89,13.8,karachi
2025-08-02 01:00:00,24.4,58.2,26.9,89,12.5,karachi
2025-08-02 02:00:00,23.2,56.7,26.6,91,12.6,karachi
2025-08-02 03:00:00,22.2,56.8,26.5,91,12.7,karachi
2025-08-02 04:00:00,21.9,59.1,26.6,90,12.3,karachi
2025-08-02 05:00:00,20.8,56.9,26.5,90,13.9,karachi
2025-08-02 06:00:00,20.4,58.7,27.4,87,13.7,karachi
2025-08-02 07:00:00,21.1,64.0,27.6,85,14.6,karachi
2025-08-02 08:00:00,20.7,63.6,28.0,82,18.0,karachi
2025-08-02 09:00:00,20.5,68.0,28.4,79,19.3,karachi
2025-08-02 10:00:00,20.0,67.1,28.8,76,19.6,karachi
2025-08-02 11:00:00,19.3,61.9,28.8,75,18.3,karachi
2025-08-02 12:00:00,19.4,64.5,28.7,76,17.0,karachi
2025-08-02 13:00:00,19.3,65.4,29.4,72,18.2,karachi
2025-08-02 14:00:00,19.3,64.7,29.9,70,19.6,karachi
2025-08-02 15:00:00,19.2,62.6,29.6,71,18.0,karachi
2025-08-02 16:00:00,19.2,60.5,29.5,72,18.0,karachi
2025-08-02 17:00:00,23.6,78.0,29.2,73,17.8,karachi
2025-08-02 18:00:00,23.7,74.0,28.9,76,17.3,karachi
2025-08-02 19:00:00,23.6,65.9,28.5,79,15.9,karachi
2025-08-02 20:00:00,23.7,58.8,28.0,83,15.0,karachi
2025-08-02 21:00:00,23.2,55.1,27.8,84,14.6,karachi
2025-08-02 22:00:00,22.8,54.2,27.5,85,13.3,karachi
2025-08-02 23:00:00,22.4,53.6,27.5,85,12.8,karachi
2025-08-03 00:00:00,21.5,51.1,27.1,87,13.3,karachi
2025-08-03 01:00:00,20.2,49.0,27.0,88,12.6,karachi
2025-08-03 02:00:00,19.2,47.8,26.8,89,12.0,karachi
2025-08-03 03:00:00,18.5,47.4,26.8,88,11.6,karachi
2025-08-03 04:00:00,18.0,47.0,26.6,89,12.2,karachi
2025-08-03 05:00:00,18.1,48.2,26.5,90,13.0,karachi
2025-08-03 06:00:00,18.3,50.1,27.4,87,12.3,karachi
2025-08-03 07:00:00,19.9,56.0,27.6,85,14.3,karachi
2025-08-03 08:00:00,21.4,65.7,28.2,80,14.9,karachi
2025-08-03 09:00:00,22.2,72.4,28.9,76,16.1,karachi
2025-08-03 10:00:00,22.4,73.3,29.2,74,15.9,karachi
2025-08-03 11:00:00,23.3,77.5,29.5,73,17.2,karachi
2025-08-03 12:00:00,23.9,78.7,29.6,72,17.8,karachi
2025-08-03 13:00:00,22.7,71.9,30.0,71,17.6,karachi
2025-08-03 14:00:00,23.5,78.2,30.2,70,17.3,karachi
2025-08-03 15:00:00,22.6,73.8,30.2,70,17.1,karachi
2025-08-03 16:00:00,21.4,69.4,29.9,71,16.9,karachi
2025-08-03 17:00:00,23.5,78.7,29.5,72,16.7,karachi
2025-08-03 18:00:00,19.6,62.6,29.2,75,14.5,karachi
2025-08-03 19:00:00,19.3,59.1,28.2,80,13.9,karachi
2025-08-03 20:00:00,19.1,53.8,27.9,83,10.5,karachi
2025-08-03 21:00:00,19.5,49.4,27.6,85,10.6,karachi
2025-08-03 22:00:00,19.6,46.0,27.6,84,11.7,karachi
2025-08-03 23:00:00,18.6,43.3,27.4,86,12.0,karachi
2025-08-04 00:00:00,17.5,39.6,27.2,86,11.5,karachi
2025-08-04 01:00:00,16.5,38.1,27.0,87,10.9,karachi
2025-08-04 02:00:00,15.6,36.7,26.6,89,11.1,karachi
2025-08-04 03:00:00,15.0,36.6,26.5,90,11.1,karachi
2025-08-04 04:00:00,14.5,36.2,26.5,90,11.1,karachi
2025-08-04 05:00:00,14.3,36.6,26.3,90,11.5,karachi
2025-08-04 06:00:00,14.2,35.9,26.9,91,11.0,karachi
2025-08-04 07:00:00,15.5,42.7,27.2,88,11.3,karachi
2025-08-04 08:00:00,16.3,44.6,27.9,83,13.9,karachi
2025-08-04 09:00:00,17.3,50.5,29.0,76,15.5,karachi
2025-08-04 10:00:00,18.9,57.4,29.8,70,16.5,karachi
2025-08-04 11:00:00,19.8,61.9,30.1,68,17.9,karachi
2025-08-04 12:00:00,21.2,66.8,30.5,66,17.8,karachi
2025-08-04 13:00:00,21.1,65.9,30.5,66,17.4,karachi
2025-08-04 14:00:00,21.1,67.3,30.6,66,18.4,karachi
2025-08-04 15:00:00,20.3,63.8,30.4,68,19.5,karachi
2025-08-04 16:00:00,19.5,60.1,29.7,71,19.4,karachi
2025-08-04 17:00:00,20.2,63.8,29.5,72,19.2,karachi
2025-08-04 18:00:00,24.7,79.2,28.7,76,18.0,karachi
2025-08-04 19:00:00,18.8,50.6,28.0,80,16.8,karachi
2025-08-04 20:00:00,19.0,43.9,28.0,81,15.8,karachi
2025-08-04 21:00:00,18.0,39.0,27.8,83,15.7,karachi
2025-08-04 22:00:00,17.9,38.3,27.5,85,15.0,karachi
2025-08-04 23:00:00,17.7,38.9,27.3,86,14.6,karachi
2025-08-05 00:00:00,17.1,38.1,27.0,87,15.1,karachi
2025-08-05 01:00:00,16.5,37.7,26.8,88,14.3,karachi
2025-08-05 02:00:00,15.8,36.9,26.6,89,15.0,karachi
2025-08-05 03:00:00,15.3,35.7,26.5,89,15.8,karachi
2025-08-05 04:00:00,15.0,35.3,26.5,89,15.5,karachi
2025-08-05 05:00:00,14.8,34.3,26.3,90,15.4,karachi
2025-08-05 06:00:00,15.5,36.4,27.1,88,13.3,karachi
2025-08-05 07:00:00,17.1,41.2,27.3,86,13.2,karachi
2025-08-05 08:00:00,19.2,53.0,28.0,79,17.1,karachi
2025-08-05 09:00:00,19.9,56.5,28.6,76,19.7,karachi
2025-08-05 10:00:00,20.0,57.6,29.4,73,20.0,karachi
2025-08-05 11:00:00,20.2,58.2,29.6,70,19.9,karachi
2025-08-05 12:00:00,20.6,58.4,30.0,68,20.6,karachi
2025-08-05 13:00:00,21.1,59.1,29.8,70,20.9,karachi
2025-08-05 14:00:00,20.9,56.8,29.5,71,20.0,karachi
2025-08-05 15:00:00,20.5,54.4,29.3,72,19.5,karachi
2025-08-05 16:00:00,20.2,51.9,29.1,72,19.9,karachi
2025-08-05 17:00:00,21.6,57.5,28.9,73,19.5,karachi
2025-08-05 18:00:00,21.5,51.8,28.4,77,16.2,karachi
2025-08-05 19:00:00,21.2,47.5,28.0,80,14.7,karachi
2025-08-05 20:00:00,22.9,46.2,27.8,81,14.5,karachi
2025-08-05 21:00:00,22.2,44.5,27.5,83,15.6,karachi
2025-08-05 22:00:00,21.5,43.5,27.3,84,14.8,karachi
2025-08-05 23:00:00,20.9,41.9,27.1,85,14.6,karachi
2025-08-06 00:00:00,20.1,40.4,26.7,88,14.6,karachi
2025-08-06 01:00:00,19.0,39.1,26.7,88,14.9,karachi
2025-08-06 02:00:00,18.1,38.0,26.4,89,15.8,karachi
2025-08-06 03:00:00,17.5,37.7,26.3,89,15.9,karachi
2025-08-06 04:00:00,17.2,37.0,26.3,89,15.3,karachi
2025-08-06 05:00:00,17.1,37.5,26.1,90,14.2,karachi
2025-08-06 06:00:00,17.5,39.9,27.0,88,13.2,karachi
2025-08-06 07:00:00,19.4,44.2,27.3,84,14.0,karachi
2025-08-06 08:00:00,20.8,52.5,28.1,76,16.2,karachi
2025-08-06 09:00:00,24.4,69.8,28.8,72,18.4,karachi
2025-08-06 10:00:00,21.0,58.8,29.1,71,18.8,karachi
2025-08-06 11:00:00,21.4,59.8,29.2,71,19.6,karachi
2025-08-06 12:00:00,20.5,55.5,29.8,69,18.8,karachi
2025-08-06 13:00:00,21.0,56.1,30.0,68,18.1,karachi
2025-08-06 14:00:00,20.8,53.8,30.1,68,18.3,karachi
2025-08-06 15:00:00,20.8,52.4,29.5,72,18.3,karachi
2025-08-06 16:00:00,20.7,51.0,29.6,71,18.7,karachi
2025-08-06 17:00:00,21.9,54.6,29.0,74,18.4,karachi
2025-08-06 18:00:00,24.3,62.4,28.6,76,17.4,karachi
2025-08-06 19:00:00,22.2,52.7,28.0,79,15.3,karachi
2025-08-06 20:00:00,22.4,47.6,27.5,83,13.7,karachi
2025-08-06 21:00:00,24.1,52.4,27.2,84,13.4,karachi
2025-08-06 22:00:00,25.7,56.5,27.1,86,12.0,karachi
2025-08-06 23:00:00,24.6,51.8,27.0,86,12.3,karachi
2025-08-07 00:00:00,23.7,50.2,26.7,88,11.7,karachi
2025-08-07 01:00:00,22.6,48.7,26.6,89,11.7,karachi
2025-08-07 02:00:00,21.5,46.8,26.4,90,11.2,karachi
2025-08-07 03:00:00,20.5,44.9,26.2,90,12.1,karachi
2025-08-07 04:00:00,19.4,42.6,26.1,91,12.6,karachi
2025-08-07 05:00:00,18.3,38.9,26.1,91,12.5,karachi
2025-08-07 06:00:00,17.8,36.4,26.8,92,9.9,karachi
2025-08-07 07:00:00,19.2,37.6,27.1,88,12.1,karachi
2025-08-07 08:00:00,18.7,42.6,27.8,83,14.4,karachi
2025-08-07 09:00:00,18.9,45.4,28.7,76,16.2,karachi
2025-08-07 10:00:00,19.4,48.7,29.2,73,18.1,karachi
2025-08-07 11:00:00,20.8,53.8,29.4,72,17.8,karachi
2025-08-07 12:00:00,21.0,54.5,29.6,72,18.2,karachi
2025-08-07 13:00:00,22.5,59.6,30.0,70,18.4,karachi
2025-08-07 14:00:00,22.9,61.0,30.2,69,18.3,karachi
2025-08-07 15:00:00,25.0,69.6,30.0,70,19.0,karachi
2025-08-07 16:00:00,24.0,65.2,29.6,72,18.8,karachi
2025-08-07 17:00:00,23.0,61.9,29.2,73,17.8,karachi
2025-08-07 18:00:00,23.3,62.4,29.0,73,16.8,karachi
2025-08-07 19:00:00,23.2,58.3,28.0,80,15.1,karachi
2025-08-07 20:00:00,23.2,49.6,27.8,81,14.4,karachi
2025-08-07 21:00:00,23.2,48.0,27.7,81,14.0,karachi
2025-08-07 22:00:00,22.9,45.6,27.4,82,15.1,karachi
2025-08-07 23:00:00,22.6,44.1,27.2,83,14.3,karachi
2025-08-08 00:00:00,21.5,42.0,26.9,85,13.4,karachi
2025-08-08 01:00:00,19.7,38.3,26.8,86,12.8,karachi
2025-08-08 02:00:00,18.0,35.5,26.5,86,12.5,karachi
2025-08-08 03:00:00,17.1,33.9,26.2,89,12.2,karachi
2025-08-08 04:00:00,16.6,33.5,26.2,89,13.3,karachi
2025-08-08 05:00:00,16.6,34.8,26.2,88,13.7,karachi
2025-08-08 06:00:00,16.9,35.7,26.8,85,13.4,karachi
2025-08-08 07:00:00,18.3,38.5,27.0,83,15.0,karachi
2025-08-08 08:00:00,19.0,43.8,27.6,80,17.3,karachi
2025-08-08 09:00:00,19.5,46.1,28.6,74,18.3,karachi
2025-08-08 10:00:00,19.6,47.3,29.5,69,18.7,karachi
2025-08-08 11:00:00,19.9,47.8,30.0,66,18.8,karachi
2025-08-08 12:00:00,20.5,50.6,30.1,67,18.5,karachi
2025-08-08 13:00:00,19.7,49.4,30.6,64,18.3,karachi
2025-08-08 14:00:00,19.7,50.4,30.6,63,18.7,karachi
2025-08-08 15:00:00,19.0,48.4,30.3,65,19.3,karachi
2025-08-08 16:00:00,18.2,46.6,29.5,70,18.5,karachi
2025-08-08 17:00:00,20.7,56.5,29.2,71,18.3,karachi
2025-08-08 18:00:00,19.8,51.5,29.4,69,17.5,karachi
2025-08-08 19:00:00,18.3,44.9,28.8,74,18.1,karachi
2025-08-08 20:00:00,18.5,40.3,28.2,77,17.5,karachi
2025-08-08 21:00:00,17.5,37.7,27.9,79,17.7,karachi
2025-08-08 22:00:00,16.8,35.6,27.6,81,15.9,karachi
2025-08-08 23:00:00,16.2,33.1,27.3,82,15.1,karachi
2025-08-09 00:00:00,15.3,30.6,27.1,84,15.0,karachi
2025-08-09 01:00:00,14.6,29.6,26.9,85,15.2,karachi
2025-08-09 02:00:00,14.2,29.5,26.7,86,15.3,karachi
2025-08-09 03:00:00,14.1,29.9,26.6,86,14.3,karachi
2025-08-09 04:00:00,14.1,29.9,26.6,87,15.1,karachi
2025-08-09 05:00:00,13.6,27.9,26.5,87,15.6,karachi
2025-08-09 06:00:00,14.3,29.9,27.1,83,14.6,karachi
2025-08-09 07:00:00,16.2,34.8,27.1,84,16.0,karachi
2025-08-09 08:00:00,17.2,39.2,27.8,79,18.2,karachi
2025-08-09 09:00:00,18.7,45.1,28.5,74,16.7,karachi
2025-08-09 10:00:00,18.5,45.3,29.6,69,16.2,karachi
2025-08-09 11:00:00,18.3,46.2,30.0,67,16.3,karachi
2025-08-09 12:00:00,19.2,49.2,30.1,68,17.9,karachi
2025-08-09 13:00:00,19.0,47.7,30.0,69,18.2,karachi
2025-08-09 14:00:00,18.3,45.9,30.6,66,18.0,karachi
2025-08-09 15:00:00,19.3,50.4,30.2,68,18.6,karachi
2025-08-09 16:00:00,17.5,44.4,29.6,70,17.8,karachi
2025-08-09 17:00:00,19.7,48.8,29.3,72,18.5,karachi
2025-08-09 18:00:00,20.3,49.8,28.8,74,15.2,karachi
2025-08-09 19:00:00,19.7,44.2,28.0,79,14.2,karachi
2025-08-09 20:00:00,19.1,40.3,27.6,83,14.4,karachi
2025-08-09 21:00:00,18.4,36.0,27.5,85,14.4,karachi
2025-08-09 22:00:00,18.0,34.7,27.1,87,13.3,karachi
2025-08-09 23:00:00,17.4,33.3,27.0,88,13.5,karachi
2025-08-10 00:00:00,16.8,32.6,26.8,88,12.5,karachi
2025-08-10 01:00:00,16.2,31.7,26.6,89,12.3,karachi
2025-08-10 02:00:00,15.5,30.9,26.5,90,13.2,karachi
2025-08-10 03:00:00,15.0,30.2,26.3,91,13.6,karachi
2025-08-10 04:00:00,14.7,29.7,26.3,91,13.7,karachi
2025-08-10 05:00:00,15.2,33.3,26.3,90,13.4,karachi
2025-08-10 06:00:00,15.7,32.6,26.9,85,13.1,karachi
2025-08-10 07:00:00,17.4,36.2,27.0,84,14.1,karachi
2025-08-10 08:00:00,18.8,41.2,27.6,80,16.7,karachi
2025-08-10 09:00:00,19.4,44.8,28.6,74,15.7,karachi
2025-08-10 10:00:00,20.5,48.5,29.5,69,17.1,karachi
2025-08-10 11:00:00,22.1,53.4,29.8,68,17.5,karachi
2025-08-10 12:00:00,22.5,53.8,29.9,68,16.6,karachi
2025-08-10 13:00:00,22.6,54.0,30.0,67,16.7,karachi
2025-08-10 14:00:00,22.6,53.8,30.0,68,17.5,karachi
2025-08-10 15:00:00,21.8,51.5,29.6,71,18.7,karachi
2025-08-10 16:00:00,21.3,51.3,29.3,72,18.4,karachi
2025-08-10 17:00:00,21.0,51.8,29.0,72,18.2,karachi
2025-08-10 18:00:00,20.6,48.2,28.7,72,15.9,karachi
2025-08-10 19:00:00,21.0,48.2,28.0,76,16.2,karachi
2025-08-10 20:00:00,21.8,48.3,27.6,81,15.2,karachi
2025-08-10 21:00:00,21.3,45.2,27.5,81,15.0,karachi
2025-08-10 22:00:00,21.3,45.1,27.1,84,14.6,karachi
2025-08-10 23:00:00,20.8,43.2,26.8,86,13.6,karachi
2025-08-11 00:00:00,20.0,42.4,26.8,86,13.5,karachi
2025-08-11 01:00:00,18.6,39.5,26.5,87,13.8,karachi
2025-08-11 02:00:00,17.2,37.4,26.4,88,13.4,karachi
2025-08-11 03:00:00,16.2,35.9,26.3,88,13.6,karachi
2025-08-11 04:00:00,15.6,35.2,26.1,89,14.5,karachi
2025-08-11 05:00:00,15.6,36.2,26.2,88,13.9,karachi
2025-08-11 06:00:00,16.1,38.0,26.7,87,16.0,karachi
2025-08-11 07:00:00,17.8,43.2,26.8,87,16.1,karachi
2025-08-11 08:00:00,19.0,48.4,27.4,81,17.5,karachi
2025-08-11 09:00:00,19.5,52.9,28.5,74,18.4,karachi
2025-08-11 10:00:00,19.7,54.1,29.0,72,19.4,karachi
2025-08-11 11:00:00,20.0,54.8,29.2,72,20.2,karachi
2025-08-11 12:00:00,20.3,55.6,28.6,75,20.8,karachi
2025-08-11 13:00:00,20.3,54.4,28.8,74,21.0,karachi
2025-08-11 14:00:00,20.0,52.6,28.6,75,21.4,karachi
2025-08-11 15:00:00,20.3,52.2,28.8,73,20.5,karachi
2025-08-11 16:00:00,19.6,49.6,28.9,73,20.9,karachi
2025-08-11 17:00:00,22.6,59.6,28.5,75,18.5,karachi
2025-08-11 18:00:00,22.6,56.7,28.4,76,18.2,karachi
2025-08-11 19:00:00,22.5,54.2,28.0,79,17.7,karachi
2025-08-11 20:00:00,21.7,46.1,27.5,81,15.8,karachi
2025-08-11 21:00:00,20.7,43.1,27.5,80,16.2,karachi
2025-08-11 22:00:00,20.0,41.9,27.5,80,14.5,karachi
2025-08-11 23:00:00,19.4,40.2,27.3,80,16.6,karachi
2025-08-12 00:00:00,18.6,37.8,27.1,81,17.5,karachi
2025-08-12 01:00:00,18.1,37.5,27.0,81,16.2,karachi
2025-08-12 02:00:00,17.3,35.9,26.7,82,17.3,karachi
2025-08-12 03:00:00,16.4,34.6,26.8,81,16.9,karachi
2025-08-12 04:00:00,18.7,41.8,26.6,82,18.0,karachi
2025-08-12 05:00:00,15.7,34.6,26.9,80,18.0,karachi
2025-08-12 06:00:00,15.1,33.5,27.4,77,17.8,karachi
2025-08-12 07:00:00,15.8,35.2,27.4,79,18.3,karachi
2025-08-12 08:00:00,16.1,36.4,27.6,79,22.0,karachi
2025-08-12 09:00:00,16.4,38.3,28.4,74,20.1,karachi
2025-08-12 10:00:00,17.3,40.9,29.4,68,21.1,karachi
2025-08-12 11:00:00,17.5,41.1,29.4,69,21.6,karachi
2025-08-12 12:00:00,17.1,38.8,29.5,70,21.1,karachi
2025-08-12 13:00:00,16.9,37.3,29.5,70,20.9,karachi
2025-08-12 14:00:00,16.9,36.6,29.4,71,21.6,karachi
2025-08-12 15:00:00,17.2,36.2,29.2,71,20.3,karachi
2025-08-12 16:00:00,16.9,35.3,28.9,73,20.7,karachi
2025-08-12 17:00:00,19.7,41.9,28.5,75,19.2,karachi
2025-08-12 18:00:00,21.0,43.5,28.4,76,16.2,karachi
2025-08-12 19:00:00,21.7,44.7,28.0,78,15.7,karachi
2025-08-12 20:00:00,23.3,44.1,27.6,81,15.8,karachi
2025-08-12 21:00:00,24.0,45.1,27.5,82,13.7,karachi
2025-08-12 22:00:00,25.4,48.5,27.3,84,12.7,karachi
2025-08-12 23:00:00,26.7,51.3,27.2,85,13.5,karachi
2025-08-13 00:00:00,25.9,49.8,27.0,86,13.5,karachi
2025-08-13 01:00:00,25.7,49.2,26.5,88,13.9,karachi
2025-08-13 02:00:00,22.4,42.4,26.4,90,13.3,karachi
2025-08-13 03:00:00,18.1,33.3,26.4,89,13.2,karachi
2025-08-13 04:00:00,16.8,31.7,26.6,86,11.8,karachi
2025-08-13 05:00:00,15.9,27.6,26.5,86,11.9,karachi
2025-08-13 06:00:00,16.5,30.6,27.1,85,10.8,karachi
2025-08-13 07:00:00,18.9,37.3,27.3,84,10.6,karachi
2025-08-13 08:00:00,20.5,42.7,28.1,78,13.1,karachi
2025-08-13 09:00:00,24.9,55.4,29.0,73,14.0,karachi
2025-08-13 10:00:00,23.1,51.8,29.2,73,14.5,karachi
2025-08-13 11:00:00,22.8,52.3,29.2,74,14.9,karachi
2025-08-13 12:00:00,23.3,54.5,29.5,74,16.4,karachi
2025-08-13 13:00:00,23.1,54.6,29.7,73,17.6,karachi
2025-08-13 14:00:00,22.4,53.3,29.5,74,15.9,karachi
2025-08-13 15:00:00,21.5,51.6,29.8,72,16.0,karachi
2025-08-13 16:00:00,21.9,53.7,29.3,74,14.8,karachi
2025-08-13 17:00:00,22.2,52.4,29.0,76,14.5,karachi
2025-08-13 18:00:00,21.1,50.6,28.8,78,12.4,karachi
2025-08-13 19:00:00,20.7,50.4,28.1,82,12.0,karachi
2025-08-13 20:00:00,21.5,48.9,27.8,84,11.1,karachi
2025-08-13 21:00:00,22.1,49.7,27.7,84,10.8,karachi
2025-08-13 22:00:00,21.8,48.3,27.5,85,8.8,karachi
2025-08-13 23:00:00,21.3,46.0,27.4,86,7.0,karachi
2025-08-14 00:00:00,20.9,43.9,27.1,88,4.8,karachi
2025-08-14 01:00:00,20.2,41.6,27.0,90,3.8,karachi
2025-08-14 02:00:00,19.7,39.7,26.9,90,3.4,karachi
2025-08-14 03:00:00,19.9,39.8,26.7,90,4.3,karachi
2025-08-14 04:00:00,21.1,45.4,26.8,90,4.5,karachi
2025-08-14 05:00:00,25.3,53.4,26.6,90,4.3,karachi
2025-08-14 06:00:00,23.9,44.1,27.1,90,2.5,karachi
2025-08-14 07:00:00,24.6,47.4,27.3,90,3.4,karachi
2025-08-14 08:00:00,23.2,48.5,28.0,86,5.0,karachi
2025-08-14 09:00:00,21.1,52.3,29.1,79,7.5,karachi
2025-08-14 10:00:00,21.7,57.0,29.9,74,8.9,karachi
2025-08-14 11:00:00,22.0,59.3,30.4,72,10.0,karachi
2025-08-14 12:00:00,21.9,59.5,30.5,70,9.6,karachi
2025-08-14 13:00:00,21.6,56.8,30.5,70,10.7,karachi
2025-08-14 14:00:00,21.4,56.5,30.6,69,13.7,karachi
2025-08-14 15:00:00,20.8,56.3,30.1,72,13.3,karachi
2025-08-14 16:00:00,20.0,55.4,29.8,75,13.1,karachi
2025-08-14 17:00:00,22.9,61.2,29.4,77,12.8,karachi
2025-08-14 18:00:00,21.7,58.7,29.0,78,6.8,karachi
2025-08-14 19:00:00,21.3,53.3,28.7,80,7.7,karachi
2025-08-14 20:00:00,21.3,47.8,28.3,84,7.7,karachi
2025-08-14 21:00:00,22.1,46.3,27.9,87,6.0,karachi
2025-08-14 22:00:00,22.3,47.5,27.8,88,4.9,karachi
2025-08-14 23:00:00,21.9,48.4,27.6,89,5.6,karachi
2025-08-15 00:00:00,21.5,49.6,27.6,89,4.4,karachi
2025-08-15 01:00:00,21.6,50.4,27.5,89,2.0,karachi
2025-08-15 02:00:00,21.7,50.8,27.5,90,1.5,karachi
2025-08-15 03:00:00,22.1,52.0,27.4,90,1.3,karachi
2025-08-15 04:00:00,23.5,69.4,27.4,90,2.2,karachi
2025-08-15 05:00:00,26.8,69.4,27.4,90,1.1,karachi
2025-08-15 06:00:00,27.4,61.5,27.2,93,3.5,karachi
2025-08-15 07:00:00,29.2,70.8,27.4,92,3.8,karachi
2025-08-15 08:00:00,31.7,85.2,28.3,84,3.6,karachi
2025-08-15 09:00:00,34.0,97.8,29.5,73,3.5,karachi
2025-08-15 10:00:00,33.9,93.6,30.5,66,3.7,karachi
2025-08-15 11:00:00,30.9,83.4,31.4,62,6.4,karachi
2025-08-15 12:00:00,29.7,78.2,32.0,60,8.7,karachi
2025-08-15 13:00:00,30.4,76.8,32.3,59,8.9,karachi
2025-08-15 14:00:00,30.9,76.1,32.7,58,11.5,karachi
2025-08-15 15:00:00,31.4,77.8,31.9,63,13.4,karachi
2025-08-15 16:00:00,31.7,79.9,31.5,63,13.2,karachi
2025-08-15 17:00:00,25.7,63.1,30.3,72,12.7,karachi
2025-08-15 18:00:00,25.5,64.0,30.2,71,9.7,karachi
2025-08-15 19:00:00,24.9,62.4,29.5,75,8.5,karachi
2025-08-15 20:00:00,25.1,61.9,29.0,79,8.3,karachi
2025-08-15 21:00:00,25.3,62.4,28.8,80,6.1,karachi
2025-08-15 22:00:00,25.7,62.6,28.5,82,5.4,karachi
2025-08-15 23:00:00,27.1,61.0,28.2,84,3.9,karachi
2025-08-16 00:00:00,27.7,61.7,28.0,85,2.9,karachi
2025-08-16 01:00:00,27.2,61.0,27.8,87,3.4,karachi
2025-08-16 02:00:00,26.0,59.6,27.5,88,3.8,karachi
2025-08-16 03:00:00,25.0,56.9,27.4,89,3.7,karachi
2025-08-16 04:00:00,24.3,55.8,27.2,91,4.1,karachi
2025-08-16 05:00:00,24.6,55.1,27.1,92,5.1,karachi
2025-08-16 06:00:00,25.4,61.5,27.4,92,5.8,karachi
2025-08-16 07:00:00,26.8,70.3,27.5,91,6.7,karachi
2025-08-16 08:00:00,28.4,86.8,28.6,83,5.2,karachi
2025-08-16 09:00:00,29.6,89.4,29.3,77,4.6,karachi
2025-08-16 10:00:00,30.5,83.1,30.1,72,3.4,karachi
2025-08-16 11:00:00,32.7,80.6,31.6,65,4.2,karachi
2025-08-16 12:00:00,33.1,76.4,32.9,61,9.1,karachi
2025-08-16 13:00:00,31.4,69.4,32.8,63,12.7,karachi
2025-08-16 14:00:00,30.4,65.2,32.3,62,14.6,karachi
2025-08-16 15:00:00,30.0,63.6,32.0,61,13.5,karachi
2025-08-16 16:00:00,28.8,61.9,31.5,64,12.9,karachi
2025-08-16 17:00:00,34.1,66.6,30.5,71,13.0,karachi
2025-08-16 18:00:00,30.0,60.3,30.5,71,10.1,karachi
2025-08-16 19:00:00,26.2,52.2,29.5,78,9.8,karachi
2025-08-16 20:00:00,24.2,49.9,29.2,80,8.6,karachi
2025-08-16 21:00:00,23.7,50.9,29.0,81,7.5,karachi
2025-08-16 22:00:00,24.1,52.7,28.7,83,7.4,karachi
2025-08-16 23:00:00,24.9,51.3,28.5,84,7.3,karachi
2025-08-17 00:00:00,24.4,50.6,28.2,85,7.9,karachi
2025-08-17 01:00:00,23.0,48.8,28.0,86,7.8,karachi
2025-08-17 02:00:00,21.5,46.9,27.8,88,9.3,karachi
2025-08-17 03:00:00,20.4,45.2,27.6,88,9.9,karachi
2025-08-17 04:00:00,19.5,43.4,27.5,88,8.9,karachi
2025-08-17 05:00:00,18.5,39.1,27.5,89,8.3,karachi
2025-08-17 06:00:00,18.2,40.9,27.5,91,7.5,karachi
2025-08-17 07:00:00,19.4,47.5,27.7,89,6.2,karachi
2025-08-17 08:00:00,20.7,51.9,28.8,82,4.6,karachi
2025-08-17 09:00:00,21.8,51.6,30.3,73,4.5,karachi
2025-08-17 10:00:00,23.5,51.6,31.5,66,5.8,karachi
2025-08-17 11:00:00,25.8,54.4,31.9,67,8.7,karachi
2025-08-17 12:00:00,28.0,56.5,32.7,64,9.7,karachi
2025-08-17 13:00:00,28.5,55.4,33.0,63,11.6,karachi
2025-08-17 14:00:00,28.8,54.7,32.3,65,13.1,karachi
2025-08-17 15:00:00,28.2,53.1,32.1,65,10.2,karachi
2025-08-17 16:00:00,26.1,48.9,32.5,64,10.9,karachi
2025-08-17 17:00:00,26.5,45.5,32.0,67,11.9,karachi
2025-08-17 18:00:00,23.2,41.0,31.7,68,11.2,karachi
2025-08-17 19:00:00,21.5,38.8,30.8,71,9.4,karachi
2025-08-17 20:00:00,21.1,39.2,30.3,72,7.7,karachi
2025-08-17 21:00:00,21.2,39.8,30.0,73,7.1,karachi
2025-08-17 22:00:00,21.4,40.4,29.5,77,6.3,karachi
2025-08-17 23:00:00,21.8,40.4,29.1,80,7.9,karachi
2025-08-18 00:00:00,22.1,40.4,28.9,83,7.6,karachi
2025-08-18 01:00:00,23.2,38.5,28.6,86,8.4,karachi
2025-08-18 02:00:00,22.6,38.0,28.3,88,7.7,karachi
2025-08-18 03:00:00,21.3,37.4,28.1,89,8.0,karachi
2025-08-18 04:00:00,20.3,36.9,27.9,91,8.5,karachi
2025-08-18 05:00:00,18.8,36.0,27.8,91,8.4,karachi
2025-08-18 06:00:00,21.1,39.3,28.2,93,6.5,karachi
2025-08-18 07:00:00,23.7,43.4,28.5,90,6.7,karachi
2025-08-18 08:00:00,25.0,47.0,29.8,82,6.0,karachi
2025-08-18 09:00:00,27.2,49.8,32.0,69,5.7,karachi
2025-08-18 10:00:00,27.1,45.4,34.3,59,2.3,karachi
2025-08-18 11:00:00,27.8,39.5,35.3,54,3.6,karachi
2025-08-18 12:00:00,29.6,38.9,35.3,55,7.9,karachi
2025-08-18 13:00:00,28.9,36.2,34.0,67,12.7,karachi
2025-08-18 14:00:00,27.6,33.4,31.9,75,4.9,karachi
2025-08-18 15:00:00,28.3,34.3,33.7,66,6.1,karachi
2025-08-18 16:00:00,28.5,37.4,32.2,72,10.6,karachi
2025-08-18 17:00:00,28.2,38.0,31.9,71,11.7,karachi
2025-08-18 18:00:00,27.9,40.7,31.6,71,9.6,karachi
2025-08-18 19:00:00,28.6,43.8,30.4,78,9.3,karachi
2025-08-18 20:00:00,28.0,44.4,29.8,82,8.3,karachi
2025-08-18 21:00:00,27.1,43.9,28.4,86,11.5,karachi
2025-08-18 22:00:00,25.0,41.6,28.2,88,6.6,karachi
2025-08-18 23:00:00,24.2,39.8,28.0,89,8.3,karachi
2025-08-19 00:00:00,22.9,37.4,27.9,89,6.8,karachi
2025-08-19 01:00:00,21.6,34.6,27.9,89,4.8,karachi
2025-08-19 02:00:00,20.8,32.9,27.6,89,7.1,karachi
2025-08-19 03:00:00,20.0,31.3,27.6,88,4.1,karachi
2025-08-19 04:00:00,19.0,29.3,27.6,88,3.8,karachi
2025-08-19 05:00:00,19.7,25.4,27.0,92,4.7,karachi
2025-08-19 06:00:00,21.2,27.6,27.7,93,7.8,karachi
2025-08-19 07:00:00,24.6,31.2,26.8,94,10.4,karachi
2025-08-19 08:00:00,26.0,35.2,27.0,97,7.1,karachi
2025-08-19 09:00:00,26.9,43.2,27.9,92,5.0,karachi
2025-08-19 10:00:00,29.6,60.3,28.6,87,10.2,karachi
2025-08-19 11:00:00,30.5,63.6,29.5,83,7.6,karachi
2025-08-19 12:00:00,32.2,66.1,30.9,76,8.6,karachi
2025-08-19 13:00:00,35.9,73.3,31.3,73,7.9,karachi
2025-08-19 14:00:00,31.1,55.8,32.2,70,4.9,karachi
2025-08-19 15:00:00,27.3,47.5,32.1,69,10.6,karachi
2025-08-19 16:00:00,26.1,41.3,31.3,74,8.5,karachi
2025-08-19 17:00:00,36.8,58.8,30.9,77,6.7,karachi
2025-08-19 18:00:00,37.6,59.4,28.0,88,7.1,karachi
2025-08-19 19:00:00,37.4,56.9,27.9,89,6.8,karachi
2025-08-19 20:00:00,35.5,53.1,27.6,91,6.9,karachi
2025-08-19 21:00:00,32.0,46.6,27.5,92,7.1,karachi
2025-08-19 22:00:00,29.2,42.3,27.5,92,7.0,karachi
2025-08-19 23:00:00,28.3,40.5,27.5,91,8.8,karachi
2025-08-20 00:00:00,27.6,40.0,27.5,90,9.6,karachi
2025-08-20 01:00:00,27.5,40.4,27.4,92,10.6,karachi
2025-08-20 02:00:00,27.0,39.1,27.2,94,10.3,karachi
2025-08-20 03:00:00,26.0,37.1,26.6,97,9.7,karachi
2025-08-20 04:00:00,24.6,32.2,26.6,98,5.7,karachi
2025-08-20 05:00:00,21.5,29.5,26.2,97,4.8,karachi
2025-08-20 06:00:00,22.8,29.6,27.0,95,9.7,karachi
2025-08-20 07:00:00,26.3,30.7,27.0,94,6.6,karachi
2025-08-20 08:00:00,25.3,28.9,27.6,93,6.2,karachi
2025-08-20 09:00:00,24.0,28.5,29.0,89,2.8,karachi
2025-08-20 10:00:00,26.7,33.6,30.8,81,2.2,karachi
2025-08-20 11:00:00,30.4,39.3,33.0,71,0.6,karachi
2025-08-20 12:00:00,31.1,40.2,30.8,81,10.6,karachi
2025-08-20 13:00:00,28.3,36.2,29.5,85,12.2,karachi
2025-08-20 14:00:00,25.6,31.8,29.9,83,2.2,karachi
2025-08-20 15:00:00,25.0,30.0,30.4,81,3.9,karachi
2025-08-20 16:00:00,25.0,29.2,30.8,79,4.1,karachi
2025-08-20 17:00:00,25.2,30.2,30.5,80,3.1,karachi
2025-08-20 18:00:00,33.3,36.7,29.4,82,10.7,karachi
2025-08-20 19:00:00,36.8,39.9,28.9,85,7.4,karachi
2025-08-20 20:00:00,37.3,40.7,28.4,87,6.5,karachi
2025-08-20 21:00:00,38.4,42.6,28.1,88,5.1,karachi
2025-08-20 22:00:00,40.7,44.7,27.9,88,5.7,karachi
2025-08-20 23:00:00,42.3,46.3,27.9,89,1.7,karachi
2025-08-21 00:00:00,42.6,47.3,27.4,92,0.8,karachi
2025-08-21 01:00:00,42.1,47.1,27.4,91,1.9,karachi
2025-08-21 02:00:00,40.7,45.8,26.2,97,8.4,karachi
2025-08-21 03:00:00,37.0,42.5,26.4,95,7.6,karachi
2025-08-21 04:00:00,31.5,43.5,26.5,96,4.5,karachi
2025-08-21 05:00:00,18.3,22.6,26.5,95,8.4,karachi
2025-08-21 06:00:00,19.3,22.8,26.6,97,5.6,karachi
2025-08-21 07:00:00,23.2,26.3,26.9,96,5.7,karachi
2025-08-21 08:00:00,27.8,33.1,27.9,92,4.4,karachi
2025-08-21 09:00:00,28.3,45.3,29.6,82,2.0,karachi
2025-08-21 10:00:00,25.6,54.5,30.9,77,0.9,karachi
2025-08-21 11:00:00,20.9,43.7,31.6,75,4.0,karachi
2025-08-21 12:00:00,16.0,25.8,31.4,77,5.8,karachi
2025-08-21 13:00:00,11.1,13.5,31.1,74,11.3,karachi
2025-08-21 14:00:00,8.6,9.0,27.9,88,7.1,karachi
2025-08-21 15:00:00,7.9,8.1,27.5,89,1.8,karachi
2025-08-21 16:00:00,9.1,9.4,27.9,88,2.7,karachi
2025-08-21 17:00:00,18.7,19.3,28.1,88,2.4,karachi
2025-08-21 18:00:00,25.3,25.8,28.3,90,6.8,karachi
2025-08-21 19:00:00,27.2,27.6,28.0,93,4.5,karachi
2025-08-21 20:00:00,29.7,30.0,27.8,94,3.4,karachi
2025-08-21 21:00:00,32.5,33.1,27.6,97,2.5,karachi
2025-08-21 22:00:00,37.0,38.2,27.5,97,4.5,karachi
2025-08-21 23:00:00,37.7,39.2,27.5,96,6.0,karachi
2025-08-22 00:00:00,39.6,41.7,27.4,97,6.8,karachi
2025-08-22 01:00:00,35.9,38.4,27.2,97,8.1,karachi
2025-08-22 02:00:00,30.7,33.3,26.6,98,11.2,karachi
2025-08-22 03:00:00,27.5,30.0,26.8,95,12.1,karachi
2025-08-22 04:00:00,25.2,27.9,26.8,94,11.1,karachi
2025-08-22 05:00:00,32.4,37.3,26.8,94,10.8,karachi
2025-08-22 06:00:00,33.3,39.8,26.8,95,8.9,karachi
2025-08-22 07:00:00,34.8,42.7,27.1,94,9.4,karachi
2025-08-22 08:00:00,32.0,41.7,27.6,91,9.5,karachi
2025-08-22 09:00:00,26.8,35.9,28.7,84,9.6,karachi
2025-08-22 10:00:00,24.2,33.4,29.5,79,10.5,karachi
2025-08-22 11:00:00,24.0,33.6,29.8,76,12.0,karachi
2025-08-22 12:00:00,23.3,32.7,29.5,80,13.3,karachi
2025-08-22 13:00:00,22.1,31.8,29.2,82,14.8,karachi
2025-08-22 14:00:00,20.5,30.2,28.9,84,15.4,karachi
2025-08-22 15:00:00,20.0,29.3,28.8,83,16.1,karachi
2025-08-22 16:00:00,18.1,26.5,28.7,83,16.0,karachi
2025-08-22 17:00:00,16.8,26.3,28.8,82,16.8,karachi
2025-08-22 18:00:00,16.2,25.0,28.9,81,16.6,karachi
2025-08-22 19:00:00,16.1,23.7,28.1,86,14.5,karachi
2025-08-22 20:00:00,17.5,25.1,28.0,87,14.5,karachi
2025-08-22 21:00:00,18.0,26.5,28.0,87,14.1,karachi
2025-08-22 22:00:00,18.9,28.6,27.9,88,13.4,karachi
2025-08-22 23:00:00,20.5,32.5,27.7,88,14.3,karachi
2025-08-23 00:00:00,21.7,35.7,27.5,89,15.7,karachi
2025-08-23 01:00:00,22.2,38.2,27.2,91,15.8,karachi
2025-08-23 02:00:00,22.2,40.4,27.2,91,15.6,karachi
2025-08-23 03:00:00,22.4,42.5,27.0,92,16.8,karachi
2025-08-23 04:00:00,22.9,45.3,26.9,92,15.2,karachi
2025-08-23 05:00:00,23.8,48.0,27.0,91,15.2,karachi
2025-08-23 06:00:00,24.0,46.3,27.2,92,17.0,karachi
2025-08-23 07:00:00,25.6,47.6,27.5,90,16.9,karachi
2025-08-23 08:00:00,27.2,52.3,28.1,87,19.4,karachi
2025-08-23 09:00:00,27.6,53.7,29.0,81,19.3,karachi
2025-08-23 10:00:00,28.1,55.3,29.4,77,18.8,karachi
2025-08-23 11:00:00,29.3,58.3,29.5,78,18.7,karachi
2025-08-23 12:00:00,29.5,59.5,29.5,78,19.0,karachi
2025-08-23 13:00:00,28.5,57.7,29.9,77,18.2,karachi
2025-08-23 14:00:00,26.6,53.7,29.5,77,20.5,karachi
2025-08-23 15:00:00,24.2,48.5,29.4,78,20.0,karachi
2025-08-23 16:00:00,23.5,48.3,29.1,79,21.1,karachi
2025-08-23 17:00:00,28.6,59.8,28.6,81,19.7,karachi
2025-08-23 18:00:00,23.7,50.2,28.5,84,16.3,karachi
2025-08-23 19:00:00,24.6,52.0,28.2,84,14.4,karachi
2025-08-23 20:00:00,26.9,59.6,28.0,86,15.1,karachi
2025-08-23 21:00:00,27.0,61.5,27.9,88,15.9,karachi
2025-08-23 22:00:00,24.6,55.8,27.6,90,14.8,karachi
2025-08-23 23:00:00,21.6,48.2,27.5,90,15.4,karachi
2025-08-24 00:00:00,19.4,42.7,27.4,91,15.3,karachi
2025-08-24 01:00:00,18.0,39.5,27.1,92,15.2,karachi
2025-08-24 02:00:00,17.5,39.3,27.0,92,15.6,karachi
2025-08-24 03:00:00,17.4,40.4,26.9,92,15.2,karachi
2025-08-24 04:00:00,17.5,41.4,26.9,93,14.9,karachi
2025-08-24 05:00:00,18.1,41.4,27.0,93,14.2,karachi
2025-08-24 06:00:00,18.9,43.9,27.3,94,11.4,karachi
2025-08-24 07:00:00,20.9,46.6,27.5,93,10.1,karachi
2025-08-24 08:00:00,23.1,55.6,28.0,89,13.3,karachi
2025-08-24 09:00:00,24.4,61.0,28.8,84,16.1,karachi
2025-08-24 10:00:00,26.6,67.3,29.5,79,17.1,karachi
2025-08-24 11:00:00,25.9,68.2,29.9,78,18.3,karachi
2025-08-24 12:00:00,26.0,69.4,30.0,76,19.2,karachi
2025-08-24 13:00:00,25.6,70.8,30.0,77,21.1,karachi
2025-08-24 14:00:00,24.0,68.7,29.5,80,22.6,karachi
2025-08-24 15:00:00,22.8,68.5,29.3,81,21.9,karachi
2025-08-24 16:00:00,22.9,71.2,29.1,80,20.5,karachi
2025-08-24 17:00:00,30.3,97.1,28.6,82,19.6,karachi
2025-08-24 18:00:00,25.2,73.3,28.4,86,16.1,karachi
2025-08-24 19:00:00,24.0,58.4,27.8,90,13.5,karachi
2025-08-24 20:00:00,23.1,48.4,27.6,90,14.6,karachi
2025-08-24 21:00:00,21.5,43.2,27.5,90,15.4,karachi
2025-08-24 22:00:00,19.9,40.4,27.5,90,14.2,karachi
2025-08-24 23:00:00,18.2,39.2,27.4,90,13.5,karachi
2025-08-25 00:00:00,16.9,38.5,27.2,90,12.4,karachi
2025-08-25 01:00:00,16.1,38.8,27.1,91,12.6,karachi
2025-08-25 02:00:00,15.8,40.2,27.0,92,12.2,karachi
2025-08-25 03:00:00,15.8,42.3,26.8,93,12.4,karachi
2025-08-25 04:00:00,15.8,44.1,26.6,93,10.7,karachi
2025-08-25 05:00:00,16.4,47.4,26.5,93,10.0,karachi
2025-08-25 06:00:00,17.5,52.3,27.5,93,9.4,karachi
2025-08-25 07:00:00,20.4,58.8,27.5,93,11.0,karachi
2025-08-25 08:00:00,23.1,76.8,27.9,90,13.2,karachi
2025-08-25 09:00:00,25.7,94.1,28.8,85,12.3,karachi
2025-08-25 10:00:00,28.0,98.5,29.5,81,13.2,karachi
2025-08-25 11:00:00,29.0,98.0,29.9,79,15.1,karachi
2025-08-25 12:00:00,28.1,90.6,29.8,80,15.4,karachi
2025-08-25 13:00:00,27.9,85.7,29.6,81,15.4,karachi
2025-08-25 14:00:00,26.4,77.5,29.8,81,15.1,karachi
2025-08-25 15:00:00,25.4,72.4,29.7,81,14.7,karachi
2025-08-25 16:00:00,24.4,70.1,29.4,81,15.0,karachi
2025-08-25 17:00:00,24.0,69.2,28.9,83,14.0,karachi
2025-08-25 18:00:00,22.7,66.1,28.8,84,11.4,karachi
2025-08-25 19:00:00,22.2,62.2,28.1,87,10.5,karachi
2025-08-25 20:00:00,23.5,60.1,27.8,88,11.2,karachi
2025-08-25 21:00:00,23.9,58.9,27.6,88,9.7,karachi
2025-08-25 22:00:00,24.0,59.3,27.5,89,8.8,karachi
2025-08-25 23:00:00,23.9,59.4,27.1,90,12.0,karachi
2025-08-26 00:00:00,24.0,61.5,27.0,90,11.7,karachi
2025-08-26 01:00:00,23.4,59.5,26.8,92,6.0,karachi
2025-08-26 02:00:00,22.4,57.3,26.5,93,4.9,karachi
2025-08-26 03:00:00,21.3,57.0,26.4,94,7.8,karachi
2025-08-26 04:00:00,20.5,58.3,26.4,94,8.6,karachi
2025-08-26 05:00:00,19.5,57.0,26.3,94,8.3,karachi
2025-08-26 06:00:00,19.7,62.4,27.1,92,7.5,karachi
2025-08-26 07:00:00,21.4,69.2,27.4,91,7.7,karachi
2025-08-26 08:00:00,23.1,78.0,28.1,84,7.6,karachi
2025-08-26 09:00:00,25.1,90.6,29.0,80,7.7,karachi
2025-08-26 10:00:00,32.5,121.1,29.6,76,8.3,karachi
2025-08-26 11:00:00,29.2,105.0,29.9,75,10.3,karachi
2025-08-26 12:00:00,30.2,107.6,29.5,78,11.9,karachi
2025-08-26 13:00:00,30.0,106.9,29.6,77,12.1,karachi
2025-08-26 14:00:00,28.0,100.4,30.0,75,12.8,karachi
2025-08-26 15:00:00,27.6,101.0,29.8,75,13.2,karachi
2025-08-26 16:00:00,26.3,96.6,29.4,77,11.8,karachi
2025-08-26 17:00:00,30.4,109.0,29.3,77,11.1,karachi
2025-08-26 18:00:00,28.5,103.6,28.5,82,9.5,karachi
2025-08-26 19:00:00,28.1,90.1,28.0,87,8.3,karachi
2025-08-26 20:00:00,29.9,89.6,27.6,88,9.5,karachi
2025-08-26 21:00:00,31.5,91.3,27.4,90,8.7,karachi
2025-08-26 22:00:00,32.9,90.8,27.2,91,8.9,karachi
2025-08-26 23:00:00,32.9,88.2,26.9,93,8.9,karachi
2025-08-27 00:00:00,31.2,83.4,26.6,94,10.3,karachi
2025-08-27 01:00:00,28.8,76.4,26.6,94,10.4,karachi
2025-08-27 02:00:00,26.7,69.8,26.5,95,9.9,karachi
2025-08-27 03:00:00,24.7,63.6,26.3,95,9.4,karachi
2025-08-27 04:00:00,23.1,58.2,26.2,95,10.0,karachi
2025-08-27 05:00:00,23.0,57.3,26.1,95,11.0,karachi
2025-08-27 06:00:00,22.5,54.6,26.9,93,9.7,karachi
2025-08-27 07:00:00,24.2,63.3,27.0,90,8.5,karachi
2025-08-27 08:00:00,25.7,72.6,27.9,84,10.1,karachi
2025-08-27 09:00:00,26.3,79.9,29.0,77,11.8,karachi
2025-08-27 10:00:00,27.6,84.1,29.7,73,12.1,karachi
2025-08-27 11:00:00,29.5,88.5,30.1,73,11.6,karachi
2025-08-27 12:00:00,30.6,89.6,30.0,75,12.0,karachi
2025-08-27 13:00:00,31.1,91.7,30.2,75,12.6,karachi
2025-08-27 14:00:00,30.6,90.6,30.1,76,13.0,karachi
2025-08-27 15:00:00,29.7,87.1,29.9,76,12.9,karachi
2025-08-27 16:00:00,29.0,85.2,29.5,78,13.0,karachi
2025-08-27 17:00:00,28.5,80.8,29.0,79,12.7,karachi
2025-08-27 18:00:00,27.8,77.1,28.4,81,10.6,karachi
2025-08-27 19:00:00,27.6,67.8,27.7,86,9.0,karachi
2025-08-27 20:00:00,29.3,63.3,27.5,88,8.7,karachi
2025-08-27 21:00:00,29.5,61.5,27.4,88,9.0,karachi
2025-08-27 22:00:00,28.9,60.1,27.1,90,10.3,karachi
2025-08-27 23:00:00,27.7,59.4,27.0,90,9.8,karachi
2025-08-28 00:00:00,26.1,57.4,26.7,92,9.1,karachi
2025-08-28 01:00:00,23.8,53.8,26.5,93,9.5,karachi
2025-08-28 02:00:00,21.8,49.8,26.4,94,9.0,karachi
2025-08-28 03:00:00,20.7,47.5,26.1,95,9.5,karachi
2025-08-28 04:00:00,20.3,47.3,26.0,96,9.2,karachi
2025-08-28 05:00:00,20.3,46.8,26.0,95,8.6,karachi
2025-08-28 06:00:00,21.2,50.3,27.0,87,9.2,karachi
2025-08-28 07:00:00,24.0,61.5,27.1,85,9.6,karachi
2025-08-28 08:00:00,26.4,72.9,27.8,82,10.1,karachi
2025-08-28 09:00:00,28.2,81.3,28.7,76,10.3,karachi
2025-08-28 10:00:00,30.7,88.2,29.6,71,9.9,karachi
2025-08-28 11:00:00,33.6,95.5,30.4,70,9.7,karachi
2025-08-28 12:00:00,35.6,98.3,30.8,70,11.4,karachi
2025-08-28 13:00:00,36.4,96.4,30.9,70,12.6,karachi
2025-08-28 14:00:00,36.1,93.6,30.5,70,13.7,karachi
2025-08-28 15:00:00,34.6,89.6,30.0,72,14.7,karachi
2025-08-28 16:00:00,32.2,83.6,29.1,77,14.4,karachi
2025-08-28 17:00:00,34.0,88.9,28.7,79,14.1,karachi
2025-08-28 18:00:00,32.5,82.2,28.5,83,14.4,karachi
2025-08-28 19:00:00,31.8,73.8,27.7,88,10.5,karachi
2025-08-28 20:00:00,33.2,72.9,27.5,90,11.2,karachi
2025-08-28 21:00:00,33.4,75.9,27.3,91,10.7,karachi
2025-08-28 22:00:00,33.2,77.1,27.0,91,12.2,karachi
2025-08-28 23:00:00,32.5,77.3,27.0,91,11.2,karachi
2025-08-29 00:00:00,31.1,75.0,26.8,91,10.3,karachi
2025-08-29 01:00:00,29.1,70.8,26.5,92,9.6,karachi
2025-08-29 02:00:00,27.8,69.2,26.1,93,9.2,karachi
2025-08-29 03:00:00,27.1,68.5,26.0,93,8.5,karachi
2025-08-29 04:00:00,26.7,67.8,26.0,94,8.3,karachi
2025-08-29 05:00:00,25.1,68.5,25.9,94,8.3,karachi
2025-08-29 06:00:00,25.1,66.4,26.6,91,8.2,karachi
2025-08-29 07:00:00,27.1,70.5,26.8,90,9.3,karachi
2025-08-29 08:00:00,28.8,82.9,27.6,84,10.4,karachi
2025-08-29 09:00:00,31.0,95.5,28.5,79,11.9,karachi
2025-08-29 10:00:00,33.3,101.7,29.4,74,13.3,karachi
2025-08-29 11:00:00,35.6,105.2,29.8,71,13.4,karachi
2025-08-29 12:00:00,37.0,105.7,29.7,74,12.3,karachi
2025-08-29 13:00:00,37.1,103.8,29.5,76,13.3,karachi
2025-08-29 14:00:00,36.1,101.0,29.8,75,15.0,karachi
2025-08-29 15:00:00,34.7,97.8,29.4,76,14.5,karachi
2025-08-29 16:00:00,34.0,96.6,29.3,76,12.9,karachi
2025-08-29 17:00:00,39.8,121.5,28.6,79,12.2,karachi
2025-08-29 18:00:00,38.6,116.4,28.2,83,10.0,karachi
2025-08-29 19:00:00,38.2,106.4,27.8,85,10.8,karachi
2025-08-29 20:00:00,39.2,96.9,27.6,89,11.0,karachi
2025-08-29 21:00:00,39.3,93.6,27.2,91,9.8,karachi
2025-08-29 22:00:00,40.0,92.7,27.1,91,9.8,karachi
2025-08-29 23:00:00,39.9,91.5,27.0,91,8.3,karachi
2025-08-30 00:00:00,38.3,88.0,26.8,91,7.4,karachi
2025-08-30 01:00:00,36.0,84.5,26.5,93,7.9,karachi
2025-08-30 02:00:00,34.2,80.1,26.3,94,6.5,karachi
2025-08-30 03:00:00,33.3,76.6,26.3,94,4.1,karachi
2025-08-30 04:00:00,33.8,77.3,26.1,95,5.4,karachi
2025-08-30 05:00:00,31.5,69.8,26.1,95,5.3,karachi
2025-08-30 06:00:00,32.8,74.7,26.8,92,6.6,karachi
2025-08-30 07:00:00,35.6,91.0,27.0,89,6.8,karachi
2025-08-30 08:00:00,36.7,100.6,27.8,84,5.9,karachi
2025-08-30 09:00:00,41.0,126.7,28.9,78,6.2,karachi
2025-08-30 10:00:00,41.4,125.7,29.8,73,8.4,karachi
2025-08-30 11:00:00,46.1,141.1,30.0,73,10.5,karachi
2025-08-30 12:00:00,48.8,145.8,30.2,72,11.0,karachi
2025-08-30 13:00:00,49.9,146.2,30.9,68,11.6,karachi
2025-08-30 14:00:00,48.8,137.8,30.5,70,13.6,karachi
2025-08-30 15:00:00,46.0,125.7,30.4,69,12.9,karachi
2025-08-30 16:00:00,42.8,115.7,30.0,71,12.9,karachi
2025-08-30 17:00:00,41.9,109.4,29.5,73,12.5,karachi
2025-08-30 18:00:00,38.6,96.9,29.0,80,11.7,karachi
2025-08-30 19:00:00,36.6,86.8,28.4,83,11.9,karachi
2025-08-30 20:00:00,38.1,81.3,28.0,85,10.6,karachi
2025-08-30 21:00:00,38.8,81.7,28.0,86,10.9,karachi
2025-08-30 22:00:00,38.0,79.9,27.7,88,9.4,karachi
2025-08-30 23:00:00,36.1,76.6,27.4,91,8.6,karachi
2025-08-31 00:00:00,34.0,72.9,27.1,92,9.2,karachi
2025-08-31 01:00:00,31.7,69.4,27.0,92,9.2,karachi
2025-08-31 02:00:00,29.8,67.3,26.8,93,7.3,karachi
2025-08-31 03:00:00,28.5,66.8,26.5,94,7.3,karachi
2025-08-31 04:00:00,27.5,66.8,26.4,93,8.3,karachi
2025-08-31 05:00:00,26.7,66.4,26.4,93,7.4,karachi
2025-08-31 06:00:00,26.1,69.6,27.0,89,7.2,karachi
2025-08-31 07:00:00,27.7,78.7,27.4,85,7.9,karachi
2025-08-31 08:00:00,28.0,86.1,28.0,80,9.9,karachi
2025-08-31 09:00:00,30.2,96.9,29.0,74,11.5,karachi
2025-08-31 10:00:00,32.7,102.0,30.0,69,13.8,karachi
2025-08-31 11:00:00,34.7,105.5,30.2,67,15.5,karachi
2025-08-31 12:00:00,35.6,106.6,30.6,65,15.5,karachi
2025-08-31 13:00:00,35.3,104.5,30.8,65,16.1,karachi
2025-08-31 14:00:00,34.3,102.2,30.8,65,17.5,karachi
2025-08-31 15:00:00,32.2,95.9,30.5,66,18.1,karachi
2025-08-31 16:00:00,29.8,89.2,30.0,68,18.3,karachi
2025-08-31 17:00:00,29.5,91.3,29.2,73,18.3,karachi
2025-08-31 18:00:00,26.4,79.6,28.5,78,16.4,karachi
2025-08-31 19:00:00,24.2,65.7,27.8,83,15.5,karachi
2025-08-31 20:00:00,23.3,58.1,27.5,84,17.3,karachi
2025-08-31 21:00:00,21.8,53.2,27.4,84,16.4,karachi
2025-08-31 22:00:00,20.8,50.8,27.1,86,15.4,karachi
2025-08-31 23:00:00,20.4,48.9,26.9,87,15.5,karachi
2025-09-01 00:00:00,19.9,48.1,26.6,89,13.6,karachi
2025-09-01 01:00:00,19.4,47.7,26.5,90,13.2,karachi
2025-09-01 02:00:00,19.0,47.4,26.4,90,14.0,karachi
2025-09-01 03:00:00,18.7,46.8,26.5,87,14.6,karachi
2025-09-01 04:00:00,18.5,46.1,26.6,85,16.2,karachi
2025-09-01 05:00:00,18.6,48.4,26.5,86,15.5,karachi
2025-09-01 06:00:00,19.4,49.4,27.0,84,14.8,karachi
2025-09-01 07:00:00,21.1,51.7,26.8,87,16.9,karachi
2025-09-01 08:00:00,22.6,58.4,27.7,79,19.0,karachi
2025-09-01 09:00:00,23.3,64.5,28.5,74,19.1,karachi
2025-09-01 10:00:00,24.3,67.5,29.1,71,19.2,karachi
2025-09-01 11:00:00,24.9,66.8,30.0,66,19.5,karachi
2025-09-01 12:00:00,25.1,65.0,30.4,64,19.5,karachi
2025-09-01 13:00:00,25.7,65.0,30.5,63,18.7,karachi
2025-09-01 14:00:00,24.9,61.0,30.6,63,18.4,karachi
2025-09-01 15:00:00,24.4,58.9,30.2,65,18.8,karachi
2025-09-01 16:00:00,23.9,56.7,29.6,68,19.2,karachi
2025-09-01 17:00:00,25.8,62.6,28.9,73,18.8,karachi
2025-09-01 18:00:00,24.5,56.8,28.6,74,16.7,karachi
2025-09-01 19:00:00,24.3,49.2,28.0,77,15.9,karachi
2025-09-01 20:00:00,25.0,49.2,27.6,81,14.3,karachi
2025-09-01 21:00:00,25.2,49.6,27.5,81,14.4,karachi
2025-09-01 22:00:00,25.3,49.2,27.3,82,14.2,karachi
2025-09-01 23:00:00,25.0,48.5,27.0,84,13.7,karachi
2025-09-02 00:00:00,24.4,47.8,26.7,86,12.1,karachi
2025-09-02 01:00:00,23.3,46.1,26.5,87,13.7,karachi
2025-09-02 02:00:00,22.7,45.4,26.4,88,12.7,karachi
2025-09-02 03:00:00,22.1,44.6,26.2,89,12.4,karachi
2025-09-02 04:00:00,22.1,45.1,26.1,89,11.7,karachi
2025-09-02 05:00:00,21.3,42.8,26.0,90,11.0,karachi
2025-09-02 06:00:00,21.0,42.1,26.8,85,11.1,karachi
2025-09-02 07:00:00,22.6,44.0,26.9,85,12.8,karachi
2025-09-02 08:00:00,24.0,51.0,27.7,80,13.5,karachi
2025-09-02 09:00:00,24.3,55.1,28.8,73,14.3,karachi
2025-09-02 10:00:00,25.3,59.3,29.7,68,15.0,karachi
2025-09-02 11:00:00,26.5,61.9,30.0,66,15.5,karachi
2025-09-02 12:00:00,27.0,61.0,29.8,68,15.3,karachi
2025-09-02 13:00:00,26.3,59.6,30.1,66,14.6,karachi
2025-09-02 14:00:00,25.4,56.9,30.0,66,13.7,karachi
2025-09-02 15:00:00,24.7,55.1,30.4,64,13.4,karachi
2025-09-02 16:00:00,24.0,53.7,30.1,64,13.8,karachi
2025-09-02 17:00:00,28.7,67.1,29.1,71,15.4,karachi
2025-09-02 18:00:00,28.6,65.0,28.6,75,13.3,karachi
2025-09-02 19:00:00,29.7,60.8,27.9,79,11.3,karachi
2025-09-02 20:00:00,30.7,60.8,27.7,80,12.7,karachi
2025-09-02 21:00:00,31.5,61.5,27.6,79,12.8,karachi
2025-09-02 22:00:00,32.7,62.9,27.5,80,11.3,karachi
2025-09-02 23:00:00,33.6,64.5,27.2,81,9.1,karachi
2025-09-03 00:00:00,33.5,65.0,27.1,83,7.9,karachi
2025-09-03 01:00:00,33.5,64.5,26.9,84,8.3,karachi
2025-09-03 02:00:00,32.9,62.2,26.5,85,9.3,karachi
2025-09-03 03:00:00,32.0,61.0,26.4,86,9.6,karachi
2025-09-03 04:00:00,30.3,58.7,26.0,88,9.4,karachi
2025-09-03 05:00:00,25.1,48.0,25.9,89,9.3,karachi
2025-09-03 06:00:00,24.0,46.0,26.7,86,8.3,karachi
2025-09-03 07:00:00,25.3,48.4,26.9,82,8.3,karachi
2025-09-03 08:00:00,26.7,56.6,28.0,74,9.6,karachi
2025-09-03 09:00:00,27.8,63.3,29.2,66,9.5,karachi
2025-09-03 10:00:00,29.7,70.5,30.2,61,9.8,karachi
2025-09-03 11:00:00,32.7,77.8,30.8,60,11.3,karachi
2025-09-03 12:00:00,34.8,81.0,31.0,59,13.1,karachi
2025-09-03 13:00:00,34.9,78.7,31.5,57,14.1,karachi
2025-09-03 14:00:00,33.5,73.3,31.5,57,15.1,karachi
2025-09-03 15:00:00,31.0,67.1,31.1,59,15.2,karachi
2025-09-03 16:00:00,27.9,60.3,30.8,60,13.9,karachi
2025-09-03 17:00:00,36.0,80.1,30.0,63,12.6,karachi
2025-09-03 18:00:00,34.2,76.4,29.1,66,12.2,karachi
2025-09-03 19:00:00,33.1,67.8,28.3,70,9.4,karachi
2025-09-03 20:00:00,34.3,66.8,28.0,74,12.0,karachi
2025-09-03 21:00:00,34.2,66.4,27.6,79,11.9,karachi
2025-09-03 22:00:00,33.9,65.7,27.3,81,10.6,karachi
2025-09-03 23:00:00,33.1,64.3,27.1,81,10.1,karachi
2025-09-04 00:00:00,31.2,61.7,26.9,83,10.2,karachi
2025-09-04 01:00:00,28.6,58.0,26.6,85,10.2,karachi
2025-09-04 02:00:00,26.1,54.6,26.4,86,9.0,karachi
2025-09-04 03:00:00,24.0,51.8,26.0,88,6.2,karachi
2025-09-04 04:00:00,22.4,49.4,25.8,90,6.5,karachi
2025-09-04 05:00:00,23.7,55.9,25.5,91,6.2,karachi
2025-09-04 06:00:00,23.6,54.0,26.1,90,8.1,karachi
2025-09-04 07:00:00,25.3,57.2,26.4,87,8.5,karachi
2025-09-04 08:00:00,25.1,66.6,27.4,81,10.3,karachi
2025-09-04 09:00:00,26.0,72.2,28.8,70,10.7,karachi
2025-09-04 10:00:00,27.5,75.2,30.0,64,10.3,karachi
2025-09-04 11:00:00,29.7,78.7,31.0,61,10.5,karachi
2025-09-04 12:00:00,31.9,81.3,31.2,61,12.7,karachi
2025-09-04 13:00:00,32.2,80.8,31.2,62,13.6,karachi
2025-09-04 14:00:00,31.2,79.2,31.4,60,14.3,karachi
2025-09-04 15:00:00,29.7,75.7,30.8,64,14.8,karachi
2025-09-04 16:00:00,27.5,71.0,30.1,66,14.0,karachi
2025-09-04 17:00:00,28.6,73.3,29.5,69,13.6,karachi
2025-09-04 18:00:00,26.5,67.1,28.7,74,12.8,karachi
2025-09-04 19:00:00,25.9,61.0,27.8,80,12.8,karachi
2025-09-04 20:00:00,26.0,55.1,27.5,82,11.1,karachi
2025-09-04 21:00:00,25.3,54.4,27.2,83,11.1,karachi
2025-09-04 22:00:00,24.4,51.9,27.0,84,10.8,karachi
2025-09-04 23:00:00,23.3,49.2,26.9,85,11.8,karachi
2025-09-05 00:00:00,22.3,47.0,26.8,86,12.7,karachi
2025-09-05 01:00:00,20.8,43.9,26.4,88,11.4,karachi
2025-09-05 02:00:00,19.4,40.9,26.2,89,9.5,karachi
2025-09-05 03:00:00,18.7,40.2,26.0,89,7.5,karachi
2025-09-05 04:00:00,18.5,40.0,25.9,91,10.3,karachi
2025-09-05 05:00:00,18.5,40.3,25.8,93,12.6,karachi
2025-09-05 06:00:00,19.2,41.1,26.4,92,14.0,karachi
2025-09-05 07:00:00,21.6,45.4,26.6,90,10.2,karachi
2025-09-05 08:00:00,23.6,52.5,27.8,82,8.2,karachi
2025-09-05 09:00:00,25.5,57.4,29.5,72,8.9,karachi
2025-09-05 10:00:00,28.0,63.6,31.2,64,10.1,karachi
2025-09-05 11:00:00,31.0,68.7,32.2,60,12.3,karachi
2025-09-05 12:00:00,33.4,71.9,32.7,58,13.7,karachi
2025-09-05 13:00:00,33.4,69.4,32.8,58,14.8,karachi
2025-09-05 14:00:00,32.0,65.7,32.5,58,15.7,karachi
2025-09-05 15:00:00,30.0,61.5,31.8,60,16.0,karachi
2025-09-05 16:00:00,27.6,58.4,31.1,63,16.0,karachi
2025-09-05 17:00:00,29.7,63.8,30.1,71,16.9,karachi
2025-09-05 18:00:00,28.9,61.0,28.9,79,14.0,karachi
2025-09-05 19:00:00,28.5,56.6,28.1,83,11.0,karachi
2025-09-05 20:00:00,28.5,54.4,27.8,85,10.1,karachi
2025-09-05 21:00:00,28.8,54.7,27.4,87,14.1,karachi
2025-09-05 22:00:00,28.3,54.5,27.3,87,14.5,karachi
2025-09-05 23:00:00,27.5,51.8,27.2,85,15.6,karachi
2025-09-06 00:00:00,26.4,49.7,27.2,85,13.4,karachi
2025-09-06 01:00:00,25.3,48.8,27.0,86,12.6,karachi
2025-09-06 02:00:00,24.2,48.2,26.7,88,12.7,karachi
2025-09-06 03:00:00,23.3,47.3,26.5,90,11.3,karachi
2025-09-06 04:00:00,22.6,45.8,26.2,91,12.3,karachi
2025-09-06 05:00:00,21.8,44.1,26.2,92,13.5,karachi
2025-09-06 06:00:00,22.0,43.4,26.5,90,13.2,karachi
2025-09-06 07:00:00,23.9,46.6,26.7,89,14.6,karachi
2025-09-06 08:00:00,25.9,53.0,27.8,81,15.0,karachi
2025-09-06 09:00:00,28.1,59.3,29.1,73,13.2,karachi
2025-09-06 10:00:00,29.6,63.3,30.3,68,12.9,karachi
2025-09-06 11:00:00,31.1,67.8,31.5,63,13.1,karachi
2025-09-06 12:00:00,32.0,71.2,32.0,62,13.5,karachi
2025-09-06 13:00:00,32.1,72.6,32.2,61,14.2,karachi
2025-09-06 14:00:00,32.0,73.1,32.0,62,15.4,karachi
2025-09-06 15:00:00,31.5,71.9,31.5,64,16.7,karachi
2025-09-06 16:00:00,30.6,69.2,30.8,67,17.9,karachi
2025-09-06 17:00:00,29.0,64.3,30.1,69,16.7,karachi
2025-09-06 18:00:00,27.3,56.0,29.2,75,14.1,karachi
2025-09-06 19:00:00,26.1,46.1,28.0,83,11.9,karachi
2025-09-06 20:00:00,26.2,44.8,27.5,87,10.9,karachi
2025-09-06 21:00:00,25.9,43.8,27.5,86,11.7,karachi
2025-09-06 22:00:00,26.4,44.0,27.3,87,13.3,karachi
2025-09-06 23:00:00,26.4,43.9,27.0,87,12.1,karachi
2025-09-07 00:00:00,24.8,41.7,26.9,88,11.4,karachi
2025-09-07 01:00:00,22.1,38.0,26.6,90,12.8,karachi
2025-09-07 02:00:00,19.2,33.8,26.5,91,12.7,karachi
2025-09-07 03:00:00,17.5,31.8,26.4,91,13.6,karachi
2025-09-07 04:00:00,17.1,31.8,26.4,91,13.2,karachi
2025-09-07 05:00:00,16.6,31.7,26.4,91,12.7,karachi
2025-09-07 06:00:00,17.1,32.1,26.6,91,14.0,karachi
2025-09-07 07:00:00,18.9,35.2,26.8,90,13.8,karachi
2025-09-07 08:00:00,20.9,42.3,27.9,82,16.3,karachi
2025-09-07 09:00:00,22.2,46.9,29.4,73,14.3,karachi
2025-09-07 10:00:00,23.6,50.9,30.6,66,13.9,karachi
2025-09-07 11:00:00,25.0,52.9,31.5,62,14.1,karachi
2025-09-07 12:00:00,25.3,52.0,31.9,61,15.3,karachi
2025-09-07 13:00:00,24.9,51.9,31.6,62,17.8,karachi
2025-09-07 14:00:00,24.0,49.1,31.2,64,19.6,karachi
2025-09-07 15:00:00,22.9,46.2,30.5,67,18.4,karachi
2025-09-07 16:00:00,23.5,48.3,29.9,69,16.0,karachi
2025-09-07 17:00:00,23.4,46.6,29.4,70,14.9,karachi
2025-09-07 18:00:00,25.3,48.7,28.0,76,14.6,karachi
2025-09-07 19:00:00,26.8,49.7,27.6,79,14.2,karachi
2025-09-07 20:00:00,28.3,49.9,27.5,80,12.6,karachi
2025-09-07 21:00:00,28.8,50.9,27.5,81,10.7,karachi
2025-09-07 22:00:00,28.9,51.2,27.4,82,13.2,karachi
2025-09-07 23:00:00,28.9,51.1,27.1,84,13.0,karachi
2025-09-08 00:00:00,28.2,50.5,27.0,85,13.3,karachi
2025-09-08 01:00:00,26.8,48.8,26.9,85,12.8,karachi
2025-09-08 02:00:00,25.1,47.1,26.8,85,10.4,karachi
2025-09-08 03:00:00,24.1,46.3,26.6,85,12.3,karachi
2025-09-08 04:00:00,23.3,45.5,26.6,86,9.4,karachi
2025-09-08 05:00:00,20.8,41.2,26.5,87,10.2,karachi
2025-09-08 06:00:00,21.1,42.6,26.1,93,10.7,karachi
2025-09-08 07:00:00,22.2,43.8,26.0,95,12.1,karachi
2025-09-08 08:00:00,24.3,47.7,26.2,93,10.9,karachi
2025-09-08 09:00:00,26.0,51.8,26.5,90,11.4,karachi
2025-09-08 10:00:00,26.8,55.2,28.3,77,14.8,karachi
2025-09-08 11:00:00,26.7,56.8,29.1,74,12.6,karachi
2025-09-08 12:00:00,26.6,56.9,28.9,76,12.7,karachi
2025-09-08 13:00:00,26.2,55.8,28.5,78,12.6,karachi
2025-09-08 14:00:00,27.8,58.1,27.1,87,14.8,karachi
2025-09-08 15:00:00,27.4,56.6,28.1,79,17.0,karachi
2025-09-08 16:00:00,23.7,50.5,28.0,81,18.9,karachi
2025-09-08 17:00:00,24.9,48.7,27.6,83,13.9,karachi
2025-09-08 18:00:00,25.3,45.3,27.6,82,14.8,karachi
2025-09-08 19:00:00,26.4,48.3,27.4,83,14.4,karachi
2025-09-08 20:00:00,27.9,50.4,27.2,84,13.6,karachi
2025-09-08 21:00:00,27.6,48.8,27.0,88,9.2,karachi
2025-09-08 22:00:00,29.2,51.5,26.8,90,8.3,karachi
2025-09-08 23:00:00,30.3,53.3,26.5,93,11.2,karachi
2025-09-09 00:00:00,31.5,55.6,26.3,94,10.2,karachi
2025-09-09 01:00:00,30.9,55.8,26.2,94,10.8,karachi
2025-09-09 02:00:00,30.0,54.9,26.2,93,11.4,karachi
2025-09-09 03:00:00,28.5,52.9,26.2,93,10.9,karachi
2025-09-09 04:00:00,26.0,50.6,26.1,93,12.1,karachi
2025-09-09 05:00:00,21.9,43.4,26.0,93,12.5,karachi
2025-09-09 06:00:00,21.8,43.8,25.8,95,11.1,karachi
2025-09-09 07:00:00,22.7,44.1,25.5,96,14.2,karachi
2025-09-09 08:00:00,24.4,48.0,25.5,95,13.0,karachi
2025-09-09 09:00:00,23.1,43.8,25.7,92,15.7,karachi
2025-09-09 10:00:00,21.7,38.9,25.6,93,15.3,karachi
2025-09-09 11:00:00,18.7,31.8,26.5,88,16.6,karachi
2025-09-09 12:00:00,18.0,30.9,27.9,79,17.8,karachi
2025-09-09 13:00:00,17.8,29.9,27.5,81,18.1,karachi
2025-09-09 14:00:00,18.4,30.3,26.3,91,19.7,karachi
2025-09-09 15:00:00,17.6,27.2,25.8,94,18.6,karachi
2025-09-09 16:00:00,18.7,27.8,25.8,94,18.4,karachi
2025-09-09 17:00:00,18.4,25.5,25.6,95,21.0,karachi
2025-09-09 18:00:00,18.5,23.7,26.1,95,18.2,karachi
2025-09-09 19:00:00,17.9,22.0,25.8,94,17.9,karachi
2025-09-09 20:00:00,16.9,20.7,26.1,93,15.3,karachi
2025-09-09 21:00:00,15.2,17.6,26.2,93,13.8,karachi
2025-09-09 22:00:00,14.6,16.2,26.1,93,12.8,karachi
2025-09-09 23:00:00,15.8,16.9,26.0,93,11.2,karachi
2025-09-10 00:00:00,18.9,19.7,25.5,94,4.4,karachi
2025-09-10 01:00:00,19.3,20.1,25.5,94,8.1,karachi
2025-09-10 02:00:00,15.0,15.7,25.8,92,9.5,karachi
2025-09-10 03:00:00,12.3,13.3,25.4,94,14.3,karachi
2025-09-10 04:00:00,10.6,13.6,25.5,94,12.4,karachi
2025-09-10 05:00:00,8.6,16.6,25.7,94,13.0,karachi
2025-09-10 06:00:00,9.7,19.4,25.9,91,15.3,karachi
2025-09-10 07:00:00,11.6,22.4,25.4,93,16.2,karachi
2025-09-10 08:00:00,14.4,27.4,25.5,93,18.6,karachi
2025-09-10 09:00:00,18.3,41.9,25.8,92,18.7,karachi
2025-09-10 10:00:00,16.8,40.3,26.1,90,19.0,karachi
2025-09-10 11:00:00,16.2,39.9,26.4,88,18.4,karachi
2025-09-10 12:00:00,15.1,38.4,27.4,81,17.5,karachi
2025-09-10 13:00:00,14.9,38.2,28.0,79,18.7,karachi
2025-09-10 14:00:00,15.4,36.4,28.2,78,17.9,karachi
2025-09-10 15:00:00,16.3,38.3,27.9,80,16.8,karachi
2025-09-10 16:00:00,16.5,40.2,27.6,82,14.0,karachi
2025-09-10 17:00:00,20.4,53.0,27.5,82,13.4,karachi
2025-09-10 18:00:00,21.9,54.4,26.7,84,13.3,karachi
2025-09-10 19:00:00,26.5,52.0,26.4,88,12.1,karachi
2025-09-10 20:00:00,29.0,52.4,26.2,89,12.2,karachi
2025-09-10 21:00:00,29.6,51.9,26.1,90,10.2,karachi
2025-09-10 22:00:00,30.7,52.2,26.2,89,10.7,karachi
2025-09-10 23:00:00,31.7,51.3,26.2,90,10.8,karachi
2025-09-11 00:00:00,29.5,47.8,26.1,90,10.6,karachi
2025-09-11 01:00:00,25.7,42.8,26.0,90,10.2,karachi
2025-09-11 02:00:00,22.4,38.4,25.8,90,9.8,karachi
2025-09-11 03:00:00,19.8,35.2,25.5,92,9.4,karachi
2025-09-11 04:00:00,18.2,33.3,25.4,93,8.9,karachi
2025-09-11 05:00:00,18.6,34.1,25.4,93,8.8,karachi
2025-09-11 06:00:00,17.2,32.6,25.5,93,7.1,karachi
2025-09-11 07:00:00,18.2,36.0,25.5,93,6.8,karachi
2025-09-11 08:00:00,17.8,38.3,25.8,93,6.5,karachi
2025-09-11 09:00:00,17.1,39.0,26.4,89,6.6,karachi
2025-09-11 10:00:00,17.5,41.1,26.4,89,7.9,karachi
2025-09-11 11:00:00,18.1,43.1,26.5,89,7.3,karachi
2025-09-11 12:00:00,15.2,35.9,26.8,87,10.2,karachi
2025-09-11 13:00:00,13.4,30.6,27.1,84,10.9,karachi
2025-09-11 14:00:00,13.4,28.6,27.3,82,12.0,karachi
2025-09-11 15:00:00,13.7,28.3,27.4,82,12.5,karachi
2025-09-11 16:00:00,13.9,29.7,27.6,81,13.0,karachi
2025-09-11 17:00:00,11.2,21.3,27.6,80,13.4,karachi
2025-09-11 18:00:00,11.5,21.5,27.4,84,12.5,karachi
2025-09-11 19:00:00,13.6,22.6,26.9,86,11.9,karachi
2025-09-11 20:00:00,15.8,25.4,26.7,87,11.9,karachi
2025-09-11 21:00:00,16.7,27.3,26.8,87,11.2,karachi
2025-09-11 22:00:00,17.2,28.8,26.8,87,10.8,karachi
2025-09-11 23:00:00,17.2,29.6,26.6,87,10.8,karachi
2025-09-12 00:00:00,16.4,29.2,26.5,88,10.3,karachi
2025-09-12 01:00:00,15.1,27.8,26.4,89,10.3,karachi
2025-09-12 02:00:00,13.8,26.2,26.1,89,11.0,karachi
2025-09-12 03:00:00,12.7,25.3,25.9,91,10.4,karachi
2025-09-12 04:00:00,11.9,23.1,25.7,92,9.9,karachi
2025-09-12 05:00:00,11.5,22.4,25.5,93,10.0,karachi
2025-09-12 06:00:00,11.6,22.2,26.0,91,9.4,karachi
2025-09-12 07:00:00,13.6,24.6,26.1,91,8.6,karachi
2025-09-12 08:00:00,13.7,27.4,26.8,86,10.4,karachi
2025-09-12 09:00:00,13.5,28.2,27.5,81,11.9,karachi
2025-09-12 10:00:00,13.2,27.9,28.1,78,12.9,karachi
2025-09-12 11:00:00,13.2,27.4,28.5,76,13.6,karachi
2025-09-12 12:00:00,13.2,27.0,28.8,75,14.3,karachi
2025-09-12 13:00:00,13.0,26.4,28.6,76,14.4,karachi
2025-09-12 14:00:00,12.9,26.4,28.6,76,14.2,karachi
2025-09-12 15:00:00,12.9,26.8,28.7,75,13.7,karachi
2025-09-12 16:00:00,13.1,27.3,28.4,77,12.9,karachi
2025-09-12 17:00:00,12.5,25.0,28.0,78,12.1,karachi
2025-09-12 18:00:00,13.4,25.5,27.9,80,10.2,karachi
2025-09-12 19:00:00,17.0,26.5,27.2,84,9.7,karachi
2025-09-12 20:00:00,19.0,27.8,27.0,85,8.7,karachi
2025-09-12 21:00:00,19.5,28.1,26.9,86,9.0,karachi
2025-09-12 22:00:00,19.4,27.9,26.8,87,8.8,karachi
2025-09-12 23:00:00,18.8,27.5,26.5,88,8.2,karachi
2025-09-13 00:00:00,17.5,26.5,26.5,88,8.2,karachi
2025-09-13 01:00:00,15.9,25.1,26.3,89,8.8,karachi
2025-09-13 02:00:00,14.5,23.8,26.2,88,8.7,karachi
2025-09-13 03:00:00,13.4,22.7,26.0,89,8.5,karachi
2025-09-13 04:00:00,12.7,21.7,25.9,89,8.6,karachi
2025-09-13 05:00:00,11.9,20.1,25.8,89,8.5,karachi
2025-09-13 06:00:00,11.9,20.1,26.1,87,7.9,karachi
2025-09-13 07:00:00,14.4,22.6,26.2,88,7.3,karachi
2025-09-13 08:00:00,13.4,24.3,27.0,84,8.3,karachi
2025-09-13 09:00:00,12.5,23.4,28.2,76,9.7,karachi
2025-09-13 10:00:00,13.2,25.8,29.0,72,10.8,karachi
2025-09-13 11:00:00,13.2,25.8,29.2,71,11.9,karachi
2025-09-13 12:00:00,13.4,26.5,29.1,73,13.3,karachi
2025-09-13 13:00:00,13.1,25.4,29.2,72,13.9,karachi
2025-09-13 14:00:00,13.2,26.0,29.3,72,13.5,karachi
2025-09-13 15:00:00,13.1,26.7,29.2,71,13.4,karachi
2025-09-13 16:00:00,11.9,23.2,28.8,74,13.6,karachi
2025-09-13 17:00:00,12.7,24.6,28.3,76,13.3,karachi
2025-09-13 18:00:00,12.3,22.1,28.3,78,10.7,karachi
2025-09-13 19:00:00,15.0,22.0,27.5,83,10.5,karachi
2025-09-13 20:00:00,15.7,22.1,27.1,85,10.7,karachi
2025-09-13 21:00:00,15.3,21.5,27.0,86,11.5,karachi
2025-09-13 22:00:00,14.8,21.0,26.8,86,11.7,karachi
2025-09-13 23:00:00,13.9,20.3,26.7,87,11.5,karachi
2025-09-14 00:00:00,12.8,19.3,26.6,87,11.3,karachi
2025-09-14 01:00:00,11.6,18.3,26.5,87,10.8,karachi
2025-09-14 02:00:00,10.8,17.8,26.2,88,10.6,karachi
2025-09-14 03:00:00,10.4,17.8,26.1,88,11.0,karachi
2025-09-14 04:00:00,10.4,18.3,26.0,88,10.3,karachi
2025-09-14 05:00:00,10.4,18.1,26.0,89,11.4,karachi
2025-09-14 06:00:00,10.9,19.2,26.6,88,10.6,karachi
2025-09-14 07:00:00,13.0,21.4,26.6,88,9.4,karachi
2025-09-14 08:00:00,14.0,24.5,27.2,86,11.3,karachi
2025-09-14 09:00:00,14.0,26.3,28.1,80,12.5,karachi
2025-09-14 10:00:00,13.7,26.6,28.9,74,14.2,karachi
2025-09-14 11:00:00,13.7,26.8,29.1,73,16.0,karachi
2025-09-14 12:00:00,13.5,26.1,29.5,71,16.0,karachi
2025-09-14 13:00:00,12.8,24.3,29.5,71,17.1,karachi
2025-09-14 14:00:00,12.7,23.5,29.4,73,17.0,karachi
2025-09-14 15:00:00,12.5,23.2,29.1,73,16.4,karachi
2025-09-14 16:00:00,11.9,21.4,28.7,74,16.8,karachi
2025-09-14 17:00:00,10.6,19.0,28.4,76,15.9,karachi
2025-09-14 18:00:00,11.8,20.5,28.2,79,13.3,karachi
2025-09-14 19:00:00,12.9,18.9,27.6,83,13.6,karachi
2025-09-14 20:00:00,13.5,19.6,27.2,84,15.2,karachi
2025-09-14 21:00:00,13.9,20.9,27.1,83,15.1,karachi
2025-09-14 22:00:00,14.2,22.2,26.9,84,15.2,karachi
2025-09-14 23:00:00,14.1,22.9,26.8,84,16.2,karachi
2025-09-15 00:00:00,13.4,22.6,26.5,85,16.4,karachi
2025-09-15 01:00:00,12.3,21.5,26.5,85,16.0,karachi
2025-09-15 02:00:00,12.3,22.7,26.4,85,15.7,karachi
2025-09-15 03:00:00,11.4,21.0,26.3,84,15.5,karachi
2025-09-15 04:00:00,10.7,19.5,26.2,85,15.3,karachi
2025-09-15 05:00:00,10.2,18.5,26.1,86,14.8,karachi
2025-09-15 06:00:00,10.6,19.6,26.8,85,13.9,karachi
2025-09-15 07:00:00,12.1,21.5,27.0,84,14.3,karachi
2025-09-15 08:00:00,14.2,27.6,27.7,80,17.9,karachi
2025-09-15 09:00:00,12.8,25.8,28.0,78,20.3,karachi
2025-09-15 10:00:00,13.0,27.0,28.0,79,21.8,karachi
2025-09-15 11:00:00,13.0,27.6,28.3,78,21.3,karachi
2025-09-15 12:00:00,13.5,29.0,28.6,76,20.8,karachi
2025-09-15 13:00:00,13.6,27.6,28.6,76,21.4,karachi
2025-09-15 14:00:00,13.6,28.2,28.8,76,21.1,karachi
2025-09-15 15:00:00,13.9,28.9,28.6,76,20.2,karachi
2025-09-15 16:00:00,13.2,26.4,28.2,78,20.0,karachi
2025-09-15 17:00:00,16.4,34.0,27.9,79,18.7,karachi
2025-09-15 18:00:00,16.2,28.5,28.0,83,16.7,karachi
2025-09-15 19:00:00,17.8,29.3,27.6,84,15.7,karachi
2025-09-15 20:00:00,17.2,26.8,27.4,85,15.7,karachi
2025-09-15 21:00:00,16.1,24.6,27.1,85,15.9,karachi
2025-09-15 22:00:00,15.0,23.3,26.9,87,16.1,karachi
2025-09-15 23:00:00,14.1,22.3,26.8,86,15.2,karachi
2025-09-16 00:00:00,13.0,21.4,26.8,86,15.6,karachi
2025-09-16 01:00:00,12.1,21.1,26.6,86,15.7,karachi
2025-09-16 02:00:00,11.5,20.7,26.8,87,15.6,karachi
2025-09-16 03:00:00,11.1,20.2,26.6,88,15.9,karachi
2025-09-16 04:00:00,11.1,20.3,26.5,89,15.5,karachi
2025-09-16 05:00:00,11.5,22.7,26.5,89,15.1,karachi
2025-09-16 06:00:00,12.0,22.8,27.2,85,14.1,karachi
2025-09-16 07:00:00,14.0,25.8,27.3,86,13.3,karachi
2025-09-16 08:00:00,16.1,33.9,27.7,84,14.9,karachi
2025-09-16 09:00:00,18.0,46.2,28.3,78,16.7,karachi
2025-09-16 10:00:00,18.0,46.9,28.6,76,18.0,karachi
2025-09-16 11:00:00,17.2,43.3,29.0,76,19.0,karachi
2025-09-16 12:00:00,17.5,46.2,29.0,76,17.7,karachi
2025-09-16 13:00:00,17.5,48.1,29.0,76,18.6,karachi
2025-09-16 14:00:00,18.7,56.3,29.0,77,18.8,karachi
2025-09-16 15:00:00,19.9,59.5,28.8,78,18.1,karachi
2025-09-16 16:00:00,18.6,51.3,28.5,77,18.0,karachi
2025-09-16 17:00:00,20.2,51.1,28.0,80,16.8,karachi
2025-09-16 18:00:00,20.1,43.3,28.0,85,12.9,karachi
2025-09-16 19:00:00,21.9,39.1,27.5,87,12.4,karachi
2025-09-16 20:00:00,22.3,37.4,27.4,87,11.8,karachi
2025-09-16 21:00:00,21.8,35.7,27.4,87,11.1,karachi
2025-09-16 22:00:00,21.4,35.0,27.4,88,11.1,karachi
2025-09-16 23:00:00,20.9,34.5,27.1,89,11.3,karachi
2025-09-17 00:00:00,20.4,34.5,26.9,89,10.9,karachi
2025-09-17 01:00:00,19.6,34.5,26.6,91,9.9,karachi
2025-09-17 02:00:00,18.7,34.7,26.5,92,9.7,karachi
2025-09-17 03:00:00,17.9,35.6,26.4,92,9.2,karachi
2025-09-17 04:00:00,17.3,37.4,26.2,93,8.7,karachi
2025-09-17 05:00:00,16.8,36.1,26.1,93,8.3,karachi
2025-09-17 06:00:00,17.1,38.0,26.6,90,8.6,karachi
2025-09-17 07:00:00,19.4,43.5,26.7,90,8.5,karachi
2025-09-17 08:00:00,19.7,50.2,27.9,81,9.6,karachi
2025-09-17 09:00:00,20.6,61.9,28.8,75,10.9,karachi
2025-09-17 10:00:00,22.5,80.1,29.1,73,11.6,karachi
2025-09-17 11:00:00,23.7,84.1,29.1,74,11.8,karachi
2025-09-17 12:00:00,25.4,89.6,29.5,73,11.4,karachi
2025-09-17 13:00:00,25.1,86.4,29.5,73,10.9,karachi
2025-09-17 14:00:00,25.5,83.8,29.7,73,11.2,karachi
2025-09-17 15:00:00,26.5,87.3,29.6,74,12.2,karachi
2025-09-17 16:00:00,26.2,85.7,29.2,77,13.6,karachi
2025-09-17 17:00:00,29.2,92.9,28.5,80,12.8,karachi
2025-09-17 18:00:00,25.7,75.4,28.1,81,8.9,karachi
2025-09-17 19:00:00,25.1,58.3,27.4,87,8.7,karachi
2025-09-17 20:00:00,25.0,53.9,27.1,88,10.2,karachi
2025-09-17 21:00:00,25.6,52.5,26.8,90,8.0,karachi
2025-09-17 22:00:00,27.3,52.0,26.6,91,7.0,karachi
2025-09-17 23:00:00,28.8,52.3,26.5,91,7.1,karachi
2025-09-18 00:00:00,27.9,51.2,26.4,92,6.8,karachi
2025-09-18 01:00:00,26.0,49.2,26.1,94,7.2,karachi
2025-09-18 02:00:00,23.7,48.8,26.0,95,7.8,karachi
2025-09-18 03:00:00,21.9,48.0,25.9,96,7.9,karachi
2025-09-18 04:00:00,20.7,46.3,25.7,97,8.9,karachi
2025-09-18 05:00:00,18.5,44.0,25.7,96,8.7,karachi
2025-09-18 06:00:00,18.2,42.5,26.2,94,7.2,karachi
2025-09-18 07:00:00,21.0,45.2,26.2,95,7.1,karachi
2025-09-18 08:00:00,21.8,58.7,26.9,91,8.5,karachi
2025-09-18 09:00:00,22.9,77.8,28.0,83,10.7,karachi
2025-09-18 10:00:00,25.4,88.2,28.9,78,12.6,karachi
2025-09-18 11:00:00,26.7,91.3,29.2,75,12.7,karachi
2025-09-18 12:00:00,28.5,95.7,29.5,74,13.2,karachi
2025-09-18 13:00:00,29.0,98.5,29.5,74,13.6,karachi
2025-09-18 14:00:00,29.2,102.2,29.8,73,13.4,karachi
2025-09-18 15:00:00,28.8,102.9,29.2,74,13.4,karachi
2025-09-18 16:00:00,28.3,103.6,29.0,74,12.1,karachi
2025-09-18 17:00:00,32.7,121.5,28.6,76,11.2,karachi
2025-09-18 18:00:00,31.8,115.3,28.2,80,10.7,karachi
2025-09-18 19:00:00,32.8,95.0,27.2,88,8.0,karachi
2025-09-18 20:00:00,33.4,89.2,26.9,92,7.4,karachi
2025-09-18 21:00:00,33.4,85.4,26.8,92,7.0,karachi
2025-09-18 22:00:00,33.3,82.7,26.5,93,7.5,karachi
2025-09-18 23:00:00,32.7,79.2,26.4,94,8.1,karachi
2025-09-19 00:00:00,31.2,77.5,26.5,93,7.9,karachi
2025-09-19 01:00:00,29.0,77.1,26.0,95,8.2,karachi
2025-09-19 02:00:00,27.1,73.3,25.8,96,7.6,karachi
2025-09-19 03:00:00,25.9,72.4,25.6,95,7.0,karachi
2025-09-19 04:00:00,24.9,70.5,25.6,94,6.8,karachi
2025-09-19 05:00:00,22.8,61.7,25.6,93,7.7,karachi
2025-09-19 06:00:00,23.4,65.0,26.1,93,8.2,karachi
2025-09-19 07:00:00,25.6,70.5,26.4,92,8.3,karachi
2025-09-19 08:00:00,26.1,79.4,27.5,81,10.8,karachi
2025-09-19 09:00:00,29.6,115.7,28.2,75,12.6,karachi
2025-09-19 10:00:00,28.3,115.3,28.8,72,13.2,karachi
2025-09-19 11:00:00,29.5,121.5,29.2,70,14.4,karachi
2025-09-19 12:00:00,30.0,123.4,29.0,70,14.8,karachi
2025-09-19 13:00:00,29.6,120.6,28.9,72,14.7,karachi
2025-09-19 14:00:00,29.5,117.3,29.0,71,14.7,karachi
2025-09-19 15:00:00,27.7,106.6,29.2,68,13.6,karachi
2025-09-19 16:00:00,27.0,103.6,29.0,68,13.9,karachi
2025-09-19 17:00:00,30.6,122.0,28.2,76,13.6,karachi
2025-09-19 18:00:00,30.0,112.7,28.0,76,10.9,karachi
2025-09-19 19:00:00,30.2,85.2,27.1,82,8.3,karachi
2025-09-19 20:00:00,30.3,77.1,26.6,86,7.7,karachi
2025-09-19 21:00:00,30.7,73.3,26.5,87,6.6,karachi
2025-09-19 22:00:00,31.8,71.7,26.3,89,7.5,karachi
2025-09-19 23:00:00,32.6,70.5,26.0,90,7.6,karachi
2025-09-20 00:00:00,31.5,68.9,25.9,91,7.9,karachi
2025-09-20 01:00:00,29.7,67.3,25.8,91,7.0,karachi
2025-09-20 02:00:00,27.6,66.1,25.6,92,7.8,karachi
2025-09-20 03:00:00,25.3,68.7,25.5,92,8.1,karachi
2025-09-20 04:00:00,24.0,69.2,25.5,92,9.0,karachi
2025-09-20 05:00:00,21.6,61.9,25.5,92,8.9,karachi
2025-09-20 06:00:00,21.0,59.6,26.4,94,9.6,karachi
2025-09-20 07:00:00,23.1,67.1,26.4,93,9.0,karachi
2025-09-20 08:00:00,24.0,72.9,27.2,84,10.4,karachi
2025-09-20 09:00:00,24.3,81.3,28.4,74,12.6,karachi
2025-09-20 10:00:00,24.5,85.4,28.9,71,13.5,karachi
2025-09-20 11:00:00,26.1,90.8,28.9,71,14.2,karachi
2025-09-20 12:00:00,25.7,88.2,29.2,70,15.2,karachi
2025-09-20 13:00:00,27.1,92.2,29.4,69,15.4,karachi
2025-09-20 14:00:00,33.3,117.6,29.5,68,15.2,karachi
2025-09-20 15:00:00,26.2,88.2,29.4,68,15.2,karachi
2025-09-20 16:00:00,25.8,88.2,29.0,70,15.0,karachi
2025-09-20 17:00:00,25.7,88.7,28.4,73,14.2,karachi
2025-09-20 18:00:00,25.7,85.9,28.0,76,13.0,karachi
2025-09-20 19:00:00,27.0,72.6,27.2,81,10.3,karachi
2025-09-20 20:00:00,28.5,71.5,26.9,84,9.4,karachi
2025-09-20 21:00:00,29.1,71.2,26.7,84,9.7,karachi
2025-09-20 22:00:00,29.5,70.8,26.5,84,9.7,karachi
2025-09-20 23:00:00,29.8,70.3,26.4,84,9.4,karachi
2025-09-21 00:00:00,29.2,69.6,26.1,85,9.4,karachi
2025-09-21 01:00:00,27.4,68.0,26.0,85,7.8,karachi
2025-09-21 02:00:00,25.6,67.1,25.8,85,8.9,karachi
2025-09-21 03:00:00,24.1,65.2,25.6,86,8.8,karachi
2025-09-21 04:00:00,22.9,64.5,25.5,87,9.2,karachi
2025-09-21 05:00:00,19.8,52.2,25.3,88,9.4,karachi
2025-09-21 06:00:00,20.3,54.9,26.0,87,9.9,karachi
2025-09-21 07:00:00,22.4,61.2,26.0,87,8.6,karachi
2025-09-21 08:00:00,23.5,69.8,27.0,81,9.2,karachi
2025-09-21 09:00:00,24.9,87.1,28.2,73,11.4,karachi
2025-09-21 10:00:00,25.7,90.1,29.2,68,13.2,karachi
2025-09-21 11:00:00,26.5,91.7,30.0,63,14.3,karachi
2025-09-21 12:00:00,26.2,89.6,30.0,63,15.7,karachi
2025-09-21 13:00:00,26.3,88.7,29.5,64,15.2,karachi
2025-09-21 14:00:00,24.6,81.3,30.1,61,15.6,karachi
2025-09-21 15:00:00,23.5,78.0,30.0,60,15.9,karachi
2025-09-21 16:00:00,23.5,78.2,29.6,61,16.5,karachi
2025-09-21 17:00:00,21.8,73.6,28.5,68,16.6,karachi
2025-09-21 18:00:00,21.4,68.7,27.8,72,15.5,karachi
2025-09-21 19:00:00,23.1,58.9,27.3,76,13.7,karachi
2025-09-21 20:00:00,24.5,57.7,27.0,79,11.0,karachi
2025-09-21 21:00:00,24.8,56.8,26.7,80,10.1,karachi
2025-09-21 22:00:00,24.9,55.8,26.5,80,10.8,karachi
2025-09-21 23:00:00,24.5,54.2,26.4,81,11.2,karachi
2025-09-22 00:00:00,23.2,52.2,26.2,82,10.6,karachi
2025-09-22 01:00:00,21.2,49.0,26.1,82,10.0,karachi
2025-09-22 02:00:00,19.6,46.4,25.9,83,10.6,karachi
2025-09-22 03:00:00,18.6,44.5,25.9,83,10.9,karachi
2025-09-22 04:00:00,17.9,43.0,25.8,84,10.3,karachi
2025-09-22 05:00:00,17.6,43.5,25.6,85,10.5,karachi
2025-09-22 06:00:00,18.0,45.2,26.6,81,11.6,karachi
2025-09-22 07:00:00,19.6,47.5,26.8,80,11.2,karachi
2025-09-22 08:00:00,20.5,49.2,27.6,74,14.4,karachi
2025-09-22 09:00:00,21.0,57.4,28.5,70,14.8,karachi
2025-09-22 10:00:00,22.1,62.6,29.4,65,14.5,karachi
2025-09-22 11:00:00,23.1,65.4,29.8,62,16.0,karachi
2025-09-22 12:00:00,23.2,65.0,29.9,63,15.8,karachi
2025-09-22 13:00:00,23.3,64.5,30.1,62,15.7,karachi
2025-09-22 14:00:00,23.0,62.4,29.8,65,16.4,karachi
2025-09-22 15:00:00,22.8,61.0,28.9,69,16.5,karachi
2025-09-22 16:00:00,21.9,57.5,29.0,69,16.1,karachi
2025-09-22 17:00:00,19.6,52.2,28.6,69,16.1,karachi
2025-09-22 18:00:00,18.0,43.7,28.5,73,16.3,karachi
2025-09-22 19:00:00,17.6,35.0,27.9,76,13.8,karachi
2025-09-22 20:00:00,17.8,33.4,27.5,78,13.8,karachi
2025-09-22 21:00:00,17.6,32.5,27.2,80,14.5,karachi
2025-09-22 22:00:00,17.1,31.4,27.0,83,13.4,karachi
2025-09-22 23:00:00,16.4,30.6,27.0,82,13.1,karachi
2025-09-23 00:00:00,15.4,29.3,26.8,83,12.3,karachi
2025-09-23 01:00:00,14.3,28.0,26.6,84,11.7,karachi
2025-09-23 02:00:00,13.5,26.7,26.5,85,13.0,karachi
2025-09-23 03:00:00,12.9,25.6,26.2,88,13.0,karachi
2025-09-23 04:00:00,12.4,24.7,26.1,89,12.5,karachi
2025-09-23 05:00:00,12.6,25.3,26.1,89,12.4,karachi
2025-09-23 06:00:00,13.1,25.8,26.5,85,11.0,karachi
2025-09-23 07:00:00,15.3,28.3,26.5,85,11.0,karachi
2025-09-23 08:00:00,16.7,35.5,27.5,79,13.6,karachi
2025-09-23 09:00:00,17.8,43.3,28.6,72,15.1,karachi
2025-09-23 10:00:00,19.5,49.5,29.3,67,16.8,karachi
2025-09-23 11:00:00,20.8,52.2,29.0,69,17.0,karachi
2025-09-23 12:00:00,20.5,51.3,29.3,69,17.9,karachi
2025-09-23 13:00:00,20.7,51.7,29.2,70,18.4,karachi
2025-09-23 14:00:00,20.4,49.5,28.6,74,18.5,karachi
2025-09-23 15:00:00,19.5,46.8,28.8,72,18.7,karachi
2025-09-23 16:00:00,18.6,43.8,28.4,74,19.7,karachi
2025-09-23 17:00:00,21.1,48.0,28.0,76,17.8,karachi
2025-09-23 18:00:00,20.5,44.1,28.2,74,14.7,karachi
2025-09-23 19:00:00,21.8,39.5,27.9,76,13.9,karachi
2025-09-23 20:00:00,22.8,39.6,27.6,77,14.1,karachi
2025-09-23 21:00:00,22.7,39.0,27.4,78,13.5,karachi
2025-09-23 22:00:00,22.4,39.1,27.1,79,13.1,karachi
2025-09-23 23:00:00,21.5,38.3,27.0,79,13.1,karachi
2025-09-24 00:00:00,20.4,37.4,26.9,80,12.5,karachi
2025-09-24 01:00:00,19.3,36.4,26.5,82,12.9,karachi
2025-09-24 02:00:00,18.3,36.0,26.2,84,12.8,karachi
2025-09-24 03:00:00,17.7,36.1,26.1,85,12.9,karachi
2025-09-24 04:00:00,17.9,37.8,26.2,84,12.6,karachi
2025-09-24 05:00:00,19.0,43.2,26.2,85,12.8,karachi
2025-09-24 06:00:00,19.2,43.3,27.4,80,12.0,karachi
2025-09-24 07:00:00,21.1,45.8,27.4,80,12.2,karachi
2025-09-24 08:00:00,22.2,43.5,27.8,77,14.3,karachi
2025-09-24 09:00:00,21.9,54.5,28.1,75,15.6,karachi
2025-09-24 10:00:00,22.1,58.6,28.4,74,15.8,karachi
2025-09-24 11:00:00,22.9,60.8,28.6,75,16.5,karachi
2025-09-24 12:00:00,25.0,68.7,28.9,74,17.3,karachi
2025-09-24 13:00:00,28.9,82.2,28.5,76,17.7,karachi
2025-09-24 14:00:00,20.8,53.3,28.5,76,17.4,karachi
2025-09-24 15:00:00,20.2,53.4,28.9,74,17.1,karachi
2025-09-24 16:00:00,20.8,56.3,28.4,77,16.5,karachi
2025-09-24 17:00:00,23.7,67.5,27.9,80,15.1,karachi
2025-09-24 18:00:00,23.1,61.2,28.1,82,15.5,karachi
2025-09-24 19:00:00,23.9,51.2,27.5,85,13.0,karachi
2025-09-24 20:00:00,24.6,49.6,27.4,84,10.9,karachi
2025-09-24 21:00:00,24.7,48.9,27.3,83,10.1,karachi
2025-09-24 22:00:00,24.6,48.2,27.0,85,10.3,karachi
2025-09-24 23:00:00,24.2,48.1,26.8,86,9.7,karachi
2025-09-25 00:00:00,23.2,47.3,26.5,87,9.3,karachi
2025-09-25 01:00:00,22.2,46.8,26.2,89,8.8,karachi
2025-09-25 02:00:00,21.5,46.3,25.9,90,8.4,karachi
2025-09-25 03:00:00,21.1,46.2,25.7,92,7.2,karachi
2025-09-25 04:00:00,20.8,46.0,25.5,93,6.7,karachi
2025-09-25 05:00:00,19.8,42.1,25.5,93,6.3,karachi
2025-09-25 06:00:00,20.2,42.1,26.0,93,6.9,karachi
2025-09-25 07:00:00,23.0,46.4,26.1,93,7.6,karachi
2025-09-25 08:00:00,24.8,56.9,27.0,87,8.1,karachi
2025-09-25 09:00:00,24.4,60.5,28.5,76,8.8,karachi
2025-09-25 10:00:00,24.3,63.6,29.5,71,10.7,karachi
2025-09-25 11:00:00,25.2,64.0,29.8,70,11.8,karachi
2025-09-25 12:00:00,25.9,66.1,29.7,71,12.2,karachi
2025-09-25 13:00:00,25.6,64.7,29.7,72,13.5,karachi
2025-09-25 14:00:00,25.9,65.2,29.5,73,13.5,karachi
2025-09-25 15:00:00,24.6,62.6,29.6,72,12.9,karachi
2025-09-25 16:00:00,23.3,59.3,29.1,74,13.4,karachi
2025-09-25 17:00:00,28.6,73.3,28.8,75,12.0,karachi
2025-09-25 18:00:00,28.1,69.2,28.6,75,10.1,karachi
2025-09-25 19:00:00,29.2,60.3,27.9,79,8.7,karachi
2025-09-25 20:00:00,30.4,59.1,27.5,82,7.5,karachi
2025-09-25 21:00:00,31.3,58.3,27.2,84,6.8,karachi
2025-09-25 22:00:00,32.0,58.3,27.0,86,6.1,karachi
2025-09-25 23:00:00,33.1,59.0,26.5,87,6.7,karachi
2025-09-26 00:00:00,33.2,58.0,26.2,89,6.0,karachi
2025-09-26 01:00:00,31.7,56.2,26.0,90,5.2,karachi
2025-09-26 02:00:00,30.2,54.6,25.6,92,5.1,karachi
2025-09-26 03:00:00,29.0,53.6,25.4,93,4.9,karachi
2025-09-26 04:00:00,28.4,53.0,25.2,93,4.0,karachi
2025-09-26 05:00:00,27.6,52.9,25.0,94,3.8,karachi
2025-09-26 06:00:00,28.6,57.7,25.9,91,5.0,karachi
2025-09-26 07:00:00,31.0,60.5,26.0,89,5.4,karachi
2025-09-26 08:00:00,31.0,65.7,27.3,81,6.7,karachi
2025-09-26 09:00:00,32.2,79.6,28.8,72,7.7,karachi
2025-09-26 10:00:00,30.3,73.1,30.1,63,6.1,karachi
2025-09-26 11:00:00,30.4,71.0,31.1,57,7.6,karachi
2025-09-26 12:00:00,31.1,69.8,31.6,56,10.8,karachi
2025-09-26 13:00:00,32.2,69.4,31.9,57,12.0,karachi
2025-09-26 14:00:00,33.1,68.9,31.7,58,12.7,karachi
2025-09-26 15:00:00,33.6,69.4,31.0,62,13.3,karachi
2025-09-26 16:00:00,32.2,66.1,30.2,62,12.5,karachi
2025-09-26 17:00:00,27.4,53.7,29.4,65,11.2,karachi
2025-09-26 18:00:00,25.8,50.1,28.2,73,9.2,karachi
2025-09-26 19:00:00,27.0,45.8,27.5,78,8.5,karachi
2025-09-26 20:00:00,26.8,44.6,27.1,80,8.0,karachi
2025-09-26 21:00:00,27.0,43.4,26.9,83,7.4,karachi
2025-09-26 22:00:00,27.8,43.2,26.5,85,6.5,karachi
2025-09-26 23:00:00,28.9,43.4,26.1,87,7.1,karachi
2025-09-27 00:00:00,28.4,42.0,25.7,90,8.7,karachi
2025-09-27 01:00:00,25.1,38.5,25.5,90,9.6,karachi
2025-09-27 02:00:00,21.6,34.9,25.4,91,9.8,karachi
2025-09-27 03:00:00,19.2,32.8,25.1,93,9.0,karachi
2025-09-27 04:00:00,17.9,32.0,25.0,94,8.3,karachi
2025-09-27 05:00:00,17.8,33.1,24.8,95,8.3,karachi
2025-09-27 06:00:00,18.3,33.9,25.4,96,6.5,karachi
2025-09-27 07:00:00,22.6,38.1,25.4,96,6.4,karachi
2025-09-27 08:00:00,24.9,44.4,26.5,89,8.0,karachi
2025-09-27 09:00:00,24.7,46.8,28.4,77,6.4,karachi
2025-09-27 10:00:00,22.9,42.6,30.5,64,6.9,karachi
2025-09-27 11:00:00,21.4,37.8,32.2,54,8.4,karachi
2025-09-27 12:00:00,19.8,32.6,33.2,49,9.6,karachi
2025-09-27 13:00:00,21.4,33.3,33.8,45,10.9,karachi
2025-09-27 14:00:00,22.2,33.6,33.8,46,12.3,karachi
2025-09-27 15:00:00,22.5,34.0,33.1,50,13.2,karachi
2025-09-27 16:00:00,21.7,33.1,32.0,56,12.9,karachi
2025-09-27 17:00:00,21.4,31.8,30.5,65,11.9,karachi
2025-09-27 18:00:00,21.8,32.4,29.0,76,9.6,karachi
2025-09-27 19:00:00,23.9,33.4,27.8,84,8.5,karachi
2025-09-27 20:00:00,23.7,33.5,27.2,88,8.5,karachi
2025-09-27 21:00:00,23.6,33.5,26.9,92,8.2,karachi
2025-09-27 22:00:00,24.1,33.6,26.8,92,8.7,karachi
2025-09-27 23:00:00,24.0,33.3,26.5,93,10.3,karachi
2025-09-28 00:00:00,21.9,31.1,26.1,95,11.8,karachi
2025-09-28 01:00:00,19.2,28.3,26.0,94,10.7,karachi
2025-09-28 02:00:00,17.3,26.7,25.8,95,10.4,karachi
2025-09-28 03:00:00,16.3,25.4,25.6,96,10.0,karachi
2025-09-28 04:00:00,15.8,24.9,25.5,96,10.3,karachi
2025-09-28 05:00:00,16.3,25.1,25.5,95,10.9,karachi
2025-09-28 06:00:00,17.1,26.0,26.4,93,9.2,karachi
2025-09-28 07:00:00,20.5,29.6,26.7,91,10.4,karachi
2025-09-28 08:00:00,21.8,32.6,27.9,83,12.7,karachi
2025-09-28 09:00:00,22.4,34.5,29.5,75,10.7,karachi
2025-09-28 10:00:00,22.6,35.3,31.1,68,10.5,karachi
2025-09-28 11:00:00,23.1,36.1,32.5,62,11.3,karachi
2025-09-28 12:00:00,25.0,37.8,33.5,59,11.7,karachi
2025-09-28 13:00:00,26.5,39.8,33.9,58,12.5,karachi
2025-09-28 14:00:00,26.8,40.6,33.8,58,13.6,karachi
2025-09-28 15:00:00,26.9,41.8,33.0,61,15.0,karachi
2025-09-28 16:00:00,26.3,44.1,32.0,65,14.4,karachi
2025-09-28 17:00:00,29.9,54.1,30.7,71,13.1,karachi
2025-09-28 18:00:00,31.9,59.1,29.5,79,10.6,karachi
2025-09-28 19:00:00,33.2,66.6,28.4,85,8.5,karachi
2025-09-28 20:00:00,33.9,75.9,28.0,87,8.9,karachi
2025-09-28 21:00:00,34.6,76.4,27.6,89,10.1,karachi
2025-09-28 22:00:00,34.5,72.4,27.4,92,13.3,karachi
2025-09-28 23:00:00,32.7,68.0,27.2,93,15.7,karachi
2025-09-29 00:00:00,29.6,62.4,26.8,95,16.5,karachi
2025-09-29 01:00:00,27.2,60.1,26.9,93,13.6,karachi
2025-09-29 02:00:00,26.7,61.0,26.6,93,13.0,karachi
2025-09-29 03:00:00,26.8,62.2,26.4,94,11.3,karachi
2025-09-29 04:00:00,26.8,61.5,26.2,95,11.7,karachi
2025-09-29 05:00:00,25.7,58.3,25.9,97,10.4,karachi
2025-09-29 06:00:00,25.8,55.1,26.0,99,10.1,karachi
2025-09-29 07:00:00,28.2,52.7,26.0,97,9.3,karachi
2025-09-29 08:00:00,31.7,49.8,27.4,87,8.5,karachi
2025-09-29 09:00:00,30.7,44.4,30.2,71,8.6,karachi
2025-09-29 10:00:00,29.4,37.8,33.9,51,9.3,karachi
2025-09-29 11:00:00,27.5,34.0,37.0,37,9.8,karachi
2025-09-29 12:00:00,24.8,32.2,39.3,24,11.7,karachi
2025-09-29 13:00:00,22.1,28.8,40.2,22,12.2,karachi
2025-09-29 14:00:00,20.4,25.8,40.2,22,9.5,karachi
2025-09-29 15:00:00,20.1,24.4,39.5,24,5.9,karachi
2025-09-29 16:00:00,23.2,28.8,38.6,24,0.8,karachi
2025-09-29 17:00:00,25.3,29.6,37.7,29,3.7,karachi
2025-09-29 18:00:00,36.8,39.7,36.4,31,3.6,karachi
2025-09-29 19:00:00,47.3,51.6,35.3,34,4.2,karachi
2025-09-29 20:00:00,52.0,56.5,34.8,35,11.8,karachi
2025-09-29 21:00:00,52.2,56.6,34.2,38,11.5,karachi
2025-09-29 22:00:00,53.3,58.8,32.7,46,10.8,karachi
2025-09-29 23:00:00,51.5,56.5,31.2,59,9.9,karachi
2025-09-30 00:00:00,39.2,44.4,30.2,67,3.3,karachi
2025-09-30 01:00:00,36.9,43.0,29.3,75,3.1,karachi
2025-09-30 02:00:00,37.1,43.1,28.9,77,3.9,karachi
2025-09-30 03:00:00,36.0,40.9,28.7,75,6.2,karachi
2025-09-30 04:00:00,34.9,38.9,28.8,73,6.9,karachi
2025-09-30 05:00:00,42.3,47.6,28.7,71,8.3,karachi
2025-09-30 06:00:00,38.0,43.2,28.3,83,7.2,karachi
2025-09-30 07:00:00,36.3,43.2,28.5,79,6.8,karachi
2025-09-30 08:00:00,36.3,47.6,30.0,67,4.3,karachi
2025-09-30 09:00:00,30.5,67.1,32.5,54,4.2,karachi
2025-09-30 10:00:00,31.8,96.2,34.2,50,6.4,karachi
2025-09-30 11:00:00,29.2,87.8,32.3,63,12.2,karachi
2025-09-30 12:00:00,22.7,59.8,34.3,55,9.2,karachi
2025-09-30 13:00:00,18.9,40.5,35.5,52,11.5,karachi
2025-09-30 14:00:00,16.4,28.1,35.6,50,7.8,karachi
2025-09-30 15:00:00,15.5,21.5,32.3,62,2.5,karachi
2025-09-30 16:00:00,16.1,17.6,30.0,80,12.2,karachi
2025-09-30 17:00:00,25.9,26.3,29.0,82,3.3,karachi
2025-09-30 18:00:00,25.9,26.1,29.5,82,4.7,karachi
2025-09-30 19:00:00,30.4,30.5,29.5,78,8.8,karachi
2025-09-30 20:00:00,32.4,32.5,29.2,76,11.3,karachi
2025-09-30 21:00:00,32.0,32.1,28.9,76,12.0,karachi
2025-09-30 22:00:00,30.5,30.6,28.5,77,11.6,karachi
2025-09-30 23:00:00,28.7,28.8,28.2,78,11.0,karachi
2025-10-01 00:00:00,26.9,27.0,27.9,80,9.4,karachi
2025-10-01 01:00:00,24.8,24.9,27.6,82,7.2,karachi
2025-10-01 02:00:00,23.1,23.2,27.2,85,8.3,karachi
2025-10-01 03:00:00,22.1,22.2,27.1,86,8.4,karachi
2025-10-01 04:00:00,21.7,21.7,27.0,87,8.4,karachi
2025-10-01 05:00:00,18.8,18.9,26.8,87,8.8,karachi
2025-10-01 06:00:00,19.3,19.4,26.6,87,8.3,karachi
2025-10-01 07:00:00,22.2,22.4,26.8,87,8.7,karachi
2025-10-01 08:00:00,22.2,22.3,27.8,83,7.7,karachi
2025-10-01 09:00:00,14.8,15.0,29.3,74,9.9,karachi
2025-10-01 10:00:00,11.7,12.5,30.8,66,11.3,karachi
2025-10-01 11:00:00,11.0,12.9,31.5,61,13.7,karachi
2025-10-01 12:00:00,10.4,12.5,32.0,59,13.3,karachi
2025-10-01 13:00:00,9.7,11.5,32.9,54,13.5,karachi
2025-10-01 14:00:00,9.2,10.6,33.2,54,13.3,karachi
2025-10-01 15:00:00,8.7,9.9,33.5,53,13.0,karachi
2025-10-01 16:00:00,8.2,9.2,33.4,52,13.2,karachi
2025-10-01 17:00:00,14.5,17.3,33.5,51,12.7,karachi
2025-10-01 18:00:00,17.0,19.0,32.7,55,10.1,karachi
2025-10-01 19:00:00,17.6,19.4,31.3,63,6.9,karachi
2025-10-01 20:00:00,17.1,18.7,30.5,67,7.2,karachi
2025-10-01 21:00:00,16.2,17.8,29.9,69,8.8,karachi
2025-10-01 22:00:00,15.4,16.7,29.0,73,7.2,karachi
2025-10-01 23:00:00,14.2,15.4,28.8,75,7.2,karachi
2025-10-02 00:00:00,12.6,13.9,28.7,76,4.5,karachi
2025-10-02 01:00:00,11.3,12.9,28.1,79,6.3,karachi
2025-10-02 02:00:00,11.0,13.0,27.8,80,7.8,karachi
2025-10-02 03:00:00,11.4,13.4,27.5,81,7.4,karachi
2025-10-02 04:00:00,11.5,13.4,27.2,81,7.8,karachi
2025-10-02 05:00:00,12.6,14.3,27.3,79,7.9,karachi
2025-10-02 06:00:00,13.3,15.2,27.4,79,7.9,karachi
2025-10-02 07:00:00,16.4,18.5,27.5,79,8.3,karachi
2025-10-02 08:00:00,18.4,21.5,28.4,75,7.9,karachi
2025-10-02 09:00:00,15.1,21.7,30.0,68,9.8,karachi
2025-10-02 10:00:00,13.1,19.3,31.6,59,11.6,karachi
2025-10-02 11:00:00,12.1,17.4,32.9,53,13.8,karachi
2025-10-02 12:00:00,11.2,15.9,33.4,50,14.9,karachi
2025-10-02 13:00:00,10.3,14.8,33.7,49,16.0,karachi
2025-10-02 14:00:00,9.5,14.1,33.6,48,15.6,karachi
2025-10-02 15:00:00,8.7,13.2,34.0,47,15.1,karachi
2025-10-02 16:00:00,8.4,12.6,34.0,46,16.0,karachi
2025-10-02 17:00:00,10.6,15.9,32.9,51,16.1,karachi
2025-10-02 18:00:00,11.5,15.5,31.0,61,13.0,karachi
2025-10-02 19:00:00,13.4,16.1,30.4,64,12.8,karachi
2025-10-02 20:00:00,12.7,14.8,30.0,68,11.1,karachi
2025-10-02 21:00:00,11.6,13.3,29.5,71,11.2,karachi
2025-10-02 22:00:00,10.7,12.1,29.0,74,11.7,karachi
2025-10-02 23:00:00,9.8,10.9,28.8,76,11.2,karachi
2025-10-03 00:00:00,8.6,9.4,28.5,75,10.4,karachi
2025-10-03 01:00:00,7.5,8.1,28.2,76,9.4,karachi
2025-10-03 02:00:00,7.1,7.8,27.9,78,8.9,karachi
2025-10-03 03:00:00,7.0,7.6,27.5,79,8.3,karachi
2025-10-03 04:00:00,7.1,7.8,27.4,80,8.7,karachi
2025-10-03 05:00:00,7.0,8.0,27.5,81,8.9,karachi
2025-10-03 06:00:00,7.1,8.2,27.4,80,10.3,karachi
2025-10-03 07:00:00,8.3,9.8,27.5,78,11.3,karachi
2025-10-03 08:00:00,9.1,12.5,28.2,75,12.3,karachi
2025-10-03 09:00:00,9.7,14.0,29.5,70,13.5,karachi
2025-10-03 10:00:00,9.3,14.8,29.9,68,15.2,karachi
2025-10-03 11:00:00,9.0,14.5,31.0,60,16.7,karachi
2025-10-03 12:00:00,8.7,13.9,30.9,62,15.0,karachi
2025-10-03 13:00:00,8.0,12.7,31.5,59,17.7,karachi
2025-10-03 14:00:00,7.5,11.6,31.2,60,17.6,karachi
2025-10-03 15:00:00,7.7,11.1,30.6,64,18.7,karachi
2025-10-03 16:00:00,8.1,11.2,28.9,74,15.5,karachi
2025-10-03 17:00:00,11.2,17.4,29.5,67,14.8,karachi
2025-10-03 18:00:00,12.5,17.7,28.9,74,11.8,karachi
2025-10-03 19:00:00,12.7,17.8,28.0,80,11.2,karachi
2025-10-03 20:00:00,12.5,17.6,28.0,81,11.6,karachi
2025-10-03 21:00:00,12.4,17.4,27.7,83,13.3,karachi
2025-10-03 22:00:00,12.4,17.3,27.4,85,13.2,karachi
2025-10-03 23:00:00,12.7,17.5,26.8,92,12.5,karachi
2025-10-04 00:00:00,12.3,16.9,26.2,94,12.9,karachi
2025-10-04 01:00:00,11.7,16.2,26.0,94,13.5,karachi
2025-10-04 02:00:00,11.3,15.7,25.8,93,12.8,karachi
2025-10-04 03:00:00,11.1,15.4,25.8,92,13.4,karachi
2025-10-04 04:00:00,10.9,15.4,25.6,91,11.1,karachi
2025-10-04 05:00:00,9.3,12.0,25.5,93,10.5,karachi
2025-10-04 06:00:00,9.9,12.5,25.7,91,10.3,karachi
2025-10-04 07:00:00,12.4,15.3,25.9,89,9.5,karachi
2025-10-04 08:00:00,13.6,19.1,26.8,85,8.7,karachi
2025-10-04 09:00:00,14.6,23.2,28.2,76,10.8,karachi
2025-10-04 10:00:00,14.6,25.6,29.5,71,11.4,karachi
2025-10-04 11:00:00,14.9,26.6,30.0,67,10.6,karachi
2025-10-04 12:00:00,15.0,26.8,31.0,62,10.4,karachi
2025-10-04 13:00:00,13.9,24.6,31.4,60,11.8,karachi
2025-10-04 14:00:00,13.0,22.4,31.1,62,10.4,karachi
2025-10-04 15:00:00,12.0,20.1,31.1,63,9.7,karachi
2025-10-04 16:00:00,11.8,18.9,30.1,71,9.0,karachi
2025-10-04 17:00:00,12.1,18.7,29.1,78,15.1,karachi
2025-10-04 18:00:00,14.6,19.6,28.5,81,14.4,karachi
2025-10-04 19:00:00,17.7,22.1,28.0,85,13.8,karachi
2025-10-04 20:00:00,18.1,22.5,27.9,85,14.0,karachi
2025-10-04 21:00:00,17.8,22.4,27.6,87,13.3,karachi
2025-10-04 22:00:00,17.1,21.8,27.4,88,11.0,karachi
2025-10-04 23:00:00,16.3,21.1,27.1,89,9.9,karachi
2025-10-05 00:00:00,14.9,19.5,27.0,90,11.1,karachi
2025-10-05 01:00:00,13.0,17.3,27.0,88,12.2,karachi
2025-10-05 02:00:00,11.6,15.8,27.1,87,9.5,karachi
2025-10-05 03:00:00,11.2,15.4,27.0,89,7.5,karachi
2025-10-05 04:00:00,11.5,15.5,26.8,90,5.2,karachi
2025-10-05 05:00:00,12.4,16.5,26.5,94,5.7,karachi
2025-10-05 06:00:00,13.8,18.3,26.7,93,6.4,karachi
2025-10-05 07:00:00,18.3,23.5,27.0,90,7.2,karachi
2025-10-05 08:00:00,18.2,25.0,28.1,82,9.7,karachi
2025-10-05 09:00:00,17.1,24.6,29.1,76,10.7,karachi
2025-10-05 10:00:00,16.6,24.1,30.0,70,11.1,karachi
2025-10-05 11:00:00,16.9,24.4,31.1,63,12.6,karachi
2025-10-05 12:00:00,15.5,22.5,31.4,62,14.2,karachi
2025-10-05 13:00:00,14.6,21.5,31.0,61,17.3,karachi
2025-10-05 14:00:00,14.0,21.1,30.4,65,17.6,karachi
2025-10-05 15:00:00,14.0,21.8,30.1,69,16.8,karachi
2025-10-05 16:00:00,13.4,21.4,29.8,70,15.6,karachi
2025-10-05 17:00:00,11.5,18.2,29.6,70,14.7,karachi
2025-10-05 18:00:00,12.3,19.6,28.8,75,14.2,karachi
2025-10-05 19:00:00,15.1,22.0,28.4,78,13.9,karachi
2025-10-05 20:00:00,15.8,23.5,28.1,79,15.8,karachi
2025-10-05 21:00:00,15.7,23.9,28.0,80,18.1,karachi
2025-10-05 22:00:00,15.4,24.6,27.8,81,16.3,karachi
2025-10-05 23:00:00,15.5,25.7,27.8,82,16.5,karachi
2025-10-06 00:00:00,15.7,27.0,27.6,82,16.5,karachi
2025-10-06 01:00:00,15.5,27.5,27.8,81,16.7,karachi
2025-10-06 02:00:00,15.6,28.0,27.6,82,17.2,karachi
2025-10-06 03:00:00,15.7,28.0,27.4,83,17.0,karachi
2025-10-06 04:00:00,15.7,27.8,27.1,84,17.1,karachi
2025-10-06 05:00:00,16.1,27.0,27.2,81,19.0,karachi
2025-10-06 06:00:00,16.3,28.2,27.5,81,19.6,karachi
2025-10-06 07:00:00,18.6,37.6,27.5,80,18.9,karachi
2025-10-06 08:00:00,23.2,64.5,28.5,73,21.6,karachi
2025-10-06 09:00:00,30.5,125.3,29.4,67,21.9,karachi
2025-10-06 10:00:00,39.0,184.9,30.2,61,20.9,karachi
2025-10-06 11:00:00,45.4,223.1,31.0,56,20.6,karachi
2025-10-06 12:00:00,49.9,243.1,31.2,54,21.3,karachi
2025-10-06 13:00:00,51.6,244.0,31.6,51,21.6,karachi
2025-10-06 14:00:00,51.5,231.0,31.8,48,21.9,karachi
2025-10-06 15:00:00,49.9,209.5,31.5,47,20.7,karachi
2025-10-06 16:00:00,49.5,193.7,31.0,51,21.1,karachi
2025-10-06 17:00:00,56.6,209.1,29.8,58,21.0,karachi
2025-10-06 18:00:00,56.5,185.8,28.8,60,19.0,karachi
2025-10-06 19:00:00,51.3,164.4,28.2,68,17.6,karachi
2025-10-06 20:00:00,42.1,132.7,27.9,71,17.0,karachi
2025-10-06 21:00:00,32.8,98.5,27.9,65,17.2,karachi
2025-10-06 22:00:00,25.7,70.8,27.5,68,16.5,karachi
2025-10-06 23:00:00,21.2,52.9,27.2,83,18.2,karachi
2025-10-07 00:00:00,18.5,42.7,27.5,81,17.3,karachi
2025-10-07 01:00:00,16.9,39.2,27.2,81,17.3,karachi
2025-10-07 02:00:00,16.5,40.7,27.0,82,17.8,karachi
2025-10-07 03:00:00,16.8,45.1,27.0,82,17.3,karachi
2025-10-07 04:00:00,18.0,52.4,26.9,82,16.6,karachi
2025-10-07 05:00:00,18.9,61.5,26.7,82,15.8,karachi
2025-10-07 06:00:00,20.5,64.0,26.6,82,13.4,karachi
2025-10-07 07:00:00,25.5,76.8,26.3,82,10.4,karachi
2025-10-07 08:00:00,31.5,104.5,27.2,76,7.8,karachi
2025-10-07 09:00:00,36.4,166.7,28.9,61,9.7,karachi
2025-10-07 10:00:00,43.8,225.4,30.2,52,10.5,karachi
2025-10-07 11:00:00,49.0,253.3,31.8,34,3.9,karachi
2025-10-07 12:00:00,52.2,261.7,32.4,32,5.1,karachi
2025-10-07 13:00:00,53.3,262.6,32.6,35,9.0,karachi
2025-10-07 14:00:00,53.4,260.8,32.3,40,12.5,karachi
2025-10-07 15:00:00,52.7,258.9,32.3,37,12.3,karachi
2025-10-07 16:00:00,51.3,254.3,32.0,32,12.5,karachi
2025-10-07 17:00:00,51.3,245.9,30.5,44,12.7,karachi
2025-10-07 18:00:00,46.2,188.6,29.3,52,10.3,karachi
2025-10-07 19:00:00,44.1,161.1,28.3,60,9.1,karachi
2025-10-07 20:00:00,42.3,142.5,27.7,65,8.5,karachi
2025-10-07 21:00:00,41.0,129.5,27.2,68,7.6,karachi
2025-10-07 22:00:00,40.5,121.1,26.7,73,6.9,karachi
2025-10-07 23:00:00,41.0,114.8,26.4,65,7.5,karachi
2025-10-08 00:00:00,42.1,115.9,26.5,69,9.8,karachi
2025-10-08 01:00:00,42.5,118.0,26.1,79,10.4,karachi
2025-10-08 02:00:00,41.6,116.9,25.8,85,8.1,karachi
2025-10-08 03:00:00,40.7,114.8,25.2,88,5.6,karachi
2025-10-08 04:00:00,39.8,111.1,24.5,91,4.5,karachi
2025-10-08 05:00:00,37.0,109.0,24.0,90,2.9,karachi
2025-10-08 06:00:00,39.7,109.9,24.0,88,4.1,karachi
2025-10-08 07:00:00,50.4,119.2,23.8,87,4.6,karachi
2025-10-08 08:00:00,46.9,104.8,25.2,78,4.1,karachi
2025-10-08 09:00:00,32.6,109.4,27.3,70,2.7,karachi
2025-10-08 10:00:00,33.2,126.7,29.0,59,3.2,karachi
2025-10-08 11:00:00,36.2,142.5,31.0,43,1.9,karachi
2025-10-08 12:00:00,39.9,149.9,32.0,36,4.5,karachi
2025-10-08 13:00:00,41.9,150.4,32.0,40,8.6,karachi
2025-10-08 14:00:00,43.5,146.2,32.1,40,10.9,karachi
2025-10-08 15:00:00,44.0,141.1,30.8,50,13.4,karachi
2025-10-08 16:00:00,43.2,133.2,29.9,56,12.4,karachi
2025-10-08 17:00:00,47.6,145.3,29.9,52,9.0,karachi
2025-10-08 18:00:00,45.5,118.0,28.9,59,8.2,karachi
2025-10-08 19:00:00,42.7,101.7,27.9,67,7.1,karachi
2025-10-08 20:00:00,39.6,93.4,27.2,70,5.6,karachi
2025-10-08 21:00:00,39.2,90.8,26.7,75,4.3,karachi
2025-10-08 22:00:00,41.9,93.4,26.3,77,4.0,karachi
2025-10-08 23:00:00,46.7,103.1,25.4,83,4.8,karachi
2025-10-09 00:00:00,49.7,109.7,25.0,86,6.7,karachi
2025-10-09 01:00:00,49.6,112.5,24.5,89,6.9,karachi
2025-10-09 02:00:00,49.0,114.1,24.5,91,5.8,karachi
2025-10-09 03:00:00,45.2,102.9,24.4,92,5.8,karachi
2025-10-09 04:00:00,38.9,92.4,24.0,94,5.2,karachi
2025-10-09 05:00:00,31.1,78.9,23.7,93,5.2,karachi
2025-10-09 06:00:00,30.9,79.4,23.9,91,5.2,karachi
2025-10-09 07:00:00,35.3,87.3,23.8,90,6.2,karachi
2025-10-09 08:00:00,38.5,88.2,25.1,81,4.9,karachi
2025-10-09 09:00:00,34.6,105.2,27.3,71,7.3,karachi
2025-10-09 10:00:00,36.7,124.3,29.6,52,6.8,karachi
2025-10-09 11:00:00,41.7,130.4,30.9,39,2.9,karachi
2025-10-09 12:00:00,44.8,127.6,32.0,34,5.0,karachi
2025-10-09 13:00:00,44.9,122.0,32.3,34,9.2,karachi
2025-10-09 14:00:00,43.0,115.3,32.1,35,12.5,karachi
2025-10-09 15:00:00,41.9,111.5,31.2,37,13.5,karachi
2025-10-09 16:00:00,41.8,110.1,30.9,35,11.3,karachi
2025-10-09 17:00:00,41.4,106.6,30.9,35,10.1,karachi
2025-10-09 18:00:00,41.0,92.9,29.0,55,10.3,karachi
2025-10-09 19:00:00,39.6,85.0,28.0,63,8.8,karachi
2025-10-09 20:00:00,37.7,82.0,27.3,68,6.9,karachi
2025-10-09 21:00:00,37.5,79.6,26.8,70,7.1,karachi
2025-10-09 22:00:00,38.5,78.2,26.4,74,7.2,karachi
2025-10-09 23:00:00,39.5,78.2,25.8,80,6.7,karachi
2025-10-10 00:00:00,39.6,79.6,25.9,79,6.9,karachi
2025-10-10 01:00:00,40.3,84.5,25.5,79,7.0,karachi
2025-10-10 02:00:00,41.4,91.3,25.0,79,7.2,karachi
2025-10-10 03:00:00,40.5,90.1,24.6,82,6.8,karachi
2025-10-10 04:00:00,36.6,77.3,24.4,83,6.3,karachi
2025-10-10 05:00:00,32.5,70.3,24.2,88,6.1,karachi
2025-10-10 06:00:00,32.0,69.2,24.2,88,6.0,karachi
2025-10-10 07:00:00,36.2,73.3,24.1,88,5.9,karachi
2025-10-10 08:00:00,38.6,76.1,25.4,82,3.9,karachi
2025-10-10 09:00:00,35.3,89.2,27.5,70,5.5,karachi
2025-10-10 10:00:00,37.5,93.4,29.6,52,4.2,karachi
2025-10-10 11:00:00,39.3,95.5,31.0,42,6.9,karachi
2025-10-10 12:00:00,38.4,91.0,31.6,38,10.1,karachi
2025-10-10 13:00:00,37.5,86.8,31.4,38,11.7,karachi
2025-10-10 14:00:00,37.0,84.3,31.4,37,12.2,karachi
2025-10-10 15:00:00,36.6,82.7,31.0,39,12.5,karachi
2025-10-10 16:00:00,35.7,80.1,30.4,41,12.3,karachi
2025-10-10 17:00:00,43.2,93.8,29.6,44,10.9,karachi
2025-10-10 18:00:00,43.3,81.3,28.5,55,9.8,karachi
2025-10-10 19:00:00,42.5,76.4,27.5,63,8.5,karachi
2025-10-10 20:00:00,41.3,74.7,27.0,67,7.8,karachi
2025-10-10 21:00:00,41.2,73.1,26.5,70,6.9,karachi
2025-10-10 22:00:00,42.1,72.4,26.2,71,5.7,karachi
2025-10-10 23:00:00,44.0,74.5,25.9,74,5.5,karachi
2025-10-11 00:00:00,45.2,76.4,25.6,75,6.8,karachi
2025-10-11 01:00:00,45.1,77.1,25.1,77,7.1,karachi
2025-10-11 02:00:00,42.4,71.0,24.6,79,6.7,karachi
2025-10-11 03:00:00,38.6,65.9,24.3,81,5.0,karachi
2025-10-11 04:00:00,35.7,63.1,24.0,82,3.6,karachi
2025-10-11 05:00:00,35.0,63.1,24.0,83,4.2,karachi
2025-10-11 06:00:00,35.6,62.9,23.9,83,4.1,karachi
2025-10-11 07:00:00,43.8,72.2,23.7,85,3.4,karachi
2025-10-11 08:00:00,46.6,74.5,25.2,78,1.2,karachi
2025-10-11 09:00:00,38.8,83.4,27.4,68,1.0,karachi
2025-10-11 10:00:00,39.9,88.0,29.2,56,3.5,karachi
2025-10-11 11:00:00,42.3,88.2,30.5,46,6.4,karachi
2025-10-11 12:00:00,42.7,85.9,31.5,40,8.0,karachi
2025-10-11 13:00:00,41.9,83.6,31.5,39,9.4,karachi
2025-10-11 14:00:00,42.1,83.4,31.2,41,9.3,karachi
2025-10-11 15:00:00,42.4,83.1,31.1,41,9.0,karachi
2025-10-11 16:00:00,42.6,82.7,30.6,43,9.7,karachi
2025-10-11 17:00:00,41.1,77.8,29.5,51,10.9,karachi
2025-10-11 18:00:00,41.6,72.6,28.3,59,9.4,karachi
2025-10-11 19:00:00,42.0,66.8,27.5,64,7.4,karachi
2025-10-11 20:00:00,40.9,64.7,26.9,68,7.2,karachi
2025-10-11 21:00:00,41.1,64.0,26.4,72,6.4,karachi
2025-10-11 22:00:00,42.7,64.3,26.0,75,6.6,karachi
2025-10-11 23:00:00,44.8,65.0,25.4,80,6.7,karachi
2025-10-12 00:00:00,44.5,64.0,25.1,80,6.7,karachi
2025-10-12 01:00:00,42.4,61.2,24.8,82,7.8,karachi
2025-10-12 02:00:00,39.7,58.2,24.5,84,8.6,karachi
2025-10-12 03:00:00,36.8,55.5,24.2,85,7.3,karachi
2025-10-12 04:00:00,33.6,52.7,23.9,86,6.3,karachi
2025-10-12 05:00:00,33.2,52.2,23.5,90,5.6,karachi
2025-10-12 06:00:00,32.0,51.2,23.7,89,5.5,karachi
2025-10-12 07:00:00,35.0,53.9,23.6,88,4.8,karachi
2025-10-12 08:00:00,39.3,57.2,24.9,80,3.7,karachi
2025-10-12 09:00:00,38.8,63.8,27.4,64,4.9,karachi
2025-10-12 10:00:00,39.6,68.7,30.1,42,5.1,karachi
2025-10-12 11:00:00,34.6,60.5,31.5,34,5.8,karachi
2025-10-12 12:00:00,32.8,61.2,32.5,30,6.9,karachi
2025-10-12 13:00:00,32.9,63.6,33.0,28,8.8,karachi
2025-10-12 14:00:00,33.4,63.8,33.1,26,10.6,karachi
2025-10-12 15:00:00,34.0,62.9,33.0,24,11.0,karachi
2025-10-12 16:00:00,34.5,61.7,32.5,23,10.0,karachi
2025-10-12 17:00:00,38.5,66.8,32.0,21,9.3,karachi
2025-10-12 18:00:00,41.2,62.4,30.5,31,8.7,karachi
2025-10-12 19:00:00,43.3,59.8,28.6,47,8.6,karachi
2025-10-12 20:00:00,43.8,60.1,27.6,56,6.8,karachi
2025-10-12 21:00:00,44.7,60.8,26.9,63,7.1,karachi
2025-10-12 22:00:00,45.8,61.5,26.4,65,6.9,karachi
2025-10-12 23:00:00,46.8,62.9,25.7,72,6.3,karachi
2025-10-13 00:00:00,47.6,63.6,25.2,76,7.0,karachi
2025-10-13 01:00:00,46.9,61.0,24.5,82,7.3,karachi
2025-10-13 02:00:00,44.0,56.9,24.2,86,7.6,karachi
2025-10-13 03:00:00,41.2,54.0,24.0,90,7.7,karachi
2025-10-13 04:00:00,38.8,52.0,23.8,90,8.2,karachi
2025-10-13 05:00:00,36.9,50.8,23.5,88,7.4,karachi
2025-10-13 06:00:00,36.0,50.1,23.2,88,6.6,karachi
2025-10-13 07:00:00,38.2,52.4,23.2,87,5.4,karachi
2025-10-13 08:00:00,41.3,54.2,24.8,79,3.6,karachi
2025-10-13 09:00:00,36.8,55.1,27.5,65,5.1,karachi
2025-10-13 10:00:00,33.3,49.5,30.0,47,7.3,karachi
2025-10-13 11:00:00,31.3,47.0,31.6,36,9.7,karachi
2025-10-13 12:00:00,28.9,43.9,32.2,34,10.9,karachi
2025-10-13 13:00:00,28.0,42.1,32.5,32,12.2,karachi
2025-10-13 14:00:00,28.5,42.3,32.3,32,13.0,karachi
2025-10-13 15:00:00,29.2,42.6,32.0,32,12.8,karachi
2025-10-13 16:00:00,29.7,42.7,31.3,34,12.7,karachi
2025-10-13 17:00:00,38.0,54.5,30.8,35,10.8,karachi
2025-10-13 18:00:00,40.0,54.0,29.8,42,8.5,karachi
2025-10-13 19:00:00,42.0,53.8,28.6,53,6.0,karachi
2025-10-13 20:00:00,42.5,54.0,27.7,61,5.1,karachi
2025-10-13 21:00:00,44.1,54.9,27.0,65,4.4,karachi
2025-10-13 22:00:00,46.6,57.0,26.2,70,6.2,karachi
2025-10-13 23:00:00,49.0,59.6,25.4,76,6.4,karachi
2025-10-14 00:00:00,49.9,60.1,25.0,78,7.7,karachi
2025-10-14 01:00:00,47.5,56.8,24.4,80,7.8,karachi
2025-10-14 02:00:00,44.0,53.3,24.2,80,8.0,karachi
2025-10-14 03:00:00,40.5,50.2,24.1,79,8.6,karachi
2025-10-14 04:00:00,37.8,47.4,23.9,81,9.5,karachi
2025-10-14 05:00:00,37.6,47.1,23.5,86,8.9,karachi
2025-10-14 06:00:00,37.1,46.9,23.5,88,8.8,karachi
2025-10-14 07:00:00,40.3,50.4,23.6,88,8.6,karachi
2025-10-14 08:00:00,44.6,54.0,25.1,80,6.2,karachi
2025-10-14 09:00:00,41.6,55.6,27.6,67,7.9,karachi
2025-10-14 10:00:00,35.0,49.1,30.0,49,8.4,karachi
2025-10-14 11:00:00,27.8,38.3,32.0,34,7.5,karachi
2025-10-14 12:00:00,25.0,34.0,33.0,28,5.9,karachi
2025-10-14 13:00:00,25.0,33.2,33.5,27,8.3,karachi
2025-10-14 14:00:00,25.8,33.6,33.4,29,11.5,karachi
2025-10-14 15:00:00,26.5,34.3,32.9,29,13.6,karachi
2025-10-14 16:00:00,26.8,34.6,32.0,30,13.6,karachi
2025-10-14 17:00:00,26.9,34.1,30.9,34,10.6,karachi
2025-10-14 18:00:00,31.2,38.3,29.0,56,10.5,karachi
2025-10-14 19:00:00,34.6,41.1,27.8,67,8.9,karachi
2025-10-14 20:00:00,34.7,41.0,27.1,72,8.4,karachi
2025-10-14 21:00:00,34.5,40.5,26.5,74,7.7,karachi
2025-10-14 22:00:00,34.5,40.4,26.4,70,8.3,karachi
2025-10-14 23:00:00,34.7,40.7,25.8,73,7.9,karachi
2025-10-15 00:00:00,34.3,40.4,25.6,72,8.6,karachi
2025-10-15 01:00:00,33.9,39.5,24.9,77,8.8,karachi
2025-10-15 02:00:00,32.6,37.5,24.5,78,9.2,karachi
2025-10-15 03:00:00,30.6,35.6,24.1,79,8.8,karachi
2025-10-15 04:00:00,29.1,34.3,23.5,84,9.1,karachi
2025-10-15 05:00:00,28.1,33.9,23.6,86,10.0,karachi
2025-10-15 06:00:00,28.2,34.2,23.7,82,9.9,karachi
2025-10-15 07:00:00,30.7,36.9,23.9,76,9.0,karachi
2025-10-15 08:00:00,34.2,39.3,25.3,66,6.7,karachi
2025-10-15 09:00:00,31.0,37.8,28.0,50,7.6,karachi
2025-10-15 10:00:00,26.1,32.0,30.6,33,9.8,karachi
2025-10-15 11:00:00,21.7,26.1,32.4,26,9.0,karachi
2025-10-15 12:00:00,17.7,21.0,33.5,22,5.5,karachi
2025-10-15 13:00:00,17.5,20.3,34.1,20,4.5,karachi
2025-10-15 14:00:00,18.4,21.1,34.2,21,9.3,karachi
2025-10-15 15:00:00,19.6,22.3,33.9,23,13.4,karachi
2025-10-15 16:00:00,20.5,23.3,33.0,25,15.7,karachi
2025-10-15 17:00:00,25.4,28.6,31.2,32,15.7,karachi
2025-10-15 18:00:00,34.3,37.0,29.4,43,11.7,karachi
2025-10-15 19:00:00,38.6,41.6,28.0,55,9.8,karachi
2025-10-15 20:00:00,37.8,41.0,27.2,63,11.3,karachi
2025-10-15 21:00:00,37.8,41.0,26.8,62,9.8,karachi
2025-10-15 22:00:00,38.2,41.1,26.4,61,7.8,karachi
2025-10-15 23:00:00,38.2,41.0,25.7,65,7.8,karachi
2025-10-16 00:00:00,37.0,39.6,25.6,68,7.9,karachi
2025-10-16 01:00:00,34.0,36.3,25.1,74,8.6,karachi
2025-10-16 02:00:00,30.6,32.8,24.7,77,9.7,karachi
2025-10-16 03:00:00,27.6,29.9,24.8,70,10.2,karachi
2025-10-16 04:00:00,25.4,27.6,24.8,60,10.2,karachi
2025-10-16 05:00:00,26.7,28.8,24.4,58,8.8,karachi
2025-10-16 06:00:00,25.8,27.9,24.2,52,8.5,karachi
2025-10-16 07:00:00,28.5,30.6,24.3,46,8.7,karachi
2025-10-16 08:00:00,34.3,36.1,26.0,39,7.1,karachi
2025-10-16 09:00:00,31.0,33.6,28.7,32,5.6,karachi
2025-10-16 10:00:00,25.8,29.7,31.6,27,5.7,karachi
2025-10-16 11:00:00,19.2,23.1,33.8,19,2.4,karachi
2025-10-16 12:00:00,18.4,22.6,34.7,18,6.2,karachi
2025-10-16 13:00:00,19.2,23.7,34.8,20,8.9,karachi
2025-10-16 14:00:00,19.7,24.5,34.7,22,10.7,karachi
2025-10-16 15:00:00,20.1,25.0,34.5,23,11.9,karachi
2025-10-16 16:00:00,20.6,25.4,33.9,24,13.1,karachi
2025-10-16 17:00:00,21.7,25.7,32.8,26,11.7,karachi
2025-10-16 18:00:00,32.6,36.0,31.6,29,9.3,karachi
2025-10-16 19:00:00,38.0,40.9,30.2,35,7.3,karachi
2025-10-16 20:00:00,38.6,41.8,28.7,44,6.9,karachi
2025-10-16 21:00:00,39.9,43.7,27.9,49,7.3,karachi
2025-10-16 22:00:00,41.9,45.9,27.5,52,8.0,karachi
2025-10-16 23:00:00,44.2,48.5,26.6,54,6.8,karachi
2025-10-17 00:00:00,47.1,51.8,26.2,54,6.2,karachi
2025-10-17 01:00:00,47.8,52.6,25.6,57,4.3,karachi
2025-10-17 02:00:00,45.9,50.5,24.9,60,3.6,karachi
2025-10-17 03:00:00,41.7,46.2,24.1,63,6.2,karachi
2025-10-17 04:00:00,36.8,41.2,24.0,60,8.2,karachi
2025-10-17 05:00:00,33.5,38.0,24.5,52,8.7,karachi
2025-10-17 06:00:00,31.7,36.0,24.0,50,8.8,karachi
2025-10-17 07:00:00,34.1,38.3,23.9,47,9.4,karachi
2025-10-17 08:00:00,38.8,42.3,25.8,40,8.7,karachi
2025-10-17 09:00:00,36.0,40.6,29.0,32,7.0,karachi
2025-10-17 10:00:00,30.5,36.3,32.0,25,7.8,karachi
2025-10-17 11:00:00,24.8,31.2,33.7,20,6.5,karachi
2025-10-17 12:00:00,19.7,31.1,34.7,18,2.4,karachi
2025-10-17 13:00:00,19.3,32.0,35.0,17,3.7,karachi
2025-10-17 14:00:00,19.4,32.7,35.2,18,6.7,karachi
2025-10-17 15:00:00,19.7,33.4,35.1,19,8.4,karachi
2025-10-17 16:00:00,20.3,33.8,34.0,22,13.0,karachi
2025-10-17 17:00:00,17.7,28.2,32.3,24,14.1,karachi
2025-10-17 18:00:00,28.1,34.5,31.0,28,8.7,karachi
2025-10-17 19:00:00,32.8,36.9,29.6,39,10.8,karachi
2025-10-17 20:00:00,34.5,37.8,28.8,42,7.1,karachi
2025-10-17 21:00:00,36.6,39.8,28.0,45,6.4,karachi
2025-10-17 22:00:00,39.5,43.0,27.4,49,6.9,karachi
2025-10-17 23:00:00,43.2,47.3,26.5,54,5.4,karachi
2025-10-18 00:00:00,45.4,49.8,25.5,61,7.6,karachi
2025-10-18 01:00:00,43.8,48.1,24.8,73,9.9,karachi
2025-10-18 02:00:00,38.3,42.0,24.6,83,10.6,karachi
2025-10-18 03:00:00,32.9,36.8,24.6,85,9.6,karachi
2025-10-18 04:00:00,29.0,33.2,24.5,84,9.2,karachi
2025-10-18 05:00:00,29.8,34.0,24.2,76,8.9,karachi
2025-10-18 06:00:00,29.5,34.0,23.7,71,8.9,karachi
2025-10-18 07:00:00,33.8,38.3,23.2,67,8.3,karachi
2025-10-18 08:00:00,39.0,43.3,24.6,57,7.0,karachi
2025-10-18 09:00:00,39.2,44.2,27.8,44,4.3,karachi
2025-10-18 10:00:00,34.6,41.2,31.2,30,4.1,karachi
2025-10-18 11:00:00,27.3,35.7,33.8,22,4.0,karachi
2025-10-18 12:00:00,22.8,34.5,34.9,18,3.6,karachi
2025-10-18 13:00:00,23.4,35.2,35.2,20,7.7,karachi
2025-10-18 14:00:00,24.7,35.7,35.2,22,11.4,karachi
2025-10-18 15:00:00,25.7,36.2,34.5,24,14.8,karachi
2025-10-18 16:00:00,26.3,36.4,33.7,23,13.5,karachi
2025-10-18 17:00:00,24.2,30.4,32.5,28,10.1,karachi
2025-10-18 18:00:00,31.1,35.6,30.0,52,9.4,karachi
2025-10-18 19:00:00,34.0,38.2,28.5,64,7.2,karachi
2025-10-18 20:00:00,34.5,38.8,27.5,71,6.3,karachi
2025-10-18 21:00:00,34.9,39.5,26.6,78,6.6,karachi
2025-10-18 22:00:00,36.1,40.9,26.0,84,5.5,karachi
2025-10-18 23:00:00,37.6,42.3,25.2,86,4.8,karachi
2025-10-19 00:00:00,36.1,40.7,24.7,89,6.3,karachi
2025-10-19 01:00:00,32.6,37.6,24.1,92,8.7,karachi
2025-10-19 02:00:00,29.0,34.8,24.0,90,10.5,karachi
2025-10-19 03:00:00,26.1,33.2,24.1,90,9.9,karachi
2025-10-19 04:00:00,24.7,33.1,24.2,86,9.4,karachi
2025-10-19 05:00:00,24.8,33.1,24.4,77,9.7,karachi
2025-10-19 06:00:00,25.6,34.1,24.2,69,8.7,karachi
2025-10-19 07:00:00,31.0,39.5,24.1,66,8.2,karachi
2025-10-19 08:00:00,36.9,44.8,25.6,56,6.2,karachi
2025-10-19 09:00:00,35.0,45.5,28.8,44,3.9,karachi
2025-10-19 10:00:00,29.8,42.5,31.8,31,4.7,karachi
2025-10-19 11:00:00,25.3,36.2,33.8,22,7.3,karachi
2025-10-19 12:00:00,22.5,32.4,34.7,20,8.8,karachi
2025-10-19 13:00:00,21.3,31.5,35.2,19,9.9,karachi
2025-10-19 14:00:00,21.9,32.1,35.3,19,11.3,karachi
2025-10-19 15:00:00,22.5,32.5,35.0,18,13.0,karachi
2025-10-19 16:00:00,22.9,32.5,34.2,18,13.5,karachi
2025-10-19 17:00:00,22.3,30.0,33.3,18,12.2,karachi
2025-10-19 18:00:00,26.8,31.9,31.5,27,10.5,karachi
2025-10-19 19:00:00,28.0,32.2,29.4,38,10.2,karachi
2025-10-19 20:00:00,27.5,31.7,28.0,48,8.6,karachi
2025-10-19 21:00:00,28.2,32.4,27.3,57,7.5,karachi
2025-10-19 22:00:00,29.3,33.4,26.6,68,8.3,karachi
2025-10-19 23:00:00,29.5,33.6,26.0,75,8.8,karachi
2025-10-20 00:00:00,28.2,32.6,25.8,76,9.0,karachi
2025-10-20 01:00:00,26.3,30.7,25.2,75,8.8,karachi
2025-10-20 02:00:00,24.0,28.6,24.8,73,8.9,karachi
2025-10-20 03:00:00,21.2,26.0,24.5,73,11.5,karachi
2025-10-20 04:00:00,19.0,23.9,24.6,71,10.7,karachi
2025-10-20 05:00:00,18.4,23.3,24.6,64,9.4,karachi
2025-10-20 06:00:00,18.6,23.8,24.5,59,8.9,karachi
2025-10-20 07:00:00,23.5,28.9,24.4,54,8.8,karachi
2025-10-20 08:00:00,30.0,35.2,26.1,41,7.7,karachi
2025-10-20 09:00:00,31.2,37.4,29.4,30,6.2,karachi
2025-10-20 10:00:00,24.2,35.3,32.6,21,9.0,karachi
2025-10-20 11:00:00,21.4,34.0,34.2,18,9.1,karachi
2025-10-20 12:00:00,20.8,31.5,35.2,15,7.3,karachi
2025-10-20 13:00:00,20.0,28.8,35.7,14,6.2,karachi
2025-10-20 14:00:00,20.0,27.9,36.0,14,8.2,karachi
2025-10-20 15:00:00,20.0,27.6,36.0,14,11.7,karachi
2025-10-20 16:00:00,19.9,27.2,35.2,16,14.8,karachi
2025-10-20 17:00:00,18.8,23.6,32.8,22,14.1,karachi
2025-10-20 18:00:00,25.6,29.6,30.4,33,8.7,karachi
2025-10-20 19:00:00,26.9,31.4,28.9,44,8.3,karachi
2025-10-20 20:00:00,27.1,32.2,28.1,50,5.0,karachi
2025-10-20 21:00:00,27.9,33.6,27.7,51,3.1,karachi
2025-10-20 22:00:00,30.6,36.6,27.2,53,6.0,karachi
2025-10-20 23:00:00,35.0,40.7,26.2,60,8.1,karachi
2025-10-21 00:00:00,36.9,42.5,25.9,61,8.5,karachi
2025-10-21 01:00:00,34.5,40.4,25.3,61,8.4,karachi
2025-10-21 02:00:00,29.6,35.6,24.9,63,10.8,karachi
2025-10-21 03:00:00,24.3,30.5,25.3,61,10.9,karachi
2025-10-21 04:00:00,20.9,27.1,25.3,57,9.6,karachi
2025-10-21 05:00:00,18.9,24.6,24.5,60,7.3,karachi
2025-10-21 06:00:00,19.2,24.3,23.8,60,7.4,karachi
2025-10-21 07:00:00,23.4,27.5,23.8,53,7.6,karachi
2025-10-21 08:00:00,28.5,31.2,25.6,41,5.6,karachi
2025-10-21 09:00:00,29.9,32.4,28.3,32,2.8,karachi
2025-10-21 10:00:00,27.1,32.9,31.4,26,1.7,karachi
2025-10-21 11:00:00,26.8,35.3,33.1,24,1.4,karachi
2025-10-21 12:00:00,24.4,31.7,34.7,21,1.9,karachi
2025-10-21 13:00:00,23.9,31.2,35.3,19,4.1,karachi
2025-10-21 14:00:00,23.6,31.8,35.9,18,5.9,karachi
2025-10-21 15:00:00,23.1,32.1,36.0,18,6.3,karachi
2025-10-21 16:00:00,22.4,32.0,35.3,22,8.7,karachi
2025-10-21 17:00:00,21.2,30.3,33.3,32,11.2,karachi
2025-10-21 18:00:00,37.7,45.1,31.8,37,9.5,karachi
2025-10-21 19:00:00,49.9,56.5,30.9,40,8.3,karachi
2025-10-21 20:00:00,56.9,63.8,30.6,36,8.3,karachi
2025-10-21 21:00:00,67.3,74.7,30.2,33,8.5,karachi
2025-10-21 22:00:00,71.7,79.2,29.2,33,7.8,karachi
2025-10-21 23:00:00,68.7,75.7,28.4,36,5.8,karachi
2025-10-22 00:00:00,60.5,65.9,28.0,37,6.3,karachi
2025-10-22 01:00:00,49.2,54.0,27.1,39,7.0,karachi
2025-10-22 02:00:00,39.5,45.5,26.8,41,7.0,karachi
2025-10-22 03:00:00,34.9,42.8,26.5,42,8.4,karachi
2025-10-22 04:00:00,33.6,43.2,26.4,41,9.7,karachi
2025-10-22 05:00:00,34.7,44.1,26.6,40,11.3,karachi
2025-10-22 06:00:00,35.0,43.9,26.2,41,11.9,karachi
2025-10-22 07:00:00,37.1,45.6,26.1,41,11.4,karachi
2025-10-22 08:00:00,41.3,48.4,27.2,39,10.6,karachi
2025-10-22 09:00:00,39.8,48.8,29.8,33,8.1,karachi
2025-10-22 10:00:00,36.6,47.1,33.0,26,9.5,karachi
2025-10-22 11:00:00,30.7,41.4,34.5,22,11.8,karachi
2025-10-22 12:00:00,24.6,34.1,35.3,20,13.0,karachi
2025-10-22 13:00:00,23.0,31.1,36.0,18,13.1,karachi
2025-10-22 14:00:00,22.2,29.5,36.4,17,13.0,karachi
2025-10-22 15:00:00,21.9,29.0,36.5,16,12.9,karachi
2025-10-22 16:00:00,22.1,29.1,36.0,16,12.2,karachi
2025-10-22 17:00:00,27.2,34.5,35.5,16,12.2,karachi
2025-10-22 18:00:00,35.3,40.6,34.5,18,12.0,karachi
2025-10-22 19:00:00,40.4,44.9,33.5,21,12.9,karachi
2025-10-22 20:00:00,41.6,46.4,32.5,24,9.8,karachi
2025-10-22 21:00:00,42.5,48.1,31.2,26,8.5,karachi
2025-10-22 22:00:00,44.9,51.6,30.2,29,8.3,karachi
2025-10-22 23:00:00,49.5,57.0,29.2,33,7.2,karachi
2025-10-23 00:00:00,52.9,60.8,28.5,34,6.1,karachi
2025-10-23 01:00:00,52.4,59.4,27.4,37,6.9,karachi
2025-10-23 02:00:00,48.3,53.7,26.3,40,7.3,karachi
2025-10-23 03:00:00,41.1,46.3,25.6,42,8.5,karachi
2025-10-23 04:00:00,35.4,40.6,25.0,43,9.0,karachi
2025-10-23 05:00:00,34.1,39.7,24.4,47,9.3,karachi
2025-10-23 06:00:00,31.9,37.5,24.5,46,9.5,karachi
2025-10-23 07:00:00,34.0,39.7,24.8,44,9.8,karachi
2025-10-23 08:00:00,38.0,43.5,26.0,41,9.7,karachi
2025-10-23 09:00:00,41.1,46.7,28.8,34,6.4,karachi
2025-10-23 10:00:00,38.6,49.2,32.3,26,6.4,karachi
2025-10-23 11:00:00,35.5,56.7,34.5,20,5.2,karachi
2025-10-23 12:00:00,30.4,59.3,35.5,17,4.0,karachi
2025-10-23 13:00:00,26.9,53.8,36.0,14,3.1,karachi
2025-10-23 14:00:00,24.2,47.8,36.0,14,5.1,karachi
2025-10-23 15:00:00,22.3,43.2,34.8,27,11.3,karachi
2025-10-23 16:00:00,21.2,39.2,34.5,28,11.2,karachi
2025-10-23 17:00:00,15.7,27.6,33.8,26,12.7,karachi
2025-10-23 18:00:00,32.1,41.0,32.5,26,9.7,karachi
2025-10-23 19:00:00,45.5,54.0,31.1,28,6.6,karachi
2025-10-23 20:00:00,54.0,62.4,29.6,34,6.4,karachi
2025-10-23 21:00:00,59.1,66.8,28.8,40,7.1,karachi
2025-10-23 22:00:00,58.8,65.7,28.0,43,6.9,karachi
2025-10-23 23:00:00,57.0,63.1,27.1,45,4.0,karachi
2025-10-24 00:00:00,54.9,60.5,27.1,42,5.7,karachi
2025-10-24 01:00:00,52.3,57.3,26.1,45,7.0,karachi
2025-10-24 02:00:00,49.4,53.7,25.5,46,7.5,karachi
2025-10-24 03:00:00,45.8,49.1,25.0,45,8.8,karachi
2025-10-24 04:00:00,38.9,41.7,24.7,44,10.4,karachi
2025-10-24 05:00:00,34.2,36.9,24.4,47,8.6,karachi
2025-10-24 06:00:00,29.2,32.0,24.2,45,8.9,karachi
2025-10-24 07:00:00,31.8,34.5,24.2,43,8.5,karachi
2025-10-24 08:00:00,36.6,38.9,25.7,36,7.2,karachi
2025-10-24 09:00:00,36.6,39.1,28.8,29,5.7,karachi
2025-10-24 10:00:00,28.5,32.4,32.5,22,5.2,karachi
2025-10-24 11:00:00,22.5,28.5,34.6,16,3.6,karachi
2025-10-24 12:00:00,22.2,30.2,35.4,15,3.6,karachi
2025-10-24 13:00:00,22.2,31.7,35.9,14,4.4,karachi
2025-10-24 14:00:00,21.6,31.2,36.0,15,6.7,karachi
2025-10-24 15:00:00,20.6,29.7,36.0,17,8.6,karachi
2025-10-24 16:00:00,19.8,28.4,35.3,21,8.7,karachi
2025-10-24 17:00:00,18.2,25.1,34.3,22,10.9,karachi
2025-10-24 18:00:00,32.0,37.6,32.5,28,11.4,karachi
2025-10-24 19:00:00,44.1,49.2,30.9,30,10.1,karachi
2025-10-24 20:00:00,50.9,55.6,29.8,31,8.0,karachi
2025-10-24 21:00:00,55.4,59.8,28.9,35,7.5,karachi
2025-10-24 22:00:00,56.9,61.0,28.2,37,6.7,karachi
2025-10-24 23:00:00,56.3,60.3,27.8,37,5.5,karachi
2025-10-25 00:00:00,54.2,58.0,27.9,33,6.3,karachi
2025-10-25 01:00:00,49.6,53.0,26.4,35,6.5,karachi
2025-10-25 02:00:00,43.8,46.7,24.8,39,8.8,karachi
2025-10-25 03:00:00,36.4,39.1,24.9,37,10.8,karachi
2025-10-25 04:00:00,30.3,32.8,25.5,34,11.0,karachi
2025-10-25 05:00:00,25.3,28.0,25.0,37,9.4,karachi
2025-10-25 06:00:00,23.9,26.5,25.0,35,9.5,karachi
2025-10-25 07:00:00,27.0,29.6,25.1,33,9.5,karachi
2025-10-25 08:00:00,31.3,33.9,26.1,31,8.1,karachi
2025-10-25 09:00:00,35.2,37.5,29.2,26,8.0,karachi
2025-10-25 10:00:00,26.0,31.0,32.7,20,6.0,karachi
2025-10-25 11:00:00,17.8,21.4,34.8,16,5.1,karachi
2025-10-25 12:00:00,14.7,18.1,35.8,14,5.3,karachi
2025-10-25 13:00:00,15.0,19.3,36.2,13,3.6,karachi
2025-10-25 14:00:00,15.0,20.1,36.2,13,2.7,karachi
2025-10-25 15:00:00,14.7,20.3,36.0,16,4.8,karachi
2025-10-25 16:00:00,14.9,20.6,35.5,21,5.5,karachi
2025-10-25 17:00:00,18.0,24.6,34.5,25,6.9,karachi
2025-10-25 18:00:00,22.4,26.9,33.0,30,9.2,karachi
2025-10-25 19:00:00,25.2,28.9,32.0,26,9.7,karachi
2025-10-25 20:00:00,26.4,29.9,31.4,25,9.0,karachi
2025-10-25 21:00:00,27.6,31.2,29.9,31,8.8,karachi
2025-10-25 22:00:00,29.0,32.8,28.8,31,9.0,karachi
2025-10-25 23:00:00,29.7,33.8,28.3,28,8.0,karachi
2025-10-26 00:00:00,28.9,32.9,28.2,27,8.5,karachi
2025-10-26 01:00:00,26.9,30.9,27.9,26,7.5,karachi
2025-10-26 02:00:00,24.8,28.6,27.5,27,7.7,karachi
2025-10-26 03:00:00,23.0,26.6,26.6,29,8.8,karachi
2025-10-26 04:00:00,21.5,24.8,25.8,31,9.2,karachi
2025-10-26 05:00:00,21.0,24.0,25.1,33,9.3,karachi
2025-10-26 06:00:00,21.2,24.2,24.8,34,9.5,karachi
2025-10-26 07:00:00,24.4,27.0,25.4,33,11.1,karachi
2025-10-26 08:00:00,29.6,31.4,27.4,28,11.9,karachi
2025-10-26 09:00:00,29.3,31.7,29.9,25,9.6,karachi
2025-10-26 10:00:00,25.8,29.2,32.5,22,11.0,karachi
2025-10-26 11:00:00,16.0,18.2,34.2,18,12.8,karachi
2025-10-26 12:00:00,11.2,13.4,35.0,17,14.0,karachi
2025-10-26 13:00:00,10.5,12.9,35.5,17,14.8,karachi
2025-10-26 14:00:00,10.9,13.2,35.6,16,14.8,karachi
2025-10-26 15:00:00,11.6,14.1,35.7,16,15.2,karachi
2025-10-26 16:00:00,12.4,15.1,35.4,16,16.7,karachi
2025-10-26 17:00:00,23.4,28.0,34.8,15,17.3,karachi
2025-10-26 18:00:00,26.5,29.6,33.8,17,14.8,karachi
2025-10-26 19:00:00,29.2,31.9,32.8,20,13.6,karachi
2025-10-26 20:00:00,30.9,33.4,31.5,23,15.3,karachi
2025-10-26 21:00:00,30.7,33.2,30.9,25,16.4,karachi
2025-10-26 22:00:00,29.7,31.9,30.0,26,13.8,karachi
2025-10-26 23:00:00,28.1,30.0,29.1,28,12.3,karachi
2025-10-27 00:00:00,25.8,27.5,28.6,29,12.8,karachi
2025-10-27 01:00:00,24.2,25.8,28.6,29,14.9,karachi
2025-10-27 02:00:00,24.2,25.6,28.5,28,14.5,karachi
2025-10-27 03:00:00,24.8,26.7,27.6,29,12.5,karachi
2025-10-27 04:00:00,24.9,27.8,27.1,30,12.8,karachi
2025-10-27 05:00:00,24.9,29.1,26.9,30,13.2,karachi
2025-10-27 06:00:00,24.4,29.3,26.5,30,13.3,karachi
2025-10-27 07:00:00,25.7,31.0,26.3,30,13.2,karachi
2025-10-27 08:00:00,28.1,32.5,27.5,28,11.8,karachi
2025-10-27 09:00:00,26.7,32.6,29.5,24,11.8,karachi
2025-10-27 10:00:00,21.0,27.3,31.8,21,15.9,karachi
2025-10-27 11:00:00,19.0,24.0,33.5,20,17.9,karachi
2025-10-27 12:00:00,17.6,22.1,34.3,18,20.2,karachi
2025-10-27 13:00:00,16.8,21.6,34.8,17,21.3,karachi
2025-10-27 14:00:00,16.8,21.8,35.2,15,21.3,karachi
2025-10-27 15:00:00,17.0,21.9,35.1,15,21.6,karachi
2025-10-27 16:00:00,17.3,22.1,34.5,18,21.7,karachi
2025-10-27 17:00:00,28.9,35.2,33.8,19,20.5,karachi
2025-10-27 18:00:00,31.3,36.1,32.5,21,16.6,karachi
2025-10-27 19:00:00,32.7,36.8,31.2,24,14.7,karachi
2025-10-27 20:00:00,34.0,37.4,30.0,27,13.3,karachi
2025-10-27 21:00:00,32.6,35.4,28.9,30,11.9,karachi
2025-10-27 22:00:00,30.5,33.1,28.4,30,12.7,karachi
2025-10-27 23:00:00,29.8,32.2,28.5,28,15.6,karachi
2025-10-28 00:00:00,29.2,31.8,29.0,26,16.6,karachi
2025-10-28 01:00:00,28.5,31.1,28.6,26,16.1,karachi
2025-10-28 02:00:00,28.2,31.1,27.9,27,16.4,karachi
2025-10-28 03:00:00,28.9,32.2,27.0,30,14.8,karachi
2025-10-28 04:00:00,30.0,33.8,26.2,35,14.1,karachi
2025-10-28 05:00:00,30.6,34.2,25.6,38,13.4,karachi
2025-10-28 06:00:00,31.8,35.7,25.5,40,13.9,karachi
2025-10-28 07:00:00,34.2,38.6,25.5,43,13.9,karachi
2025-10-28 08:00:00,37.1,41.3,26.3,43,11.8,karachi
2025-10-28 09:00:00,38.1,44.9,27.9,42,12.9,karachi
2025-10-28 10:00:00,39.8,48.0,29.9,40,15.9,karachi
2025-10-28 11:00:00,39.6,47.0,31.5,32,19.9,karachi
2025-10-28 12:00:00,37.0,44.1,32.5,26,21.9,karachi
2025-10-28 13:00:00,31.9,39.7,33.2,24,22.7,karachi
2025-10-28 14:00:00,30.3,40.5,33.6,23,22.8,karachi
2025-10-28 15:00:00,31.0,43.2,33.5,25,22.4,karachi
2025-10-28 16:00:00,31.7,44.2,32.8,29,22.4,karachi
2025-10-28 17:00:00,32.5,44.1,32.9,26,21.8,karachi
2025-10-28 18:00:00,34.7,44.5,31.8,29,17.4,karachi
2025-10-28 19:00:00,36.2,45.8,30.7,32,14.7,karachi
2025-10-28 20:00:00,38.1,46.7,29.6,35,12.2,karachi
2025-10-28 21:00:00,40.7,47.7,28.9,36,12.5,karachi
2025-10-28 22:00:00,43.9,49.5,28.5,37,13.7,karachi
2025-10-28 23:00:00,47.6,52.2,28.2,38,13.9,karachi
2025-10-29 00:00:00,49.7,53.9,28.1,39,15.3,karachi
2025-10-29 01:00:00,49.7,54.0,27.8,39,15.7,karachi
2025-10-29 02:00:00,48.8,53.4,27.2,40,15.4,karachi
2025-10-29 03:00:00,47.4,52.5,26.8,41,14.5,karachi
2025-10-29 04:00:00,45.6,51.3,26.0,44,13.5,karachi
2025-10-29 05:00:00,47.3,53.1,25.4,48,13.0,karachi
2025-10-29 06:00:00,45.9,52.2,25.0,50,14.1,karachi
2025-10-29 07:00:00,46.7,53.3,24.9,51,13.7,karachi
2025-10-29 08:00:00,48.3,54.6,25.6,50,11.5,karachi
2025-10-29 09:00:00,47.0,55.8,27.2,46,13.0,karachi
2025-10-29 10:00:00,41.7,49.2,29.1,43,16.3,karachi
2025-10-29 11:00:00,36.1,41.6,30.4,34,22.5,karachi
2025-10-29 12:00:00,30.5,35.0,31.5,28,22.4,karachi
2025-10-29 13:00:00,25.7,28.9,32.4,25,21.2,karachi
2025-10-29 14:00:00,22.1,24.4,32.9,24,20.6,karachi
2025-10-29 15:00:00,19.2,21.0,32.8,27,19.8,karachi
2025-10-29 16:00:00,17.4,18.8,32.8,25,19.9,karachi
2025-10-29 17:00:00,21.1,22.9,32.3,25,20.1,karachi
2025-10-29 18:00:00,22.8,24.2,31.5,27,15.8,karachi
2025-10-29 19:00:00,23.1,24.4,30.7,29,15.7,karachi
2025-10-29 20:00:00,23.7,25.4,30.0,30,15.4,karachi
2025-10-29 21:00:00,25.2,27.2,29.1,32,14.1,karachi
2025-10-29 22:00:00,26.7,29.2,28.1,34,12.5,karachi
2025-10-29 23:00:00,28.9,32.0,27.6,36,12.3,karachi
2025-10-30 00:00:00,31.2,35.0,27.5,36,12.5,karachi
2025-10-30 01:00:00,32.6,36.8,27.5,35,13.4,karachi
2025-10-30 02:00:00,32.2,36.4,27.2,36,14.2,karachi
2025-10-30 03:00:00,31.1,35.4,26.8,38,13.5,karachi
2025-10-30 04:00:00,29.5,34.0,26.1,40,12.4,karachi
2025-10-30 05:00:00,35.3,40.2,25.8,43,13.2,karachi
2025-10-30 06:00:00,34.5,39.5,25.4,45,12.8,karachi
2025-10-30 07:00:00,35.2,40.3,25.0,47,12.3,karachi
2025-10-30 08:00:00,37.0,41.9,25.9,46,9.9,karachi
2025-10-30 09:00:00,34.9,42.3,27.7,42,10.8,karachi
2025-10-30 10:00:00,31.8,39.9,30.0,37,12.5,karachi
2025-10-30 11:00:00,27.4,31.8,31.6,33,20.3,karachi
2025-10-30 12:00:00,25.0,28.2,32.5,32,20.3,karachi
2025-10-30 13:00:00,24.2,27.3,33.0,30,19.5,karachi
2025-10-30 14:00:00,23.9,27.1,33.4,30,18.4,karachi
2025-10-30 15:00:00,24.3,27.8,33.4,31,18.2,karachi
2025-10-30 16:00:00,24.6,28.3,33.1,32,17.9,karachi
2025-10-30 17:00:00,28.4,32.1,33.0,30,17.1,karachi
2025-10-30 18:00:00,32.1,35.2,32.3,31,15.3,karachi
2025-10-30 19:00:00,34.9,38.2,31.5,32,14.3,karachi
2025-10-30 20:00:00,38.0,41.4,30.9,31,14.2,karachi
2025-10-30 21:00:00,40.6,44.1,30.2,31,13.6,karachi
2025-10-30 22:00:00,40.0,43.7,29.5,32,12.8,karachi
2025-10-30 23:00:00,37.4,41.1,28.4,35,11.4,karachi
2025-10-31 00:00:00,34.9,38.6,28.0,34,11.5,karachi
2025-10-31 01:00:00,34.0,38.1,27.6,34,11.4,karachi
2025-10-31 02:00:00,34.9,39.1,27.2,34,11.5,karachi
2025-10-31 03:00:00,36.3,40.7,26.9,34,12.2,karachi
2025-10-31 04:00:00,37.7,42.5,26.6,35,12.5,karachi
2025-10-31 05:00:00,39.0,44.5,26.2,36,10.5,karachi
2025-10-31 06:00:00,40.7,46.6,25.8,38,8.7,karachi
2025-10-31 07:00:00,44.5,50.8,25.3,40,8.4,karachi
2025-10-31 08:00:00,48.9,54.8,26.0,39,7.8,karachi
2025-10-31 09:00:00,49.7,58.4,28.1,35,6.8,karachi
2025-10-31 10:00:00,50.3,65.7,30.9,30,9.0,karachi
2025-10-31 11:00:00,50.5,79.4,32.8,26,10.5,karachi
2025-10-31 12:00:00,48.7,83.6,33.6,24,8.9,karachi
2025-10-31 13:00:00,47.4,76.6,33.8,22,4.6,karachi
2025-10-31 14:00:00,45.9,69.4,33.8,22,2.6,karachi
2025-10-31 15:00:00,44.0,63.3,32.9,34,8.1,karachi
2025-10-31 16:00:00,43.1,59.1,32.5,39,7.3,karachi
2025-10-31 17:00:00,53.9,73.6,32.5,35,3.4,karachi
2025-10-31 18:00:00,80.1,95.2,31.0,48,3.5,karachi
2025-10-31 19:00:00,93.1,107.1,29.8,56,1.3,karachi
2025-10-31 20:00:00,93.6,106.9,29.8,51,5.1,karachi
2025-10-31 21:00:00,95.7,107.8,30.8,30,6.2,karachi
2025-10-31 22:00:00,95.0,105.2,29.8,26,4.8,karachi
2025-10-31 23:00:00,95.5,105.0,27.6,30,6.2,karachi
2025-11-01 00:00:00,96.4,106.4,26.3,34,8.6,karachi
2025-11-01 01:00:00,95.7,105.2,25.1,38,10.6,karachi
2025-11-01 02:00:00,91.3,98.3,24.6,40,9.8,karachi
2025-11-01 03:00:00,82.0,88.5,24.4,40,8.7,karachi
2025-11-01 04:00:00,74.5,81.3,24.0,40,8.9,karachi
2025-11-01 05:00:00,70.1,77.1,23.5,42,8.6,karachi
2025-11-01 06:00:00,68.9,75.7,23.3,42,8.9,karachi
2025-11-01 07:00:00,73.8,80.3,23.5,40,8.5,karachi
2025-11-01 08:00:00,81.5,86.8,24.6,37,5.7,karachi
2025-11-01 09:00:00,82.0,88.2,27.2,32,3.8,karachi
2025-11-01 10:00:00,69.8,81.5,30.2,26,2.5,karachi
2025-11-01 11:00:00,62.6,80.8,32.2,23,3.2,karachi
2025-11-01 12:00:00,59.4,78.5,32.8,23,7.1,karachi
2025-11-01 13:00:00,55.8,72.6,32.8,25,9.2,karachi
2025-11-01 14:00:00,52.0,66.6,33.0,25,9.6,karachi
2025-11-01 15:00:00,49.5,62.6,32.9,23,10.1,karachi
2025-11-01 16:00:00,47.7,59.8,32.6,23,9.2,karachi
2025-11-01 17:00:00,53.4,65.0,31.9,25,8.0,karachi
2025-11-01 18:00:00,71.5,79.2,30.0,39,7.5,karachi
2025-11-01 19:00:00,73.3,80.3,28.2,51,7.1,karachi
2025-11-01 20:00:00,73.1,80.1,27.2,58,8.0,karachi
2025-11-01 21:00:00,77.8,85.4,26.5,63,6.9,karachi
2025-11-01 22:00:00,86.1,94.3,25.5,70,8.7,karachi
2025-11-01 23:00:00,89.9,97.8,25.0,71,7.8,karachi
2025-11-02 00:00:00,88.0,95.0,24.3,72,8.7,karachi
2025-11-02 01:00:00,84.5,91.0,23.7,72,10.6,karachi
2025-11-02 02:00:00,81.0,87.1,23.6,74,11.5,karachi
2025-11-02 03:00:00,75.0,80.3,23.5,73,9.7,karachi
2025-11-02 04:00:00,65.2,70.5,23.4,71,8.7,karachi
2025-11-02 05:00:00,61.7,66.8,23.1,69,7.2,karachi
2025-11-02 06:00:00,58.2,63.1,22.7,65,6.7,karachi
2025-11-02 07:00:00,62.4,67.1,22.5,60,6.7,karachi
2025-11-02 08:00:00,67.8,72.2,23.7,49,5.6,karachi
2025-11-02 09:00:00,66.8,71.7,26.9,39,4.5,karachi
2025-11-02 10:00:00,53.9,62.2,30.5,28,4.0,karachi
2025-11-02 11:00:00,39.1,46.4,32.7,22,4.1,karachi
2025-11-02 12:00:00,34.1,40.0,33.6,19,6.2,karachi
2025-11-02 13:00:00,34.8,40.5,33.8,21,8.9,karachi
2025-11-02 14:00:00,36.6,42.4,33.8,22,10.6,karachi
2025-11-02 15:00:00,38.1,44.0,33.5,22,11.1,karachi
2025-11-02 16:00:00,39.2,45.3,32.7,23,11.0,karachi
2025-11-02 17:00:00,43.3,49.4,31.5,29,10.3,karachi
2025-11-02 18:00:00,49.2,55.1,29.6,42,8.2,karachi
2025-11-02 19:00:00,49.7,56.7,27.9,52,8.0,karachi
2025-11-02 20:00:00,48.2,56.5,26.6,63,7.2,karachi
2025-11-02 21:00:00,47.3,56.3,25.9,71,7.4,karachi
2025-11-02 22:00:00,46.9,56.7,25.2,76,7.5,karachi
2025-11-02 23:00:00,46.6,56.8,24.4,80,7.4,karachi
2025-11-03 00:00:00,45.1,55.3,24.1,79,7.0,karachi
2025-11-03 01:00:00,41.9,52.4,23.5,81,9.8,karachi
2025-11-03 02:00:00,38.3,48.9,23.4,87,10.2,karachi
2025-11-03 03:00:00,34.3,45.9,23.4,92,9.6,karachi
2025-11-03 04:00:00,31.4,44.4,23.0,95,7.1,karachi
2025-11-03 05:00:00,28.8,42.0,22.5,88,5.2,karachi
2025-11-03 06:00:00,29.2,44.6,22.0,87,5.0,karachi
2025-11-03 07:00:00,34.6,51.3,21.5,88,6.0,karachi
2025-11-03 08:00:00,40.0,56.5,22.1,84,5.4,karachi
2025-11-03 09:00:00,36.0,63.3,24.5,78,4.2,karachi
2025-11-03 10:00:00,34.5,67.1,26.7,75,5.9,karachi
2025-11-03 11:00:00,33.1,68.2,28.9,66,8.7,karachi
2025-11-03 12:00:00,31.3,67.8,30.0,57,10.7,karachi
2025-11-03 13:00:00,30.5,67.3,30.4,54,13.2,karachi
2025-11-03 14:00:00,30.6,68.0,30.0,56,13.6,karachi
2025-11-03 15:00:00,30.6,68.2,29.5,57,13.8,karachi
2025-11-03 16:00:00,30.4,66.6,28.9,58,13.1,karachi
2025-11-03 17:00:00,28.1,58.8,27.6,72,11.5,karachi
2025-11-03 18:00:00,29.6,54.0,26.8,80,10.9,karachi
2025-11-03 19:00:00,31.7,54.6,26.4,83,11.8,karachi
2025-11-03 20:00:00,32.1,54.1,26.0,86,11.2,karachi
2025-11-03 21:00:00,31.7,52.9,26.0,87,10.5,karachi
2025-11-03 22:00:00,31.1,51.9,25.7,88,6.9,karachi
2025-11-03 23:00:00,31.2,51.7,25.5,90,8.0,karachi
2025-11-04 00:00:00,30.6,52.2,25.5,91,10.4,karachi
2025-11-04 01:00:00,28.2,49.1,25.5,91,10.2,karachi
2025-11-04 02:00:00,26.7,46.2,25.4,92,7.6,karachi
2025-11-04 03:00:00,26.8,45.9,24.5,94,7.2,karachi
2025-11-04 04:00:00,28.6,46.9,23.5,94,8.4,karachi
2025-11-04 05:00:00,25.3,39.7,22.1,95,9.4,karachi
2025-11-04 06:00:00,26.4,41.1,21.6,85,12.3,karachi
2025-11-04 07:00:00,30.6,44.4,22.4,68,13.8,karachi
2025-11-04 08:00:00,34.8,46.6,23.6,54,11.1,karachi
2025-11-04 09:00:00,33.1,46.9,26.5,37,11.6,karachi
2025-11-04 10:00:00,29.6,49.4,30.5,21,13.5,karachi
2025-11-04 11:00:00,25.3,49.4,33.0,16,15.4,karachi
2025-11-04 12:00:00,23.3,50.8,33.8,12,16.4,karachi
2025-11-04 13:00:00,23.9,48.3,34.6,13,15.7,karachi
2025-11-04 14:00:00,23.7,45.1,34.8,13,16.1,karachi
2025-11-04 15:00:00,23.2,42.7,34.9,11,16.3,karachi
2025-11-04 16:00:00,22.9,41.4,34.4,10,16.5,karachi
2025-11-04 17:00:00,21.0,29.6,32.7,17,12.2,karachi
2025-11-04 18:00:00,29.5,38.2,30.2,29,12.7,karachi
2025-11-04 19:00:00,32.7,43.2,29.1,31,11.9,karachi
2025-11-04 20:00:00,33.6,47.1,28.2,33,12.6,karachi
2025-11-04 21:00:00,33.2,48.2,27.0,40,13.1,karachi
2025-11-04 22:00:00,30.9,44.0,26.9,29,14.5,karachi
2025-11-04 23:00:00,29.0,44.6,26.5,18,15.2,karachi
2025-11-05 00:00:00,29.9,50.3,25.8,16,15.6,karachi
2025-11-05 01:00:00,30.2,49.2,24.8,16,16.0,karachi
2025-11-05 02:00:00,28.3,41.2,23.8,17,14.3,karachi
2025-11-05 03:00:00,25.2,31.4,22.5,19,12.9,karachi
2025-11-05 04:00:00,21.9,24.6,21.7,22,13.1,karachi
2025-11-05 05:00:00,21.1,28.0,21.8,25,12.6,karachi
2025-11-05 06:00:00,19.6,24.0,22.1,24,13.5,karachi
2025-11-05 07:00:00,22.7,26.2,22.0,24,12.5,karachi
2025-11-05 08:00:00,26.9,30.0,23.2,23,9.9,karachi
2025-11-05 09:00:00,28.6,32.2,25.9,19,5.5,karachi
2025-11-05 10:00:00,26.0,33.9,29.0,16,4.8,karachi
2025-11-05 11:00:00,19.7,34.9,31.5,13,3.8,karachi
2025-11-05 12:00:00,20.8,43.0,33.3,11,4.0,karachi
2025-11-05 13:00:00,20.5,42.6,34.2,7,1.7,karachi
2025-11-05 14:00:00,20.4,42.1,34.2,8,3.5,karachi
2025-11-05 15:00:00,20.6,42.3,32.8,24,8.6,karachi
2025-11-05 16:00:00,21.0,42.0,32.0,28,10.2,karachi
2025-11-05 17:00:00,22.3,41.2,31.0,29,9.8,karachi
2025-11-05 18:00:00,44.2,57.5,29.5,28,10.8,karachi
2025-11-05 19:00:00,54.2,64.3,28.3,27,9.6,karachi
2025-11-05 20:00:00,54.4,65.2,27.2,37,7.8,karachi
2025-11-05 21:00:00,56.3,68.7,26.1,44,5.6,karachi
2025-11-05 22:00:00,61.9,76.6,25.4,45,5.2,karachi
2025-11-05 23:00:00,67.3,83.4,23.9,43,4.5,karachi
2025-11-06 00:00:00,69.2,84.3,23.2,37,6.3,karachi
2025-11-06 01:00:00,65.7,78.2,22.2,32,6.8,karachi
2025-11-06 02:00:00,60.1,69.8,21.5,30,8.6,karachi
2025-11-06 03:00:00,55.3,63.1,21.4,32,7.9,karachi
2025-11-06 04:00:00,50.8,57.3,21.1,37,6.3,karachi
2025-11-06 05:00:00,53.7,63.6,20.5,40,5.3,karachi
2025-11-06 06:00:00,49.9,57.7,20.5,38,5.9,karachi
2025-11-06 07:00:00,56.5,63.8,20.2,35,5.3,karachi
2025-11-06 08:00:00,69.2,74.5,21.1,30,4.0,karachi
2025-11-06 09:00:00,62.2,72.2,24.2,24,4.1,karachi
2025-11-06 10:00:00,50.6,71.0,27.5,21,1.8,karachi
2025-11-06 11:00:00,46.4,70.1,29.5,21,1.4,karachi
2025-11-06 12:00:00,40.7,65.0,31.0,16,4.5,karachi
2025-11-06 13:00:00,36.3,57.5,31.5,16,6.8,karachi
2025-11-06 14:00:00,35.9,55.1,31.5,18,9.9,karachi
2025-11-06 15:00:00,36.1,54.5,30.9,23,12.1,karachi
2025-11-06 16:00:00,36.1,54.1,29.9,26,12.1,karachi
2025-11-06 17:00:00,44.6,61.5,28.2,36,10.3,karachi
2025-11-06 18:00:00,52.4,67.3,26.5,55,8.7,karachi
2025-11-06 19:00:00,54.0,70.1,25.4,63,7.9,karachi
2025-11-06 20:00:00,53.9,72.4,24.6,67,7.8,karachi
2025-11-06 21:00:00,53.9,74.3,24.0,72,8.1,karachi
2025-11-06 22:00:00,56.6,78.5,23.2,76,7.7,karachi
2025-11-06 23:00:00,61.5,85.7,22.1,81,5.4,karachi
2025-11-07 00:00:00,63.3,86.6,21.5,83,6.3,karachi
2025-11-07 01:00:00,60.5,81.7,21.0,84,6.6,karachi
2025-11-07 02:00:00,55.3,77.1,20.7,84,7.1,karachi
2025-11-07 03:00:00,50.5,73.3,20.4,85,7.1,karachi
2025-11-07 04:00:00,46.3,70.3,19.9,85,7.7,karachi
2025-11-07 05:00:00,41.2,63.8,19.4,85,7.6,karachi
2025-11-07 06:00:00,40.5,62.4,19.4,82,8.2,karachi
2025-11-07 07:00:00,45.2,65.9,19.1,80,8.4,karachi
2025-11-07 08:00:00,51.8,70.5,20.2,72,7.2,karachi
2025-11-07 09:00:00,51.5,75.2,23.0,57,4.8,karachi
2025-11-07 10:00:00,49.2,81.0,26.2,39,4.2,karachi
2025-11-07 11:00:00,41.1,65.2,29.6,22,5.3,karachi
2025-11-07 12:00:00,31.2,46.1,31.2,13,6.8,karachi
2025-11-07 13:00:00,31.2,45.3,31.6,13,8.4,karachi
2025-11-07 14:00:00,32.7,46.9,31.5,14,10.7,karachi
2025-11-07 15:00:00,34.0,48.1,31.1,14,12.0,karachi
2025-11-07 16:00:00,34.8,48.7,30.5,15,12.1,karachi
2025-11-07 17:00:00,34.2,45.1,29.5,16,11.1,karachi
2025-11-07 18:00:00,40.5,51.5,27.4,26,8.5,karachi
2025-11-07 19:00:00,41.9,53.8,25.6,37,7.3,karachi
2025-11-07 20:00:00,42.3,54.1,24.5,48,7.3,karachi
2025-11-07 21:00:00,42.5,54.1,23.6,56,7.3,karachi
2025-11-07 22:00:00,42.8,54.4,23.3,63,7.0,karachi
2025-11-07 23:00:00,43.5,55.1,22.7,64,4.8,karachi
2025-11-08 00:00:00,43.5,55.1,22.4,66,7.0,karachi
2025-11-08 01:00:00,42.4,54.1,21.5,70,8.5,karachi
2025-11-08 02:00:00,41.0,52.6,20.9,74,8.3,karachi
2025-11-08 03:00:00,39.2,49.8,20.8,79,7.8,karachi
2025-11-08 04:00:00,37.7,47.7,20.6,83,6.7,karachi
2025-11-08 05:00:00,39.0,49.8,19.7,86,5.0,karachi
2025-11-08 06:00:00,41.0,52.5,19.0,89,4.8,karachi
2025-11-08 07:00:00,50.4,63.1,18.4,92,4.1,karachi
2025-11-08 08:00:00,56.3,67.3,19.7,87,4.8,karachi
2025-11-08 09:00:00,51.9,62.9,23.2,73,3.6,karachi
2025-11-08 10:00:00,44.8,58.6,26.0,61,7.0,karachi
2025-11-08 11:00:00,39.2,51.7,27.9,44,10.4,karachi
2025-11-08 12:00:00,35.0,46.4,28.5,43,11.8,karachi
2025-11-08 13:00:00,34.1,45.4,28.5,45,12.8,karachi
2025-11-08 14:00:00,33.6,45.3,28.6,41,12.8,karachi
2025-11-08 15:00:00,32.7,45.5,28.3,40,12.3,karachi
2025-11-08 16:00:00,31.9,46.7,27.6,45,11.2,karachi
2025-11-08 17:00:00,36.6,52.3,26.7,52,9.7,karachi
2025-11-08 18:00:00,41.6,54.7,25.5,64,8.2,karachi
2025-11-08 19:00:00,45.5,59.5,25.0,68,7.4,karachi
2025-11-08 20:00:00,47.5,63.1,24.5,70,5.8,karachi
2025-11-08 21:00:00,48.4,65.4,24.1,72,3.8,karachi
2025-11-08 22:00:00,50.8,70.3,23.2,76,3.3,karachi
2025-11-08 23:00:00,54.6,78.2,22.4,82,3.1,karachi
2025-11-09 00:00:00,56.0,83.8,21.7,84,5.5,karachi
2025-11-09 01:00:00,53.8,83.8,21.0,86,5.9,karachi
2025-11-09 02:00:00,49.1,78.2,20.6,88,4.4,karachi
2025-11-09 03:00:00,44.6,72.6,20.8,87,2.4,karachi
2025-11-09 04:00:00,42.3,71.9,20.6,87,1.7,karachi
2025-11-09 05:00:00,48.5,84.1,19.5,90,1.7,karachi
2025-11-09 06:00:00,53.4,89.6,19.6,88,3.7,karachi
2025-11-09 07:00:00,66.4,103.1,19.3,88,5.7,karachi
2025-11-09 08:00:00,82.9,112.9,20.0,86,5.6,karachi
2025-11-09 09:00:00,55.3,91.5,22.5,76,5.0,karachi
2025-11-09 10:00:00,41.6,82.2,24.8,69,1.5,karachi
2025-11-09 11:00:00,37.7,75.0,26.3,61,4.6,karachi
2025-11-09 12:00:00,35.6,68.5,27.4,54,7.5,karachi
2025-11-09 13:00:00,33.4,62.2,27.8,51,9.6,karachi
2025-11-09 14:00:00,31.8,58.4,27.8,48,10.2,karachi
2025-11-09 15:00:00,30.3,55.5,27.7,45,10.3,karachi
2025-11-09 16:00:00,28.4,52.5,27.3,45,10.2,karachi
2025-11-09 17:00:00,28.2,50.4,26.5,49,8.8,karachi
2025-11-09 18:00:00,30.9,48.9,25.6,53,6.9,karachi
2025-11-09 19:00:00,34.3,49.8,25.0,57,5.6,karachi
2025-11-09 20:00:00,35.7,50.4,24.6,60,4.7,karachi
2025-11-09 21:00:00,37.4,51.6,24.2,63,4.3,karachi
2025-11-09 22:00:00,41.2,57.0,23.9,66,4.6,karachi
2025-11-09 23:00:00,46.2,64.0,22.5,72,2.6,karachi
2025-11-10 00:00:00,48.7,67.8,22.4,72,4.6,karachi
2025-11-10 01:00:00,48.1,68.2,21.4,75,5.5,karachi
2025-11-10 02:00:00,44.6,64.3,20.7,75,5.4,karachi
2025-11-10 03:00:00,38.9,56.2,20.2,76,3.8,karachi
2025-11-10 04:00:00,32.8,47.3,19.8,79,1.4,karachi
2025-11-10 05:00:00,30.4,46.3,19.0,83,2.4,karachi
2025-11-10 06:00:00,33.9,51.1,19.0,83,2.9,karachi
2025-11-10 07:00:00,44.7,62.4,18.7,84,1.8,karachi
2025-11-10 08:00:00,57.3,70.8,20.2,76,1.8,karachi
2025-11-10 09:00:00,37.0,51.5,22.9,67,1.4,karachi
2025-11-10 10:00:00,27.1,43.9,25.0,62,4.4,karachi
2025-11-10 11:00:00,26.4,41.9,26.8,52,7.1,karachi
2025-11-10 12:00:00,25.6,38.9,27.4,51,9.2,karachi
2025-11-10 13:00:00,24.9,36.4,27.5,54,11.3,karachi
2025-11-10 14:00:00,24.7,35.9,27.3,56,12.0,karachi
2025-11-10 15:00:00,23.8,34.5,27.0,56,11.2,karachi
2025-11-10 16:00:00,22.5,32.8,26.6,57,10.3,karachi
2025-11-10 17:00:00,21.9,30.9,25.9,57,9.7,karachi
2025-11-10 18:00:00,26.0,33.1,25.4,58,7.9,karachi
2025-11-10 19:00:00,31.0,37.3,25.0,59,5.7,karachi
2025-11-10 20:00:00,34.7,41.0,24.7,61,5.2,karachi
2025-11-10 21:00:00,39.6,46.7,24.3,63,5.1,karachi
2025-11-10 22:00:00,45.4,53.8,24.0,65,3.1,karachi
2025-11-10 23:00:00,50.3,59.6,22.7,72,1.2,karachi
2025-11-11 00:00:00,52.2,62.2,22.5,72,3.3,karachi
2025-11-11 01:00:00,51.9,62.6,21.5,76,3.5,karachi
2025-11-11 02:00:00,50.9,61.9,20.9,77,3.7,karachi
2025-11-11 03:00:00,51.1,61.5,20.5,78,2.8,karachi
2025-11-11 04:00:00,50.6,60.8,20.1,79,2.8,karachi
2025-11-11 05:00:00,50.5,60.8,19.4,85,3.2,karachi
2025-11-11 06:00:00,56.3,64.5,19.4,85,3.5,karachi
2025-11-11 07:00:00,68.0,74.5,19.3,85,4.0,karachi
2025-11-11 08:00:00,82.7,86.6,20.1,81,3.3,karachi
2025-11-11 09:00:00,48.9,57.9,22.6,69,2.5,karachi
2025-11-11 10:00:00,29.3,41.8,24.4,64,2.4,karachi
2025-11-11 11:00:00,25.6,34.0,26.0,55,4.3,karachi
2025-11-11 12:00:00,26.4,33.4,26.9,53,5.7,karachi
2025-11-11 13:00:00,27.1,33.4,27.3,54,7.8,karachi
2025-11-11 14:00:00,27.5,33.4,27.4,55,9.7,karachi
2025-11-11 15:00:00,27.3,33.1,26.9,57,10.9,karachi
2025-11-11 16:00:00,26.5,32.0,26.4,58,10.2,karachi
2025-11-11 17:00:00,22.8,27.8,25.6,59,9.3,karachi
2025-11-11 18:00:00,26.8,31.0,24.9,64,9.0,karachi
2025-11-11 19:00:00,31.1,34.8,24.5,66,7.3,karachi
2025-11-11 20:00:00,32.8,36.6,24.1,69,5.9,karachi
2025-11-11 21:00:00,36.1,40.7,23.8,71,6.1,karachi
2025-11-11 22:00:00,40.9,46.4,23.5,72,5.0,karachi
2025-11-11 23:00:00,46.1,52.3,22.5,79,2.3,karachi
2025-11-12 00:00:00,48.7,55.4,22.6,78,3.5,karachi
2025-11-12 01:00:00,46.6,53.6,21.6,82,7.0,karachi
2025-11-12 02:00:00,42.0,48.8,20.9,83,7.0,karachi
2025-11-12 03:00:00,35.4,41.1,20.5,85,6.5,karachi
2025-11-12 04:00:00,29.6,35.0,20.3,85,6.5,karachi
2025-11-12 05:00:00,31.8,39.0,20.0,85,5.8,karachi
2025-11-12 06:00:00,33.5,39.8,19.6,86,5.9,karachi
2025-11-12 07:00:00,42.5,49.1,19.2,87,5.6,karachi
2025-11-12 08:00:00,49.2,55.1,19.9,84,4.4,karachi
2025-11-12 09:00:00,33.1,42.0,22.3,73,3.1,karachi
2025-11-12 10:00:00,22.7,32.9,24.8,62,3.4,karachi
2025-11-12 11:00:00,21.9,29.3,26.7,49,2.2,karachi
2025-11-12 12:00:00,23.3,29.5,28.1,41,4.1,karachi
2025-11-12 13:00:00,24.2,30.4,28.5,43,8.0,karachi
2025-11-12 14:00:00,25.1,31.9,28.0,52,11.6,karachi
2025-11-12 15:00:00,25.5,32.6,27.4,56,12.4,karachi
2025-11-12 16:00:00,25.0,32.2,27.0,54,10.7,karachi
2025-11-12 17:00:00,24.2,30.2,26.6,54,9.9,karachi
2025-11-12 18:00:00,26.7,32.1,25.7,59,8.4,karachi
2025-11-12 19:00:00,26.5,32.2,24.9,67,7.1,karachi
2025-11-12 20:00:00,26.3,32.1,24.3,74,6.7,karachi
2025-11-12 21:00:00,26.8,32.9,23.9,78,5.8,karachi
2025-11-12 22:00:00,28.0,34.5,23.5,80,6.0,karachi
2025-11-12 23:00:00,30.7,37.8,22.9,83,4.8,karachi
2025-11-13 00:00:00,33.2,41.3,22.2,84,8.0,karachi
2025-11-13 01:00:00,31.8,40.0,21.5,86,7.4,karachi
2025-11-13 02:00:00,27.6,36.0,21.1,87,6.6,karachi
2025-11-13 03:00:00,24.0,33.4,20.9,88,6.1,karachi
2025-11-13 04:00:00,21.7,32.2,20.4,90,6.5,karachi
2025-11-13 05:00:00,23.9,35.9,19.9,92,6.6,karachi
2025-11-13 06:00:00,26.1,39.1,19.7,90,6.3,karachi
2025-11-13 07:00:00,33.9,46.7,19.2,89,6.3,karachi
2025-11-13 08:00:00,38.4,50.2,19.9,81,4.8,karachi
2025-11-13 09:00:00,32.4,46.3,22.4,68,3.6,karachi
2025-11-13 10:00:00,22.9,42.7,25.1,57,4.0,karachi
2025-11-13 11:00:00,22.2,37.4,27.1,48,1.8,karachi
2025-11-13 12:00:00,24.0,36.4,28.6,37,4.1,karachi
2025-11-13 13:00:00,24.3,37.1,29.1,36,7.4,karachi
2025-11-13 14:00:00,24.8,37.8,29.0,38,9.7,karachi
2025-11-13 15:00:00,25.1,38.1,28.6,38,11.2,karachi
2025-11-13 16:00:00,25.6,38.0,27.9,39,10.9,karachi
2025-11-13 17:00:00,24.2,32.6,27.3,44,9.1,karachi
2025-11-13 18:00:00,30.9,37.6,26.0,56,8.1,karachi
2025-11-13 19:00:00,30.3,37.0,25.1,67,7.7,karachi
2025-11-13 20:00:00,27.9,34.8,24.5,71,7.7,karachi
2025-11-13 21:00:00,26.7,33.8,23.8,75,7.2,karachi
2025-11-13 22:00:00,27.6,34.8,23.1,78,7.6,karachi
2025-11-13 23:00:00,29.8,37.0,22.4,78,7.2,karachi
2025-11-14 00:00:00,31.7,38.4,22.0,79,7.3,karachi
2025-11-14 01:00:00,32.1,38.5,21.5,80,7.2,karachi
2025-11-14 02:00:00,31.8,38.1,21.0,83,7.3,karachi
2025-11-14 03:00:00,30.7,37.1,20.5,85,7.4,karachi
2025-11-14 04:00:00,29.3,35.6,20.1,86,7.5,karachi
2025-11-14 05:00:00,30.6,37.4,19.7,86,6.2,karachi
2025-11-14 06:00:00,31.4,37.4,19.4,86,6.3,karachi
2025-11-14 07:00:00,39.2,44.7,18.9,85,6.2,karachi
2025-11-14 08:00:00,50.5,55.3,19.7,75,5.9,karachi
2025-11-14 09:00:00,39.2,47.0,22.5,59,4.7,karachi
2025-11-14 10:00:00,25.3,37.4,25.5,44,3.4,karachi
2025-11-14 11:00:00,20.8,31.9,28.2,33,3.8,karachi
2025-11-14 12:00:00,18.3,27.5,29.5,24,4.5,karachi
2025-11-14 13:00:00,17.7,25.6,29.8,28,7.9,karachi
2025-11-14 14:00:00,18.1,25.6,29.5,35,10.9,karachi
2025-11-14 15:00:00,18.5,26.0,29.1,35,12.6,karachi
2025-11-14 16:00:00,18.7,26.4,28.3,35,13.6,karachi
2025-11-14 17:00:00,17.0,22.6,26.9,39,12.1,karachi
2025-11-14 18:00:00,27.0,31.9,25.6,48,9.3,karachi
2025-11-14 19:00:00,27.0,32.6,24.5,59,9.1,karachi
2025-11-14 20:00:00,25.1,31.7,23.8,64,7.8,karachi
2025-11-14 21:00:00,25.0,32.2,23.3,65,7.5,karachi
2025-11-14 22:00:00,27.1,34.6,22.8,65,6.4,karachi
2025-11-14 23:00:00,31.4,38.8,22.0,68,5.7,karachi
2025-11-15 00:00:00,34.9,40.7,21.4,69,7.8,karachi
2025-11-15 01:00:00,34.1,38.6,20.8,69,8.1,karachi
2025-11-15 02:00:00,31.5,35.4,20.3,70,8.1,karachi
2025-11-15 03:00:00,28.9,32.2,19.8,72,8.6,karachi
2025-11-15 04:00:00,26.4,29.3,19.8,71,9.0,karachi
2025-11-15 05:00:00,29.7,34.0,19.5,74,9.2,karachi
2025-11-15 06:00:00,30.0,34.0,19.2,71,8.5,karachi
2025-11-15 07:00:00,38.3,42.3,19.0,68,7.2,karachi
2025-11-15 08:00:00,51.1,54.5,19.5,63,6.5,karachi
2025-11-15 09:00:00,42.0,48.1,21.9,50,4.7,karachi
2025-11-15 10:00:00,25.0,37.5,25.5,36,5.0,karachi
2025-11-15 11:00:00,19.4,29.3,28.0,28,3.1,karachi
2025-11-15 12:00:00,18.1,25.3,29.3,20,1.4,karachi
2025-11-15 13:00:00,18.9,25.1,29.9,20,5.1,karachi
2025-11-15 14:00:00,20.4,26.4,30.0,23,8.0,karachi
2025-11-15 15:00:00,21.3,27.2,29.6,28,10.5,karachi
2025-11-15 16:00:00,21.4,27.2,28.6,34,12.9,karachi
2025-11-15 17:00:00,19.1,22.3,27.8,30,13.7,karachi
2025-11-15 18:00:00,31.1,33.3,26.5,32,11.1,karachi
2025-11-15 19:00:00,30.4,32.4,25.3,36,8.5,karachi
2025-11-15 20:00:00,29.9,31.8,24.5,43,7.0,karachi
2025-11-15 21:00:00,31.1,32.8,23.7,50,7.2,karachi
2025-11-15 22:00:00,34.9,36.7,23.0,52,7.7,karachi
2025-11-15 23:00:00,41.9,43.4,22.4,54,8.0,karachi
2025-11-16 00:00:00,42.8,44.0,22.0,54,8.1,karachi
2025-11-16 01:00:00,36.7,37.6,21.4,56,8.5,karachi
2025-11-16 02:00:00,31.5,32.4,20.8,55,8.1,karachi
2025-11-16 03:00:00,27.8,28.6,20.5,50,8.0,karachi
2025-11-16 04:00:00,24.7,25.5,20.5,42,9.4,karachi
2025-11-16 05:00:00,24.9,25.5,19.9,41,8.9,karachi
2025-11-16 06:00:00,23.9,24.4,19.3,43,9.0,karachi
2025-11-16 07:00:00,28.9,29.5,19.1,44,9.0,karachi
2025-11-16 08:00:00,34.3,34.8,20.0,42,8.9,karachi
2025-11-16 09:00:00,35.9,36.3,22.3,36,8.5,karachi
2025-11-16 10:00:00,25.2,26.1,25.9,28,6.2,karachi
2025-11-16 11:00:00,18.1,18.9,28.4,22,5.5,karachi
2025-11-16 12:00:00,15.8,16.5,29.8,18,5.2,karachi
2025-11-16 13:00:00,16.8,17.4,30.4,17,3.2,karachi
2025-11-16 14:00:00,17.7,18.3,30.6,17,2.5,karachi
2025-11-16 15:00:00,18.2,18.9,30.5,18,2.1,karachi
2025-11-16 16:00:00,18.4,19.0,30.1,19,3.1,karachi
2025-11-16 17:00:00,15.5,15.8,28.6,33,6.5,karachi
2025-11-16 18:00:00,32.9,33.2,27.0,44,9.4,karachi
2025-11-16 19:00:00,44.4,44.6,25.9,46,9.4,karachi
2025-11-16 20:00:00,48.3,48.4,25.4,44,8.2,karachi
2025-11-16 21:00:00,51.6,51.7,24.6,47,6.6,karachi
2025-11-16 22:00:00,53.9,54.1,23.5,48,7.6,karachi
2025-11-16 23:00:00,54.1,54.4,22.5,43,7.6,karachi
2025-11-17 00:00:00,50.8,51.1,22.2,37,7.3,karachi
2025-11-17 01:00:00,45.2,45.4,21.5,38,8.1,karachi
2025-11-17 02:00:00,40.2,40.5,20.7,40,8.3,karachi
2025-11-17 03:00:00,35.5,35.9,20.2,43,8.3,karachi
2025-11-17 04:00:00,30.3,30.5,19.8,44,7.7,karachi
2025-11-17 05:00:00,29.7,30.0,18.5,48,6.0,karachi
2025-11-17 06:00:00,27.4,27.6,18.1,49,5.4,karachi
2025-11-17 07:00:00,32.9,33.3,18.0,49,5.0,karachi
2025-11-17 08:00:00,42.4,42.6,18.7,47,4.8,karachi
2025-11-17 09:00:00,40.0,40.4,21.5,40,3.5,karachi
2025-11-17 10:00:00,28.8,29.4,25.1,28,1.9,karachi
2025-11-17 11:00:00,19.0,19.5,27.5,22,1.6,karachi
2025-11-17 12:00:00,18.6,19.0,28.8,20,3.7,karachi
2025-11-17 13:00:00,20.5,20.8,29.2,21,6.2,karachi
2025-11-17 14:00:00,22.5,22.9,29.3,23,8.7,karachi
2025-11-17 15:00:00,24.6,25.1,28.9,27,9.9,karachi
2025-11-17 16:00:00,26.3,26.7,28.1,33,10.0,karachi
2025-11-17 17:00:00,27.0,27.4,27.3,37,9.4,karachi
2025-11-17 18:00:00,44.9,45.4,26.1,42,8.3,karachi
2025-11-17 19:00:00,44.9,45.5,25.0,49,6.9,karachi
2025-11-17 20:00:00,42.6,43.4,24.4,52,6.8,karachi
2025-11-17 21:00:00,41.1,42.3,23.9,54,6.5,karachi
2025-11-17 22:00:00,41.3,42.7,23.1,57,6.9,karachi
2025-11-17 23:00:00,43.5,45.3,22.4,60,6.0,karachi
2025-11-18 00:00:00,45.5,47.6,21.5,63,7.3,karachi
2025-11-18 01:00:00,46.3,48.7,20.9,66,7.6,karachi
2025-11-18 02:00:00,47.3,49.7,20.4,69,7.6,karachi
2025-11-18 03:00:00,47.5,49.7,19.9,72,7.0,karachi
2025-11-18 04:00:00,44.5,46.4,19.4,75,6.1,karachi
2025-11-18 05:00:00,48.1,50.3,18.4,73,3.5,karachi
2025-11-18 06:00:00,47.3,49.2,18.1,73,5.8,karachi
2025-11-18 07:00:00,52.7,54.5,17.5,74,6.9,karachi
2025-11-18 08:00:00,59.3,60.8,18.5,69,6.2,karachi
2025-11-18 09:00:00,46.1,48.4,21.4,57,5.5,karachi
2025-11-18 10:00:00,32.0,36.1,24.5,52,4.2,karachi
2025-11-18 11:00:00,29.5,32.4,26.5,45,1.7,karachi
2025-11-18 12:00:00,28.9,31.0,28.2,31,0.6,karachi
2025-11-18 13:00:00,29.4,31.2,29.0,28,3.0,karachi
2025-11-18 14:00:00,30.4,32.2,29.1,31,6.4,karachi
2025-11-18 15:00:00,31.3,33.2,28.5,41,10.4,karachi
2025-11-18 16:00:00,31.9,33.9,27.3,51,12.9,karachi
2025-11-18 17:00:00,31.7,33.4,26.7,49,11.7,karachi
2025-11-18 18:00:00,45.5,47.3,25.8,49,8.1,karachi
2025-11-18 19:00:00,45.4,47.4,24.8,55,6.2,karachi
2025-11-18 20:00:00,44.6,46.9,23.9,60,5.4,karachi
2025-11-18 21:00:00,45.5,48.1,23.2,66,6.7,karachi
2025-11-18 22:00:00,46.9,49.5,22.5,72,8.2,karachi
2025-11-18 23:00:00,48.3,51.0,21.6,73,7.4,karachi
2025-11-19 00:00:00,48.3,51.0,21.0,74,6.7,karachi
2025-11-19 01:00:00,47.3,50.1,20.4,74,5.4,karachi
2025-11-19 02:00:00,46.1,49.1,19.8,76,4.9,karachi
2025-11-19 03:00:00,44.2,47.4,19.2,78,5.6,karachi
2025-11-19 04:00:00,41.4,44.7,18.9,80,6.8,karachi
2025-11-19 05:00:00,44.4,48.1,18.8,81,7.5,karachi
2025-11-19 06:00:00,44.1,47.7,18.5,81,7.3,karachi
2025-11-19 07:00:00,50.9,54.7,18.2,80,6.5,karachi
2025-11-19 08:00:00,59.6,62.9,19.0,73,4.9,karachi
2025-11-19 09:00:00,45.5,49.0,21.8,61,3.2,karachi
2025-11-19 10:00:00,35.0,39.5,24.6,59,1.7,karachi
2025-11-19 11:00:00,32.1,35.9,26.5,51,2.9,karachi
2025-11-19 12:00:00,33.2,36.1,27.6,43,5.6,karachi
2025-11-19 13:00:00,35.0,37.6,28.0,42,7.9,karachi
2025-11-19 14:00:00,36.7,39.0,28.0,41,9.5,karachi
2025-11-19 15:00:00,37.6,39.9,27.8,43,9.8,karachi
2025-11-19 16:00:00,37.5,39.7,27.1,47,8.9,karachi
2025-11-19 17:00:00,34.1,35.9,26.4,48,7.7,karachi
2025-11-19 18:00:00,41.7,43.0,25.5,53,7.6,karachi
2025-11-19 19:00:00,42.8,44.1,24.8,57,7.3,karachi
2025-11-19 20:00:00,41.2,42.5,23.9,61,6.8,karachi
2025-11-19 21:00:00,39.7,41.0,23.2,65,6.8,karachi
2025-11-19 22:00:00,38.8,40.0,22.6,68,8.0,karachi
2025-11-19 23:00:00,38.1,39.2,21.8,71,8.4,karachi
2025-11-20 00:00:00,35.6,36.8,21.2,75,8.9,karachi
2025-11-20 01:00:00,32.1,33.4,20.7,79,8.1,karachi
2025-11-20 02:00:00,29.5,30.9,20.2,83,7.9,karachi
2025-11-20 03:00:00,27.9,29.3,19.8,85,7.1,karachi
2025-11-20 04:00:00,27.2,28.6,19.4,85,6.8,karachi
2025-11-20 05:00:00,33.5,35.0,18.6,85,6.7,karachi
2025-11-20 06:00:00,38.8,40.0,18.1,85,6.6,karachi
2025-11-20 07:00:00,50.3,51.6,17.8,84,6.8,karachi
2025-11-20 08:00:00,60.3,61.2,18.5,80,7.3,karachi
2025-11-20 09:00:00,46.4,47.7,21.4,67,6.7,karachi
2025-11-20 10:00:00,32.4,34.2,24.5,58,4.4,karachi
2025-11-20 11:00:00,29.0,30.6,26.2,49,1.3,karachi
2025-11-20 12:00:00,30.2,31.7,27.9,37,1.6,karachi
2025-11-20 13:00:00,33.1,34.6,28.5,36,4.4,karachi
2025-11-20 14:00:00,35.0,36.4,28.4,42,7.4,karachi
2025-11-20 15:00:00,36.3,37.7,28.0,47,9.2,karachi
2025-11-20 16:00:00,36.7,38.1,27.4,48,10.3,karachi
2025-11-20 17:00:00,31.7,32.2,26.8,48,10.3,karachi
2025-11-20 18:00:00,36.1,36.7,25.6,58,8.4,karachi
2025-11-20 19:00:00,36.8,37.5,24.7,67,6.9,karachi
2025-11-20 20:00:00,34.2,34.8,23.8,74,6.8,karachi
2025-11-20 21:00:00,33.1,33.6,23.2,75,7.5,karachi
2025-11-20 22:00:00,33.3,34.0,22.6,76,8.7,karachi
2025-11-20 23:00:00,34.1,34.8,22.0,77,8.5,karachi
2025-11-21 00:00:00,33.4,34.0,21.5,79,8.4,karachi
2025-11-21 01:00:00,31.1,31.8,20.9,81,7.9,karachi
2025-11-21 02:00:00,29.7,30.5,20.4,83,7.1,karachi
2025-11-21 03:00:00,30.4,31.1,19.9,84,6.5,karachi
2025-11-21 04:00:00,33.1,33.6,19.5,82,5.8,karachi
2025-11-21 05:00:00,38.0,38.4,19.0,85,5.1,karachi
2025-11-21 06:00:00,38.5,38.9,18.9,79,4.9,karachi
2025-11-21 07:00:00,46.8,47.1,18.5,74,5.4,karachi
2025-11-21 08:00:00,58.6,58.8,19.0,67,5.2,karachi
2025-11-21 09:00:00,40.3,40.6,21.5,55,5.0,karachi
2025-11-21 10:00:00,24.2,24.7,24.7,39,3.2,karachi
2025-11-21 11:00:00,24.4,24.8,27.1,28,4.0,karachi
2025-11-21 12:00:00,26.1,26.7,28.5,23,4.1,karachi
2025-11-21 13:00:00,27.9,28.6,29.2,21,4.4,karachi
2025-11-21 14:00:00,29.5,30.5,29.4,22,6.0,karachi
2025-11-21 15:00:00,31.1,32.1,29.2,24,8.2,karachi
2025-11-21 16:00:00,32.1,33.2,28.6,27,9.3,karachi
2025-11-21 17:00:00,48.9,50.9,27.5,29,9.3,karachi
2025-11-21 18:00:00,56.9,58.4,26.1,35,7.0,karachi
2025-11-21 19:00:00,56.8,58.2,25.0,42,6.8,karachi
2025-11-21 20:00:00,54.1,55.6,23.8,53,7.6,karachi
2025-11-21 21:00:00,53.8,55.4,23.0,61,7.6,karachi
2025-11-21 22:00:00,56.7,58.3,22.5,64,8.1,karachi
2025-11-21 23:00:00,59.8,61.5,21.8,71,7.4,karachi
2025-11-22 00:00:00,59.3,60.8,21.2,73,9.1,karachi
2025-11-22 01:00:00,56.1,58.0,20.8,74,9.0,karachi
2025-11-22 02:00:00,50.9,52.7,20.5,75,8.6,karachi
2025-11-22 03:00:00,46.3,48.2,20.2,74,8.9,karachi
2025-11-22 04:00:00,42.6,44.6,20.0,67,8.4,karachi
2025-11-22 05:00:00,41.2,43.0,19.7,59,7.5,karachi
2025-11-22 06:00:00,40.5,42.1,19.4,56,7.3,karachi
2025-11-22 07:00:00,45.3,46.8,19.0,56,6.9,karachi
2025-11-22 08:00:00,51.3,52.6,19.4,54,6.7,karachi
2025-11-22 09:00:00,52.9,54.1,21.6,48,5.9,karachi
2025-11-22 10:00:00,50.8,52.6,24.8,39,4.4,karachi
2025-11-22 11:00:00,52.4,56.5,26.9,31,3.5,karachi
2025-11-22 12:00:00,49.2,54.2,28.0,28,2.8,karachi
2025-11-22 13:00:00,47.0,52.2,28.6,28,4.7,karachi
2025-11-22 14:00:00,47.3,52.5,28.7,30,8.3,karachi
2025-11-22 15:00:00,48.3,53.7,28.1,36,11.4,karachi
2025-11-22 16:00:00,49.4,54.5,27.4,39,11.1,karachi
2025-11-22 17:00:00,64.3,69.8,26.5,41,8.4,karachi
2025-11-22 18:00:00,73.1,78.0,25.4,44,6.7,karachi
2025-11-22 19:00:00,72.4,77.5,24.6,46,6.8,karachi
2025-11-22 20:00:00,69.6,75.7,24.0,48,6.3,karachi
2025-11-22 21:00:00,68.0,75.0,23.6,51,4.2,karachi
2025-11-22 22:00:00,69.8,78.0,23.2,53,4.3,karachi
2025-11-22 23:00:00,78.2,86.8,22.2,67,2.7,karachi
2025-11-23 00:00:00,81.5,87.5,22.1,65,4.4,karachi
2025-11-23 01:00:00,75.2,79.6,21.0,69,6.4,karachi
2025-11-23 02:00:00,70.3,73.6,20.0,71,6.7,karachi
2025-11-23 03:00:00,66.1,69.4,19.3,74,7.2,karachi
2025-11-23 04:00:00,62.6,65.9,19.1,74,6.9,karachi
2025-11-23 05:00:00,72.2,75.4,18.7,66,6.9,karachi
2025-11-23 06:00:00,68.2,72.4,18.4,62,6.6,karachi
2025-11-23 07:00:00,72.4,76.6,18.2,59,6.8,karachi
2025-11-23 08:00:00,79.4,83.4,18.9,55,6.3,karachi
2025-11-23 09:00:00,70.8,76.4,21.5,47,6.3,karachi
2025-11-23 10:00:00,56.5,68.2,24.1,39,4.6,karachi
2025-11-23 11:00:00,51.0,65.0,25.9,38,3.1,karachi
2025-11-23 12:00:00,50.2,62.4,27.0,34,4.2,karachi
2025-11-23 13:00:00,48.8,62.2,27.6,32,6.5,karachi
2025-11-23 14:00:00,47.3,63.1,27.8,31,8.3,karachi
2025-11-23 15:00:00,46.4,63.1,27.7,30,8.7,karachi
2025-11-23 16:00:00,46.7,61.7,27.4,30,8.8,karachi
2025-11-23 17:00:00,50.8,58.9,26.4,37,9.7,karachi
2025-11-23 18:00:00,68.9,74.5,25.2,47,7.5,karachi
2025-11-23 19:00:00,74.0,78.5,24.4,55,6.9,karachi
2025-11-23 20:00:00,76.4,80.3,23.4,58,7.1,karachi
2025-11-23 21:00:00,79.9,83.8,22.8,61,7.2,karachi
2025-11-23 22:00:00,84.3,88.0,22.2,63,5.8,karachi
2025-11-23 23:00:00,78.9,81.5,21.5,67,5.2,karachi
2025-11-24 00:00:00,69.6,71.9,21.2,65,7.1,karachi
2025-11-24 01:00:00,61.0,63.3,21.0,63,6.3,karachi
2025-11-24 02:00:00,54.4,56.6,20.0,67,8.0,karachi
2025-11-24 03:00:00,49.1,51.1,19.3,68,9.2,karachi
2025-11-24 04:00:00,44.7,46.7,19.0,63,9.4,karachi
2025-11-24 05:00:00,47.3,49.5,18.2,55,8.2,karachi
2025-11-24 06:00:00,45.2,47.1,18.0,51,8.7,karachi
2025-11-24 07:00:00,49.5,51.5,17.8,51,8.7,karachi
2025-11-24 08:00:00,56.0,58.0,18.4,50,8.2,karachi
2025-11-24 09:00:00,55.5,57.6,20.8,43,7.8,karachi
2025-11-24 10:00:00,49.8,53.3,24.0,35,5.2,karachi
2025-11-24 11:00:00,37.7,42.7,26.4,27,5.5,karachi
2025-11-24 12:00:00,31.3,36.8,27.4,23,4.6,karachi
2025-11-24 13:00:00,28.9,34.1,28.1,20,3.1,karachi
2025-11-24 14:00:00,27.1,31.7,28.5,18,2.7,karachi
2025-11-24 15:00:00,25.7,29.8,28.6,18,3.8,karachi
2025-11-24 16:00:00,25.0,28.6,27.6,28,7.2,karachi
2025-11-24 17:00:00,31.1,34.2,26.2,39,8.5,karachi
2025-11-24 18:00:00,55.8,58.7,24.8,46,10.3,karachi
2025-11-24 19:00:00,73.1,76.4,24.0,49,10.3,karachi
2025-11-24 20:00:00,79.6,82.4,23.5,50,8.3,karachi
2025-11-24 21:00:00,71.2,72.9,22.8,48,6.9,karachi
2025-11-24 22:00:00,58.1,58.8,22.1,40,7.2,karachi
2025-11-24 23:00:00,47.4,48.0,21.2,34,7.6,karachi
2025-11-25 00:00:00,41.8,42.6,20.5,37,8.8,karachi
2025-11-25 01:00:00,39.1,40.4,19.9,40,9.1,karachi
2025-11-25 02:00:00,38.2,39.8,19.5,41,9.5,karachi
2025-11-25 03:00:00,37.7,39.8,19.2,41,9.9,karachi
2025-11-25 04:00:00,37.3,39.6,18.7,43,10.3,karachi
2025-11-25 05:00:00,37.0,39.5,17.9,45,10.9,karachi
2025-11-25 06:00:00,36.9,39.2,17.4,46,11.4,karachi
2025-11-25 07:00:00,39.1,41.4,17.2,47,12.1,karachi
2025-11-25 08:00:00,42.5,44.7,18.4,43,12.2,karachi
2025-11-25 09:00:00,43.3,45.3,20.6,36,10.8,karachi
2025-11-25 10:00:00,41.7,44.1,23.6,29,9.8,karachi
2025-11-25 11:00:00,42.8,45.3,26.0,24,11.2,karachi
2025-11-25 12:00:00,36.3,38.4,27.4,20,11.6,karachi
2025-11-25 13:00:00,32.8,34.7,28.1,19,9.7,karachi
2025-11-25 14:00:00,33.4,35.3,28.5,19,9.8,karachi
2025-11-25 15:00:00,33.8,35.6,28.6,19,9.2,karachi
2025-11-25 16:00:00,34.5,36.3,28.4,20,9.3,karachi
2025-11-25 17:00:00,29.5,30.2,27.7,21,9.6,karachi
2025-11-25 18:00:00,40.5,40.9,26.6,23,9.7,karachi
2025-11-25 19:00:00,43.4,43.8,25.8,25,10.2,karachi
2025-11-25 20:00:00,41.9,42.4,24.4,29,10.6,karachi
2025-11-25 21:00:00,41.4,42.0,23.0,34,10.2,karachi
2025-11-25 22:00:00,42.4,43.2,22.1,36,9.7,karachi
2025-11-25 23:00:00,43.7,44.6,21.5,37,9.6,karachi
2025-11-26 00:00:00,44.0,45.1,21.1,38,9.2,karachi
2025-11-26 01:00:00,43.9,45.1,20.5,40,9.5,karachi
2025-11-26 02:00:00,43.9,45.2,20.0,41,10.0,karachi
2025-11-26 03:00:00,44.1,45.4,20.0,40,10.7,karachi
2025-11-26 04:00:00,44.5,45.9,19.9,39,11.0,karachi
2025-11-26 05:00:00,44.9,46.2,19.5,40,11.6,karachi
2025-11-26 06:00:00,45.9,47.1,19.4,40,11.2,karachi
2025-11-26 07:00:00,49.4,50.6,19.0,40,10.6,karachi
2025-11-26 08:00:00,53.6,54.7,19.5,39,9.7,karachi
2025-11-26 09:00:00,54.2,55.4,21.5,34,7.3,karachi
2025-11-26 10:00:00,49.6,50.9,24.2,29,6.9,karachi
2025-11-26 11:00:00,36.7,37.8,26.6,22,8.3,karachi
2025-11-26 12:00:00,25.1,26.1,27.6,20,5.6,karachi
2025-11-26 13:00:00,21.7,22.9,28.2,18,3.8,karachi
2025-11-26 14:00:00,21.1,22.4,28.3,18,1.1,karachi
2025-11-26 15:00:00,20.8,22.0,28.1,19,3.9,karachi
2025-11-26 16:00:00,20.7,21.9,27.9,19,2.7,karachi
2025-11-26 17:00:00,31.4,32.7,27.2,24,5.9,karachi
2025-11-26 18:00:00,46.1,47.0,25.5,32,9.5,karachi
2025-11-26 19:00:00,48.5,49.2,24.5,33,8.2,karachi
2025-11-26 20:00:00,40.2,40.6,24.0,28,6.3,karachi
2025-11-26 21:00:00,34.0,34.5,23.3,24,6.3,karachi
2025-11-26 22:00:00,31.0,31.4,22.3,27,7.0,karachi
2025-11-26 23:00:00,29.9,30.6,21.1,29,8.4,karachi
2025-11-27 00:00:00,30.4,31.2,20.8,31,9.5,karachi
2025-11-27 01:00:00,31.7,32.6,20.4,33,9.7,karachi
2025-11-27 02:00:00,33.3,34.3,20.0,34,10.0,karachi
2025-11-27 03:00:00,34.6,35.7,19.5,36,10.1,karachi
2025-11-27 04:00:00,35.5,36.7,18.9,38,10.1,karachi
2025-11-27 05:00:00,35.0,36.2,18.5,39,10.8,karachi
2025-11-27 06:00:00,36.0,37.1,18.3,40,11.8,karachi
2025-11-27 07:00:00,38.6,39.8,18.4,39,13.2,karachi
2025-11-27 08:00:00,41.1,42.3,19.4,36,13.0,karachi
2025-11-27 09:00:00,41.7,42.6,21.5,30,12.2,karachi
2025-11-27 10:00:00,37.1,38.3,24.0,25,12.9,karachi
2025-11-27 11:00:00,29.0,29.9,26.0,20,15.9,karachi
2025-11-27 12:00:00,24.5,25.6,27.0,19,15.8,karachi
2025-11-27 13:00:00,25.1,26.4,27.5,19,13.9,karachi
2025-11-27 14:00:00,25.4,26.7,28.0,18,12.6,karachi
2025-11-27 15:00:00,25.8,27.2,28.0,18,12.3,karachi
2025-11-27 16:00:00,26.7,27.9,27.5,18,12.6,karachi
2025-11-27 17:00:00,31.2,32.0,27.1,19,12.5,karachi
2025-11-27 18:00:00,37.5,38.1,25.8,21,10.9,karachi
2025-11-27 19:00:00,39.9,40.5,24.5,24,11.6,karachi
2025-11-27 20:00:00,39.5,39.9,23.3,27,11.8,karachi
2025-11-27 21:00:00,37.8,38.4,22.4,29,11.3,karachi
2025-11-27 22:00:00,36.3,36.8,21.8,30,11.8,karachi
2025-11-27 23:00:00,34.5,35.0,21.2,30,12.0,karachi
2025-11-28 00:00:00,32.6,33.2,20.9,29,12.7,karachi
2025-11-28 01:00:00,31.3,31.9,20.5,29,13.0,karachi
2025-11-28 02:00:00,31.1,31.5,20.2,30,13.2,karachi
2025-11-28 03:00:00,31.4,31.9,19.9,31,13.3,karachi
2025-11-28 04:00:00,31.9,32.5,19.4,32,13.4,karachi
2025-11-28 05:00:00,31.5,32.2,18.7,33,12.8,karachi
2025-11-28 06:00:00,32.2,32.9,18.2,35,12.8,karachi
2025-11-28 07:00:00,34.6,35.4,18.0,36,12.8,karachi
2025-11-28 08:00:00,37.5,38.3,18.5,35,12.8,karachi
2025-11-28 09:00:00,38.6,39.6,20.1,32,11.0,karachi
2025-11-28 10:00:00,39.1,40.5,22.5,28,11.0,karachi
2025-11-28 11:00:00,41.2,43.0,24.7,26,12.6,karachi
2025-11-28 12:00:00,41.1,42.8,26.1,24,13.1,karachi
2025-11-28 13:00:00,39.0,40.7,27.0,21,11.5,karachi
2025-11-28 14:00:00,37.7,39.6,27.5,20,11.1,karachi
2025-11-28 15:00:00,37.4,39.2,27.5,20,11.4,karachi
2025-11-28 16:00:00,38.0,39.7,27.0,21,11.9,karachi
2025-11-28 17:00:00,34.0,34.9,26.5,22,11.9,karachi
2025-11-28 18:00:00,41.6,42.3,25.4,24,10.3,karachi
2025-11-28 19:00:00,43.8,44.4,24.1,27,10.0,karachi
2025-11-28 20:00:00,43.5,44.1,22.9,31,11.0,karachi
2025-11-28 21:00:00,43.7,44.2,22.0,35,10.5,karachi
2025-11-28 22:00:00,44.0,44.8,21.2,38,10.0,karachi
2025-11-28 23:00:00,44.2,45.1,20.4,39,10.2,karachi
2025-11-29 00:00:00,43.3,44.1,20.2,39,10.1,karachi
2025-11-29 01:00:00,41.9,42.7,20.0,39,10.4,karachi
2025-11-29 02:00:00,40.7,41.6,19.5,40,10.8,karachi
2025-11-29 03:00:00,39.7,40.5,19.0,40,11.0,karachi
2025-11-29 04:00:00,39.0,39.8,18.5,41,11.5,karachi
2025-11-29 05:00:00,39.2,40.0,17.9,43,12.0,karachi
2025-11-29 06:00:00,39.7,40.5,17.5,43,12.0,karachi
2025-11-29 07:00:00,42.5,43.4,17.4,42,12.0,karachi
2025-11-29 08:00:00,46.3,47.1,18.0,40,11.8,karachi
2025-11-29 09:00:00,47.3,48.1,19.8,36,9.7,karachi
2025-11-29 10:00:00,45.8,46.9,22.5,30,8.9,karachi
2025-11-29 11:00:00,45.5,47.0,24.9,27,9.8,karachi
2025-11-29 12:00:00,44.6,46.4,26.2,22,9.3,karachi
2025-11-29 13:00:00,42.3,44.1,27.1,20,7.9,karachi
2025-11-29 14:00:00,40.9,42.7,27.5,19,8.1,karachi
2025-11-29 15:00:00,40.3,42.0,27.6,19,7.8,karachi
2025-11-29 16:00:00,40.7,42.4,27.2,19,7.9,karachi
2025-11-29 17:00:00,25.4,25.8,26.5,20,8.8,karachi
2025-11-29 18:00:00,37.8,38.2,25.5,23,8.8,karachi
2025-11-29 19:00:00,40.3,40.5,24.6,25,9.9,karachi
2025-11-29 20:00:00,38.8,39.0,23.5,28,10.3,karachi
2025-11-29 21:00:00,38.4,38.9,22.1,32,10.5,karachi
2025-11-29 22:00:00,39.1,39.6,21.0,36,10.5,karachi
2025-11-29 23:00:00,39.2,39.8,20.0,40,10.3,karachi
2025-11-30 00:00:00,38.4,38.9,19.4,43,9.7,karachi
2025-11-30 01:00:00,36.8,37.4,18.5,45,9.9,karachi
2025-11-30 02:00:00,35.5,36.1,18.0,47,10.4,karachi
2025-11-30 03:00:00,34.6,35.2,17.5,48,10.5,karachi
2025-11-30 04:00:00,34.0,34.6,17.2,48,10.9,karachi
2025-11-30 05:00:00,34.1,34.7,16.6,47,11.2,karachi
2025-11-30 06:00:00,34.7,35.3,16.1,47,11.2,karachi
2025-11-30 07:00:00,38.4,39.0,16.0,47,10.8,karachi
2025-11-30 08:00:00,43.9,44.5,16.7,44,10.2,karachi
2025-11-30 09:00:00,49.1,49.6,18.6,39,8.5,karachi
2025-11-30 10:00:00,46.3,47.1,21.9,32,6.6,karachi
2025-11-30 11:00:00,36.9,38.1,24.9,25,6.1,karachi
2025-11-30 12:00:00,30.7,31.7,26.4,19,6.0,karachi
2025-11-30 13:00:00,27.9,28.8,27.5,16,6.0,karachi
2025-11-30 14:00:00,26.6,27.5,28.0,15,4.0,karachi
2025-11-30 15:00:00,26.1,27.0,28.1,15,1.0,karachi
2025-11-30 16:00:00,25.7,26.5,27.8,17,4.6,karachi
2025-11-30 17:00:00,22.4,22.4,26.9,21,6.5,karachi
2025-11-30 18:00:00,38.0,38.1,24.9,28,9.3,karachi
2025-11-30 19:00:00,39.5,39.6,23.4,35,8.1,karachi
2025-11-30 20:00:00,38.1,38.1,22.4,41,7.3,karachi
2025-11-30 21:00:00,38.3,38.4,21.8,46,7.5,karachi
2025-11-30 22:00:00,39.9,40.2,21.5,50,6.7,karachi
2025-11-30 23:00:00,41.6,41.8,20.5,55,5.4,karachi
2025-12-01 00:00:00,42.6,42.7,19.5,58,7.0,karachi
2025-12-01 01:00:00,42.3,42.5,19.0,59,7.6,karachi
2025-12-01 02:00:00,41.6,41.8,18.4,63,7.9,karachi
2025-12-01 03:00:00,38.9,39.2,17.9,66,7.2,karachi
2025-12-01 04:00:00,33.5,33.9,17.7,69,6.5,karachi
2025-12-01 05:00:00,28.6,29.3,17.5,64,6.7,karachi
2025-12-01 06:00:00,27.2,28.2,16.6,69,6.7,karachi
2025-12-01 07:00:00,32.8,34.0,16.0,72,6.0,karachi
2025-12-01 08:00:00,44.4,45.5,16.2,72,6.3,karachi
2025-12-01 09:00:00,37.6,39.5,18.9,63,4.4,karachi
2025-12-01 10:00:00,28.3,33.1,22.3,50,4.3,karachi
2025-12-01 11:00:00,22.5,31.1,25.1,35,7.2,karachi
2025-12-01 12:00:00,20.0,29.6,26.4,28,8.8,karachi
2025-12-01 13:00:00,18.9,28.5,27.0,24,10.3,karachi
2025-12-01 14:00:00,18.0,27.8,27.1,20,10.6,karachi
2025-12-01 15:00:00,17.6,27.9,27.1,17,10.1,karachi
2025-12-01 16:00:00,17.4,27.9,26.6,17,9.9,karachi
2025-12-01 17:00:00,16.0,24.6,25.5,17,9.5,karachi
2025-12-01 18:00:00,25.8,32.1,23.7,29,8.8,karachi
2025-12-01 19:00:00,30.3,36.1,22.5,41,6.9,karachi
2025-12-01 20:00:00,31.7,37.4,21.6,48,5.8,karachi
2025-12-01 21:00:00,32.9,38.9,21.2,50,3.3,karachi
2025-12-01 22:00:00,35.0,41.9,20.5,58,1.2,karachi
2025-12-01 23:00:00,37.5,45.9,19.5,53,5.7,karachi
2025-12-02 00:00:00,35.4,44.5,18.5,56,3.4,karachi
2025-12-02 01:00:00,32.7,41.6,18.2,56,2.8,karachi
2025-12-02 02:00:00,31.9,41.1,18.0,55,7.2,karachi
2025-12-02 03:00:00,32.4,41.2,17.4,52,7.4,karachi
2025-12-02 04:00:00,31.2,37.6,17.1,44,8.1,karachi
2025-12-02 05:00:00,33.4,39.2,16.2,49,8.0,karachi
2025-12-02 06:00:00,31.9,36.1,15.6,47,8.0,karachi
2025-12-02 07:00:00,36.7,40.5,15.1,47,8.1,karachi
2025-12-02 08:00:00,44.9,47.6,15.6,45,8.6,karachi
2025-12-02 09:00:00,40.6,43.9,17.9,40,8.1,karachi
2025-12-02 10:00:00,33.9,40.0,21.1,32,4.6,karachi
2025-12-02 11:00:00,30.9,42.7,23.5,29,3.1,karachi
2025-12-02 12:00:00,29.8,48.3,24.8,32,3.6,karachi
2025-12-02 13:00:00,30.3,51.2,25.5,32,4.1,karachi
2025-12-02 14:00:00,30.5,49.6,26.1,31,4.9,karachi
2025-12-02 15:00:00,31.0,48.1,26.1,32,6.6,karachi
2025-12-02 16:00:00,31.5,47.1,25.5,37,8.1,karachi
2025-12-02 17:00:00,29.5,44.1,24.1,43,7.6,karachi
2025-12-02 18:00:00,49.2,61.7,23.4,46,4.3,karachi
2025-12-02 19:00:00,60.5,70.8,22.9,49,3.3,karachi
2025-12-02 20:00:00,64.5,72.6,22.2,51,5.1,karachi
2025-12-02 21:00:00,68.0,74.7,21.2,53,8.0,karachi
2025-12-02 22:00:00,65.7,70.5,20.6,43,8.5,karachi
2025-12-02 23:00:00,54.4,56.9,19.9,34,7.6,karachi
2025-12-03 00:00:00,44.4,45.9,19.4,34,8.2,karachi
2025-12-03 01:00:00,37.0,38.1,18.6,37,9.1,karachi
2025-12-03 02:00:00,32.0,32.9,17.6,41,10.0,karachi
2025-12-03 03:00:00,27.9,29.0,17.0,43,10.0,karachi
2025-12-03 04:00:00,24.3,25.5,16.8,43,9.6,karachi
2025-12-03 05:00:00,23.6,24.7,16.6,41,9.7,karachi
2025-12-03 06:00:00,22.2,23.4,16.1,42,10.0,karachi
2025-12-03 07:00:00,24.3,25.6,15.9,42,9.5,karachi
2025-12-03 08:00:00,28.3,29.5,16.1,40,9.8,karachi
2025-12-03 09:00:00,31.2,32.0,18.0,36,8.7,karachi
2025-12-03 10:00:00,26.1,27.6,21.0,29,6.5,karachi
2025-12-03 11:00:00,21.8,24.0,24.1,22,6.9,karachi
2025-12-03 12:00:00,19.2,21.6,26.1,16,9.4,karachi
2025-12-03 13:00:00,18.0,20.4,27.1,13,9.6,karachi
2025-12-03 14:00:00,17.5,19.6,27.5,12,10.1,karachi
2025-12-03 15:00:00,17.0,19.0,27.5,12,10.3,karachi
2025-12-03 16:00:00,16.9,18.7,27.0,12,11.0,karachi
2025-12-03 17:00:00,18.6,20.2,26.2,13,10.8,karachi
2025-12-03 18:00:00,25.6,26.7,25.1,14,11.0,karachi
2025-12-03 19:00:00,27.6,28.6,24.0,16,11.8,karachi
2025-12-03 20:00:00,27.5,28.6,22.5,20,11.8,karachi
2025-12-03 21:00:00,28.3,29.6,21.1,23,12.0,karachi
2025-12-03 22:00:00,29.4,30.9,20.4,27,12.0,karachi
2025-12-03 23:00:00,29.8,31.3,19.7,30,12.3,karachi
2025-12-04 00:00:00,29.4,31.1,19.3,31,11.9,karachi
2025-12-04 01:00:00,28.8,30.5,19.0,32,11.6,karachi
2025-12-04 02:00:00,28.5,30.2,18.6,32,11.1,karachi
2025-12-04 03:00:00,28.2,29.9,18.2,33,10.9,karachi
2025-12-04 04:00:00,28.0,29.6,17.9,33,11.0,karachi
2025-12-04 05:00:00,28.1,29.6,17.9,33,10.6,karachi
2025-12-04 06:00:00,28.4,29.8,17.6,33,10.6,karachi
2025-12-04 07:00:00,30.4,31.5,17.5,33,10.7,karachi
2025-12-04 08:00:00,32.6,33.6,18.0,33,11.3,karachi
2025-12-04 09:00:00,33.1,33.9,20.0,29,10.3,karachi
2025-12-04 10:00:00,30.0,30.9,22.8,25,9.0,karachi
2025-12-04 11:00:00,24.8,25.4,25.2,22,9.6,karachi
2025-12-04 12:00:00,21.5,21.9,26.8,19,10.8,karachi
2025-12-04 13:00:00,20.4,20.8,27.5,19,9.0,karachi
2025-12-04 14:00:00,20.3,20.7,27.9,18,6.6,karachi
2025-12-04 15:00:00,20.4,20.8,27.9,18,5.3,karachi
2025-12-04 16:00:00,20.3,20.7,27.6,18,5.8,karachi
2025-12-04 17:00:00,15.6,15.7,27.0,19,6.1,karachi
2025-12-04 18:00:00,27.5,27.6,25.9,22,6.1,karachi
2025-12-04 19:00:00,30.5,30.5,24.9,23,5.7,karachi
2025-12-04 20:00:00,27.4,27.4,23.6,25,4.6,karachi
2025-12-04 21:00:00,24.3,24.3,22.5,27,4.9,karachi
2025-12-04 22:00:00,22.3,22.3,21.5,29,6.2,karachi
2025-12-04 23:00:00,21.4,21.5,20.5,31,7.3,karachi
2025-12-05 00:00:00,20.9,21.0,19.4,33,8.0,karachi
2025-12-05 01:00:00,20.0,20.1,18.6,35,8.0,karachi
2025-12-05 02:00:00,19.0,19.2,18.0,36,8.1,karachi
2025-12-05 03:00:00,18.2,18.3,17.2,38,8.5,karachi
2025-12-05 04:00:00,17.4,17.6,16.6,40,8.0,karachi
2025-12-05 05:00:00,17.6,17.7,16.1,43,7.1,karachi
2025-12-05 06:00:00,18.4,18.5,15.5,46,7.3,karachi
2025-12-05 07:00:00,23.4,23.6,15.1,47,8.1,karachi
2025-12-05 08:00:00,31.3,31.4,15.6,45,8.0,karachi
2025-12-05 09:00:00,30.3,30.4,18.1,38,6.9,karachi
2025-12-05 10:00:00,26.3,26.5,21.6,29,6.1,karachi
2025-12-05 11:00:00,17.8,18.0,25.0,22,4.3,karachi
2025-12-05 12:00:00,18.5,18.7,26.6,19,4.4,karachi
2025-12-05 13:00:00,18.7,19.0,27.6,17,4.2,karachi
2025-12-05 14:00:00,18.0,18.4,28.1,16,3.1,karachi
2025-12-05 15:00:00,17.0,17.4,28.2,16,2.8,karachi
2025-12-05 16:00:00,16.0,16.4,28.1,17,3.1,karachi
2025-12-05 17:00:00,15.9,16.2,26.9,26,5.0,karachi
2025-12-05 18:00:00,30.4,30.6,24.8,40,8.1,karachi
2025-12-05 19:00:00,36.4,36.6,23.7,42,7.9,karachi
2025-12-05 20:00:00,28.4,28.5,23.2,42,5.0,karachi
2025-12-05 21:00:00,23.9,23.9,22.5,38,6.4,karachi
2025-12-05 22:00:00,22.7,22.8,22.2,30,9.2,karachi
2025-12-05 23:00:00,22.6,22.7,21.2,32,9.8,karachi
2025-12-06 00:00:00,22.3,22.4,20.6,33,10.9,karachi
2025-12-06 01:00:00,21.1,21.2,20.2,35,10.4,karachi
2025-12-06 02:00:00,19.4,19.6,20.0,36,10.3,karachi
2025-12-06 03:00:00,17.6,17.8,19.9,37,9.7,karachi
2025-12-06 04:00:00,16.2,16.4,19.4,38,9.3,karachi
2025-12-06 05:00:00,16.4,16.5,19.0,39,9.3,karachi
2025-12-06 06:00:00,16.4,16.5,18.3,39,9.4,karachi
2025-12-06 07:00:00,19.0,19.2,17.9,40,9.7,karachi
2025-12-06 08:00:00,22.8,23.1,18.1,37,10.4,karachi
2025-12-06 09:00:00,26.2,26.4,20.0,32,10.7,karachi
2025-12-06 10:00:00,24.7,24.9,23.0,26,9.5,karachi
2025-12-06 11:00:00,21.4,21.7,25.4,22,8.6,karachi
2025-12-06 12:00:00,16.9,17.1,26.5,19,10.5,karachi
2025-12-06 13:00:00,17.4,17.5,27.6,18,11.9,karachi
2025-12-06 14:00:00,18.6,18.7,28.0,18,11.4,karachi
2025-12-06 15:00:00,19.2,19.4,28.0,19,10.3,karachi
2025-12-06 16:00:00,19.6,19.8,27.8,19,9.7,karachi
2025-12-06 17:00:00,30.5,30.7,27.5,19,9.2,karachi
2025-12-06 18:00:00,38.4,38.6,26.2,20,9.4,karachi
2025-12-06 19:00:00,39.8,40.0,25.3,21,10.4,karachi
2025-12-06 20:00:00,38.3,38.5,23.9,23,11.1,karachi
2025-12-06 21:00:00,37.7,38.0,22.5,26,10.5,karachi
2025-12-06 22:00:00,38.9,39.1,21.6,28,10.2,karachi
2025-12-06 23:00:00,41.2,41.6,20.8,29,10.0,karachi
2025-12-07 00:00:00,43.3,43.8,20.3,29,9.8,karachi
2025-12-07 01:00:00,45.1,45.4,19.9,29,9.7,karachi
2025-12-07 02:00:00,46.2,46.7,19.5,30,9.1,karachi
2025-12-07 03:00:00,46.9,47.5,19.0,32,9.1,karachi
2025-12-07 04:00:00,47.3,47.8,18.7,33,9.2,karachi
2025-12-07 05:00:00,47.3,47.8,18.4,33,9.2,karachi
2025-12-07 06:00:00,47.8,48.4,17.7,34,9.1,karachi
2025-12-07 07:00:00,51.0,51.6,17.0,37,9.4,karachi
2025-12-07 08:00:00,56.0,56.6,17.2,37,9.3,karachi
2025-12-07 09:00:00,59.4,59.8,19.0,33,7.8,karachi
2025-12-07 10:00:00,57.4,58.0,22.0,28,6.0,karachi
2025-12-07 11:00:00,52.6,53.2,25.0,22,5.5,karachi
2025-12-07 12:00:00,39.5,39.8,27.0,17,4.4,karachi
2025-12-07 13:00:00,31.4,31.7,28.0,17,2.9,karachi
2025-12-07 14:00:00,28.6,28.9,28.5,17,1.3,karachi
2025-12-07 15:00:00,27.9,28.1,28.6,17,2.4,karachi
2025-12-07 16:00:00,28.1,28.2,28.4,17,3.6,karachi
2025-12-07 17:00:00,20.7,20.7,27.1,26,6.7,karachi
2025-12-07 18:00:00,44.1,44.1,25.3,27,9.0,karachi
2025-12-07 19:00:00,57.9,58.0,24.1,29,8.8,karachi
2025-12-07 20:00:00,64.3,64.3,23.4,31,7.5,karachi
2025-12-07 21:00:00,59.5,59.5,22.9,31,7.0,karachi
2025-12-07 22:00:00,49.9,49.9,22.0,32,7.6,karachi
2025-12-07 23:00:00,42.4,42.4,20.8,33,7.1,karachi
2025-12-08 00:00:00,39.2,39.2,19.9,34,7.0,karachi
2025-12-08 01:00:00,38.1,38.1,19.0,36,7.9,karachi
2025-12-08 02:00:00,37.5,37.6,18.2,38,8.1,karachi
2025-12-08 03:00:00,36.6,36.7,17.6,40,8.3,karachi
2025-12-08 04:00:00,35.5,35.7,17.4,41,8.0,karachi
2025-12-08 05:00:00,34.2,34.3,17.0,42,8.7,karachi
2025-12-08 06:00:00,34.3,34.6,16.6,42,9.7,karachi
2025-12-08 07:00:00,37.7,38.1,16.4,43,9.4,karachi
2025-12-08 08:00:00,43.4,43.7,16.6,42,8.9,karachi
2025-12-08 09:00:00,43.9,44.4,18.4,37,7.9,karachi
2025-12-08 10:00:00,43.3,43.9,21.4,30,5.7,karachi
2025-12-08 11:00:00,33.6,34.6,24.9,23,5.2,karachi
2025-12-08 12:00:00,21.7,22.3,27.4,20,4.8,karachi
2025-12-08 13:00:00,17.7,18.2,28.9,17,3.8,karachi
2025-12-08 14:00:00,16.3,16.8,29.5,15,3.2,karachi
2025-12-08 15:00:00,15.5,15.9,29.8,14,4.4,karachi
2025-12-08 16:00:00,15.5,16.0,29.5,13,3.1,karachi
2025-12-08 17:00:00,16.6,16.7,28.4,16,2.0,karachi
2025-12-08 18:00:00,26.8,26.9,26.9,22,2.1,karachi
2025-12-08 19:00:00,29.5,29.5,26.5,19,6.6,karachi
2025-12-08 20:00:00,25.4,25.5,25.6,20,9.9,karachi
2025-12-08 21:00:00,24.4,24.6,23.7,27,10.1,karachi
2025-12-08 22:00:00,25.1,25.4,22.5,30,10.1,karachi
2025-12-08 23:00:00,26.4,27.0,21.5,33,9.8,karachi
2025-12-09 00:00:00,27.3,28.1,20.8,34,10.4,karachi
2025-12-09 01:00:00,27.1,28.2,20.4,35,10.3,karachi
2025-12-09 02:00:00,26.3,27.6,20.0,35,9.6,karachi
2025-12-09 03:00:00,25.2,26.9,19.6,36,9.1,karachi
2025-12-09 04:00:00,24.2,26.1,18.6,38,8.8,karachi
2025-12-09 05:00:00,23.3,25.1,17.8,38,9.2,karachi
2025-12-09 06:00:00,23.3,25.3,17.5,38,9.0,karachi
2025-12-09 07:00:00,25.9,28.2,17.1,39,8.1,karachi
2025-12-09 08:00:00,31.5,34.0,17.1,39,7.6,karachi
2025-12-09 09:00:00,36.8,38.9,19.0,36,5.7,karachi
2025-12-09 10:00:00,38.4,41.1,21.9,30,3.1,karachi
2025-12-09 11:00:00,31.1,35.4,25.5,24,1.4,karachi
2025-12-09 12:00:00,23.5,26.7,27.8,19,1.3,karachi
2025-12-09 13:00:00,18.6,20.4,29.0,16,0.7,karachi
2025-12-09 14:00:00,16.8,18.3,29.5,15,3.1,karachi
2025-12-09 15:00:00,16.2,17.6,29.5,18,6.5,karachi
2025-12-09 16:00:00,16.5,17.8,28.5,29,8.6,karachi
2025-12-09 17:00:00,12.8,12.8,27.0,36,7.7,karachi
2025-12-09 18:00:00,27.5,27.5,25.8,38,6.0,karachi
2025-12-09 19:00:00,32.0,32.0,24.9,35,6.2,karachi
2025-12-09 20:00:00,34.0,34.1,23.5,36,6.0,karachi
2025-12-09 21:00:00,37.8,38.0,22.6,36,3.8,karachi
2025-12-09 22:00:00,43.3,43.5,22.0,37,3.8,karachi
2025-12-09 23:00:00,47.6,47.8,20.5,43,3.3,karachi
2025-12-10 00:00:00,46.4,46.7,20.8,38,3.9,karachi
2025-12-10 01:00:00,44.7,45.2,20.0,36,4.6,karachi
2025-12-10 02:00:00,40.4,40.9,18.5,36,6.4,karachi
2025-12-10 03:00:00,35.3,35.5,17.5,37,6.4,karachi
2025-12-10 04:00:00,30.6,30.7,16.9,38,6.3,karachi
2025-12-10 05:00:00,23.6,23.7,16.2,42,4.9,karachi
2025-12-10 06:00:00,23.3,23.4,15.1,46,5.9,karachi
2025-12-10 07:00:00,28.9,29.0,14.2,48,6.7,karachi
2025-12-10 08:00:00,41.7,41.9,14.9,46,7.0,karachi
2025-12-10 09:00:00,39.9,40.0,18.2,35,5.0,karachi
2025-12-10 10:00:00,28.8,28.8,22.2,28,4.2,karachi
2025-12-10 11:00:00,21.8,21.9,25.4,25,1.0,karachi
2025-12-10 12:00:00,20.9,21.0,27.4,22,2.3,karachi
2025-12-10 13:00:00,18.6,18.7,28.2,21,6.2,karachi
2025-12-10 14:00:00,17.9,18.0,28.2,25,9.1,karachi
2025-12-10 15:00:00,17.9,18.0,27.9,27,9.8,karachi
2025-12-10 16:00:00,17.3,17.4,27.5,26,9.7,karachi
2025-12-10 17:00:00,14.6,14.8,26.0,38,7.8,karachi
2025-12-10 18:00:00,22.8,22.9,24.2,54,7.2,karachi
2025-12-10 19:00:00,29.5,29.7,23.1,63,6.0,karachi
2025-12-10 20:00:00,34.0,34.6,22.4,67,5.6,karachi
2025-12-10 21:00:00,37.5,38.6,21.8,71,5.6,karachi
2025-12-10 22:00:00,39.0,40.4,21.3,75,4.7,karachi
2025-12-10 23:00:00,39.1,40.9,19.6,82,2.7,karachi
2025-12-11 00:00:00,36.6,38.8,19.0,81,4.7,karachi
2025-12-11 01:00:00,31.8,34.2,17.8,86,5.4,karachi
2025-12-11 02:00:00,26.4,29.0,17.2,86,4.7,karachi
2025-12-11 03:00:00,21.9,24.7,16.9,85,4.5,karachi
2025-12-11 04:00:00,18.9,21.8,16.5,86,4.5,karachi
2025-12-11 05:00:00,22.4,25.9,15.4,86,2.7,karachi
2025-12-11 06:00:00,22.6,26.3,15.3,85,2.7,karachi
2025-12-11 07:00:00,28.3,32.1,15.0,85,3.1,karachi
2025-12-11 08:00:00,41.6,45.3,15.6,82,2.9,karachi
2025-12-11 09:00:00,49.9,52.5,18.4,76,1.8,karachi
2025-12-11 10:00:00,25.4,30.6,21.6,70,1.3,karachi
2025-12-11 11:00:00,21.7,27.7,23.8,69,3.8,karachi
2025-12-11 12:00:00,17.9,23.9,25.2,62,5.4,karachi
2025-12-11 13:00:00,16.5,22.3,26.0,57,7.3,karachi
2025-12-11 14:00:00,16.4,22.1,26.1,56,9.2,karachi
2025-12-11 15:00:00,15.5,20.8,26.0,56,10.2,karachi
2025-12-11 16:00:00,14.6,19.7,25.5,56,9.3,karachi
2025-12-11 17:00:00,10.9,12.1,24.8,62,8.2,karachi
2025-12-11 18:00:00,18.9,20.1,23.7,69,7.6,karachi
2025-12-11 19:00:00,24.4,26.0,22.9,74,7.1,karachi
2025-12-11 20:00:00,26.7,28.3,22.2,80,6.0,karachi
2025-12-11 21:00:00,29.9,31.8,21.7,84,5.2,karachi
2025-12-11 22:00:00,35.0,37.3,21.2,87,4.7,karachi
2025-12-11 23:00:00,39.7,42.3,19.6,90,3.3,karachi
2025-12-12 00:00:00,40.9,43.9,19.4,90,4.0,karachi
2025-12-12 01:00:00,37.8,41.0,18.6,92,3.8,karachi
2025-12-12 02:00:00,32.2,35.7,18.0,93,4.2,karachi
2025-12-12 03:00:00,28.5,32.6,17.2,94,4.9,karachi
2025-12-12 04:00:00,27.1,32.2,16.6,95,5.8,karachi
2025-12-12 05:00:00,34.1,36.9,15.1,99,5.8,karachi
2025-12-12 06:00:00,30.7,33.3,15.3,99,5.6,karachi
2025-12-12 07:00:00,35.5,38.3,15.4,99,4.5,karachi
2025-12-12 08:00:00,37.1,40.4,15.8,97,3.8,karachi
2025-12-12 09:00:00,38.1,41.0,16.3,99,3.2,karachi
2025-12-12 10:00:00,26.8,30.4,18.0,92,2.3,karachi
2025-12-12 11:00:00,23.5,27.9,21.2,82,3.3,karachi
2025-12-12 12:00:00,21.9,26.7,23.6,71,5.8,karachi
2025-12-12 13:00:00,19.2,24.1,24.8,63,8.5,karachi
2025-12-12 14:00:00,16.9,21.1,25.2,59,9.5,karachi
2025-12-12 15:00:00,14.8,18.2,25.4,57,10.4,karachi
2025-12-12 16:00:00,12.6,15.5,25.1,54,11.1,karachi
2025-12-12 17:00:00,9.7,11.3,24.4,57,10.5,karachi
2025-12-12 18:00:00,15.4,16.8,23.2,65,8.6,karachi
2025-12-12 19:00:00,21.4,22.8,22.5,70,7.2,karachi
2025-12-12 20:00:00,24.7,26.4,22.1,73,7.0,karachi
2025-12-12 21:00:00,27.4,29.2,21.6,77,6.9,karachi
2025-12-12 22:00:00,29.9,32.1,21.2,78,6.7,karachi
2025-12-12 23:00:00,30.9,33.4,20.4,77,4.4,karachi
2025-12-13 00:00:00,28.8,31.7,20.2,77,4.6,karachi
2025-12-13 01:00:00,25.6,28.7,19.9,79,4.7,karachi
2025-12-13 02:00:00,22.2,25.5,19.5,81,5.2,karachi
2025-12-13 03:00:00,19.5,23.0,19.4,84,5.7,karachi
2025-12-13 04:00:00,17.8,21.4,19.2,86,5.6,karachi
2025-12-13 05:00:00,23.6,28.6,19.0,83,5.6,karachi
2025-12-13 06:00:00,26.6,31.7,18.3,85,4.4,karachi
2025-12-13 07:00:00,34.7,39.3,17.1,87,5.9,karachi
2025-12-13 08:00:00,48.4,51.1,16.6,89,6.7,karachi
2025-12-13 09:00:00,43.7,45.1,18.8,80,4.2,karachi
2025-12-13 10:00:00,32.1,33.8,22.0,67,2.7,karachi
2025-12-13 11:00:00,17.0,20.1,24.0,65,4.1,karachi
2025-12-13 12:00:00,13.6,15.6,25.5,56,6.4,karachi
2025-12-13 13:00:00,13.3,14.6,26.3,50,8.1,karachi
2025-12-13 14:00:00,13.4,14.5,26.5,48,9.5,karachi
2025-12-13 15:00:00,13.3,14.3,26.3,47,10.1,karachi
2025-12-13 16:00:00,13.0,14.0,25.5,51,10.1,karachi
2025-12-13 17:00:00,8.1,8.1,24.6,55,9.5,karachi
2025-12-13 18:00:00,14.6,14.7,23.5,66,8.1,karachi
2025-12-13 19:00:00,20.9,21.6,22.5,74,6.8,karachi
2025-12-13 20:00:00,23.2,24.0,21.9,78,4.8,karachi
2025-12-13 21:00:00,25.1,26.0,21.3,81,3.7,karachi
2025-12-13 22:00:00,28.1,29.2,20.8,83,3.4,karachi
2025-12-13 23:00:00,31.0,32.4,19.6,88,2.5,karachi
2025-12-14 00:00:00,32.9,34.3,19.6,87,4.8,karachi
2025-12-14 01:00:00,32.5,34.0,19.0,89,5.4,karachi
2025-12-14 02:00:00,30.0,31.7,18.4,91,5.6,karachi
2025-12-14 03:00:00,28.2,29.9,17.6,94,6.2,karachi
2025-12-14 04:00:00,28.3,30.2,17.0,94,6.0,karachi
2025-12-14 05:00:00,32.2,33.6,16.5,92,6.5,karachi
2025-12-14 06:00:00,31.8,32.5,16.3,89,7.1,karachi
2025-12-14 07:00:00,36.3,37.1,16.1,89,7.3,karachi
2025-12-14 08:00:00,45.2,45.9,16.5,84,7.8,karachi
2025-12-14 09:00:00,34.1,34.9,18.4,72,7.2,karachi
2025-12-14 10:00:00,20.4,22.5,21.4,57,5.9,karachi
2025-12-14 11:00:00,15.4,17.9,23.2,51,6.4,karachi
2025-12-14 12:00:00,14.6,16.9,24.6,39,4.5,karachi
2025-12-14 13:00:00,15.9,17.9,25.6,33,3.5,karachi
2025-12-14 14:00:00,17.5,19.4,26.4,29,2.9,karachi
2025-12-14 15:00:00,19.0,20.9,26.5,28,3.4,karachi
2025-12-14 16:00:00,20.4,22.2,26.2,32,5.0,karachi
2025-12-14 17:00:00,44.5,55.1,25.4,43,7.3,karachi
2025-12-14 18:00:00,52.0,61.9,24.0,55,8.1,karachi
2025-12-14 19:00:00,59.5,68.5,23.0,59,6.4,karachi
2025-12-14 20:00:00,62.4,70.8,22.5,59,2.8,karachi
2025-12-14 21:00:00,69.4,77.1,22.0,53,8.3,karachi
2025-12-14 22:00:00,75.4,81.5,21.0,47,9.6,karachi
2025-12-14 23:00:00,73.1,77.8,19.9,51,9.9,karachi
2025-12-15 00:00:00,73.3,78.0,19.1,53,10.3,karachi
2025-12-15 01:00:00,74.0,78.9,18.5,56,10.7,karachi
2025-12-15 02:00:00,73.6,78.7,18.0,58,10.4,karachi
2025-12-15 03:00:00,71.9,76.8,17.6,60,10.7,karachi
2025-12-15 04:00:00,68.9,73.6,17.3,61,11.1,karachi
2025-12-15 05:00:00,66.4,71.0,17.0,61,11.1,karachi
2025-12-15 06:00:00,64.0,68.7,16.8,62,10.5,karachi
2025-12-15 07:00:00,64.0,68.7,16.5,63,10.4,karachi
2025-12-15 08:00:00,65.4,70.1,16.5,62,10.0,karachi
2025-12-15 09:00:00,65.7,69.6,18.1,56,8.0,karachi
2025-12-15 10:00:00,63.1,67.8,20.8,47,6.7,karachi
2025-12-15 11:00:00,57.9,64.3,23.5,39,6.4,karachi
2025-12-15 12:00:00,49.9,56.0,25.5,31,6.5,karachi
2025-12-15 13:00:00,42.3,46.9,26.6,28,5.2,karachi
2025-12-15 14:00:00,38.0,41.8,27.3,26,4.4,karachi
2025-12-15 15:00:00,35.6,39.1,27.5,25,3.6,karachi
2025-12-15 16:00:00,34.8,38.0,27.4,25,3.1,karachi
2025-12-15 17:00:00,33.3,35.2,27.0,27,4.1,karachi
2025-12-15 18:00:00,50.3,51.9,25.7,31,2.0,karachi
2025-12-15 19:00:00,61.5,63.1,24.8,33,5.2,karachi
2025-12-15 20:00:00,56.3,57.5,23.7,35,10.0,karachi
2025-12-15 21:00:00,54.6,56.0,22.1,42,11.0,karachi
2025-12-15 22:00:00,56.1,58.1,21.0,47,11.0,karachi
2025-12-15 23:00:00,57.5,60.1,20.1,51,11.0,karachi
2025-12-16 00:00:00,57.6,60.5,19.5,54,11.1,karachi
2025-12-16 01:00:00,56.6,59.6,19.1,56,11.2,karachi
2025-12-16 02:00:00,54.7,57.9,18.7,58,11.1,karachi
2025-12-16 03:00:00,52.7,55.9,18.3,58,11.6,karachi
2025-12-16 04:00:00,51.0,54.1,18.0,58,11.9,karachi
2025-12-16 05:00:00,50.1,53.2,17.8,58,11.9,karachi
2025-12-16 06:00:00,49.7,52.7,17.6,57,11.7,karachi
2025-12-16 07:00:00,51.7,54.5,17.5,57,11.8,karachi
2025-12-16 08:00:00,54.8,57.6,17.8,55,11.9,karachi
2025-12-16 09:00:00,57.5,59.8,19.5,49,11.1,karachi
2025-12-16 10:00:00,58.3,61.2,22.1,42,10.7,karachi
2025-12-16 11:00:00,53.9,57.4,24.6,36,11.6,karachi
2025-12-16 12:00:00,44.0,47.0,26.3,30,14.1,karachi
2025-12-16 13:00:00,35.7,38.0,27.3,28,14.1,karachi
2025-12-16 14:00:00,31.5,33.3,27.9,26,13.5,karachi
2025-12-16 15:00:00,29.3,30.7,28.1,25,12.2,karachi
2025-12-16 16:00:00,28.2,29.5,27.9,26,11.7,karachi
2025-12-16 17:00:00,45.8,48.2,27.0,28,11.4,karachi
2025-12-16 18:00:00,52.7,54.5,25.6,31,11.1,karachi
2025-12-16 19:00:00,55.5,57.2,24.4,35,12.2,karachi
2025-12-16 20:00:00,56.2,58.1,23.0,38,12.1,karachi
2025-12-16 21:00:00,58.0,60.1,21.9,43,12.5,karachi
2025-12-16 22:00:00,60.1,62.4,21.0,46,12.7,karachi
2025-12-16 23:00:00,61.7,64.3,20.4,49,12.7,karachi
2025-12-17 00:00:00,62.4,65.0,20.1,49,12.4,karachi
2025-12-17 01:00:00,62.2,64.7,19.9,49,11.5,karachi
2025-12-17 02:00:00,61.5,64.0,19.5,49,10.9,karachi
2025-12-17 03:00:00,60.5,62.9,19.1,49,10.4,karachi
2025-12-17 04:00:00,59.8,62.2,18.7,50,10.2,karachi
2025-12-17 05:00:00,58.6,60.8,18.1,50,8.6,karachi
2025-12-17 06:00:00,58.8,61.0,17.5,51,9.2,karachi
2025-12-17 07:00:00,60.5,62.6,17.0,53,9.8,karachi
2025-12-17 08:00:00,63.1,65.0,17.4,52,10.7,karachi
2025-12-17 09:00:00,64.3,65.7,19.2,47,10.5,karachi
2025-12-17 10:00:00,61.9,63.6,22.0,41,9.7,karachi
2025-12-17 11:00:00,47.7,49.5,24.6,35,10.8,karachi
2025-12-17 12:00:00,33.4,35.0,26.2,30,12.8,karachi
2025-12-17 13:00:00,30.2,32.5,27.2,28,10.8,karachi
2025-12-17 14:00:00,29.9,32.7,27.8,26,10.0,karachi
2025-12-17 15:00:00,29.9,32.7,28.0,25,9.3,karachi
2025-12-17 16:00:00,30.0,32.9,27.6,25,9.4,karachi
2025-12-17 17:00:00,34.9,38.3,26.9,28,8.0,karachi
2025-12-17 18:00:00,48.5,51.1,25.6,33,7.0,karachi
2025-12-17 19:00:00,60.8,63.1,25.0,34,7.5,karachi
2025-12-17 20:00:00,61.0,62.9,24.1,35,8.9,karachi
2025-12-17 21:00:00,49.5,50.8,22.9,39,10.6,karachi
2025-12-17 22:00:00,39.8,40.9,22.0,42,10.1,karachi
2025-12-17 23:00:00,33.5,34.5,21.0,44,9.2,karachi
2025-12-18 00:00:00,29.7,30.6,20.1,47,9.0,karachi
2025-12-18 01:00:00,27.8,28.6,19.4,50,8.6,karachi
2025-12-18 02:00:00,27.1,28.0,18.6,53,8.4,karachi
2025-12-18 03:00:00,27.2,28.2,18.0,54,8.4,karachi
2025-12-18 04:00:00,27.8,28.9,17.5,56,8.5,karachi
2025-12-18 05:00:00,27.1,28.2,17.1,55,8.4,karachi
2025-12-18 06:00:00,28.6,29.8,16.8,56,8.5,karachi
2025-12-18 07:00:00,32.5,34.0,16.2,57,8.5,karachi
2025-12-18 08:00:00,39.5,41.1,16.4,55,8.3,karachi
2025-12-18 09:00:00,43.1,44.8,18.2,49,7.7,karachi
2025-12-18 10:00:00,43.9,45.9,21.0,42,7.0,karachi
2025-12-18 11:00:00,35.6,39.2,24.4,33,3.9,karachi
2025-12-18 12:00:00,35.7,40.3,26.1,29,2.3,karachi
2025-12-18 13:00:00,37.3,42.6,27.0,26,0.8,karachi
2025-12-18 14:00:00,38.4,44.2,27.5,25,2.7,karachi
2025-12-18 15:00:00,39.3,45.1,27.5,26,6.2,karachi
2025-12-18 16:00:00,40.7,46.1,26.5,37,9.5,karachi
2025-12-18 17:00:00,45.6,50.1,25.3,45,9.7,karachi
2025-12-18 18:00:00,65.0,68.2,24.0,50,7.9,karachi
2025-12-18 19:00:00,71.7,74.3,23.1,50,7.3,karachi
2025-12-18 20:00:00,70.8,73.1,22.4,51,7.8,karachi
2025-12-18 21:00:00,70.1,71.9,21.8,51,7.9,karachi
2025-12-18 22:00:00,70.3,71.9,21.4,48,7.6,karachi
2025-12-18 23:00:00,66.6,67.8,20.9,44,6.9,karachi
2025-12-19 00:00:00,58.1,59.4,20.4,44,7.5,karachi
2025-12-19 01:00:00,49.7,51.2,19.9,45,7.4,karachi
2025-12-19 02:00:00,43.5,45.3,19.4,47,6.8,karachi
2025-12-19 03:00:00,40.0,41.8,19.0,49,6.6,karachi
2025-12-19 04:00:00,38.2,40.0,18.5,50,6.9,karachi
2025-12-19 05:00:00,36.6,38.4,18.1,51,6.9,karachi
2025-12-19 06:00:00,37.0,38.9,17.9,51,7.7,karachi
2025-12-19 07:00:00,39.8,41.8,17.7,51,7.3,karachi
2025-12-19 08:00:00,44.8,46.8,17.9,50,7.3,karachi
2025-12-19 09:00:00,49.2,50.9,19.5,45,5.5,karachi
2025-12-19 10:00:00,48.4,50.6,22.0,39,4.4,karachi
2025-12-19 11:00:00,43.4,46.7,24.4,34,3.8,karachi
2025-12-19 12:00:00,39.2,43.1,26.0,29,3.7,karachi
2025-12-19 13:00:00,38.8,42.7,27.1,27,3.1,karachi
2025-12-19 14:00:00,38.3,41.9,27.9,26,2.4,karachi
2025-12-19 15:00:00,37.5,40.7,28.5,24,2.9,karachi
2025-12-19 16:00:00,38.2,41.1,28.4,26,4.6,karachi
2025-12-19 17:00:00,41.3,43.9,27.4,33,6.9,karachi
2025-12-19 18:00:00,59.0,61.0,25.5,46,7.7,karachi
2025-12-19 19:00:00,65.4,67.1,24.4,52,6.5,karachi
2025-12-19 20:00:00,67.5,69.4,23.6,53,6.6,karachi
2025-12-19 21:00:00,71.2,72.9,23.1,55,4.6,karachi
2025-12-19 22:00:00,77.1,79.2,22.7,56,5.6,karachi
2025-12-19 23:00:00,84.8,86.8,22.3,57,4.5,karachi
2025-12-20 00:00:00,85.7,87.5,22.1,54,4.7,karachi
2025-12-20 01:00:00,79.4,81.0,22.0,49,4.5,karachi
2025-12-20 02:00:00,71.9,73.6,21.8,47,2.8,karachi
2025-12-20 03:00:00,66.1,67.5,21.1,48,3.3,karachi
2025-12-20 04:00:00,60.3,61.9,20.9,48,2.6,karachi
2025-12-20 05:00:00,61.5,63.1,20.5,48,2.1,karachi
2025-12-20 06:00:00,58.6,60.5,19.4,53,1.9,karachi
2025-12-20 07:00:00,61.0,63.1,19.1,51,2.4,karachi
2025-12-20 08:00:00,71.9,73.8,19.0,51,4.1,karachi
2025-12-20 09:00:00,75.0,76.4,20.9,45,2.7,karachi
2025-12-20 10:00:00,58.3,61.0,23.7,36,1.9,karachi
2025-12-20 11:00:00,54.9,58.0,25.9,32,1.2,karachi
2025-12-20 12:00:00,45.8,48.2,26.9,30,3.8,karachi
2025-12-20 13:00:00,39.0,41.1,27.5,29,6.0,karachi
2025-12-20 14:00:00,36.4,38.2,27.6,30,7.7,karachi
2025-12-20 15:00:00,35.2,36.8,27.5,31,8.3,karachi
2025-12-20 16:00:00,35.6,37.4,26.7,36,8.5,karachi
2025-12-20 17:00:00,48.9,51.3,26.1,49,8.5,karachi
2025-12-20 18:00:00,57.3,59.1,25.1,55,8.4,karachi
2025-12-20 19:00:00,61.9,63.8,24.2,60,7.0,karachi
2025-12-20 20:00:00,63.1,65.2,23.5,65,5.3,karachi
2025-12-20 21:00:00,63.8,65.9,22.9,69,4.7,karachi
2025-12-20 22:00:00,65.0,67.1,22.2,72,5.4,karachi
2025-12-20 23:00:00,66.6,68.9,21.5,75,5.4,karachi
2025-12-21 00:00:00,64.0,66.4,21.0,78,5.4,karachi
2025-12-21 01:00:00,57.2,59.5,20.5,80,5.1,karachi
2025-12-21 02:00:00,50.1,52.5,20.3,82,5.2,karachi
2025-12-21 03:00:00,45.9,48.8,20.2,83,4.7,karachi
2025-12-21 04:00:00,41.9,44.7,20.0,87,4.2,karachi
2025-12-21 05:00:00,37.5,40.3,19.0,91,2.1,karachi
2025-12-21 06:00:00,38.1,40.9,19.0,92,1.4,karachi
2025-12-21 07:00:00,45.5,48.4,18.9,94,1.9,karachi
2025-12-21 08:00:00,58.3,61.2,19.1,93,3.2,karachi
2025-12-21 09:00:00,54.5,56.9,21.1,85,2.2,karachi
2025-12-21 10:00:00,39.3,44.0,23.5,75,1.1,karachi
2025-12-21 11:00:00,25.1,38.0,25.1,68,5.2,karachi
2025-12-21 12:00:00,20.4,40.9,26.3,57,6.9,karachi
2025-12-21 13:00:00,19.4,45.5,26.6,54,9.2,karachi
2025-12-21 14:00:00,18.5,45.6,26.6,52,10.5,karachi
2025-12-21 15:00:00,17.3,43.8,26.6,50,10.8,karachi
2025-12-21 16:00:00,16.5,40.9,26.1,49,10.8,karachi
2025-12-21 17:00:00,18.3,41.1,25.5,46,8.7,karachi
2025-12-21 18:00:00,22.8,36.3,24.2,55,7.7,karachi
2025-12-21 19:00:00,25.9,35.6,23.3,65,7.1,karachi
2025-12-21 20:00:00,26.7,34.3,22.6,72,6.8,karachi
2025-12-21 21:00:00,25.7,32.5,22.0,77,7.0,karachi
2025-12-21 22:00:00,24.4,30.5,21.5,79,7.6,karachi
2025-12-21 23:00:00,22.4,28.3,21.4,67,8.1,karachi
2025-12-22 00:00:00,19.6,25.6,21.4,62,7.7,karachi
2025-12-22 01:00:00,17.3,23.2,21.0,61,8.1,karachi
2025-12-22 02:00:00,16.1,21.8,20.7,60,8.6,karachi
2025-12-22 03:00:00,15.3,20.7,20.4,56,8.5,karachi
2025-12-22 04:00:00,14.5,19.2,19.9,55,7.8,karachi
2025-12-22 05:00:00,16.0,18.7,18.8,70,8.5,karachi
2025-12-22 06:00:00,15.7,18.7,18.5,69,8.7,karachi
2025-12-22 07:00:00,19.6,23.1,18.0,68,8.7,karachi
2025-12-22 08:00:00,27.2,31.4,17.9,64,7.5,karachi
2025-12-22 09:00:00,27.9,33.3,19.4,56,6.0,karachi
2025-12-22 10:00:00,25.8,34.6,22.0,46,3.4,karachi
2025-12-22 11:00:00,28.2,43.3,24.8,33,2.7,karachi
2025-12-22 12:00:00,27.7,50.4,25.9,30,1.5,karachi
2025-12-22 13:00:00,27.8,51.5,26.5,30,4.1,karachi
2025-12-22 14:00:00,28.0,49.4,26.8,31,6.7,karachi
2025-12-22 15:00:00,28.5,48.0,26.7,33,8.5,karachi
2025-12-22 16:00:00,29.8,47.5,26.0,36,9.3,karachi
2025-12-22 17:00:00,42.3,66.4,25.0,43,9.7,karachi
2025-12-22 18:00:00,57.5,75.2,23.6,48,8.5,karachi
2025-12-22 19:00:00,63.1,75.9,22.6,50,6.8,karachi
2025-12-22 20:00:00,66.1,77.1,22.0,50,7.0,karachi
2025-12-22 21:00:00,72.9,82.2,21.9,48,8.3,karachi
2025-12-22 22:00:00,79.4,85.2,22.0,51,8.5,karachi
2025-12-22 23:00:00,81.0,84.8,21.1,58,9.5,karachi
2025-12-23 00:00:00,84.1,86.8,20.4,61,9.9,karachi
2025-12-23 01:00:00,83.6,86.6,20.0,63,9.9,karachi
2025-12-23 02:00:00,79.9,83.4,19.5,65,10.4,karachi
2025-12-23 03:00:00,75.4,78.9,19.1,66,10.7,karachi
2025-12-23 04:00:00,71.5,74.7,18.8,67,11.0,karachi
2025-12-23 05:00:00,69.4,72.6,18.5,66,11.4,karachi
2025-12-23 06:00:00,66.8,69.8,18.1,67,11.7,karachi
2025-12-23 07:00:00,65.9,69.2,17.7,68,11.5,karachi
2025-12-23 08:00:00,66.4,69.6,17.7,68,11.6,karachi
2025-12-23 09:00:00,65.0,68.2,19.2,62,9.8,karachi
2025-12-23 10:00:00,60.5,65.0,21.6,51,8.9,karachi
2025-12-23 11:00:00,52.0,58.4,24.0,41,10.7,karachi
2025-12-23 12:00:00,39.7,48.1,25.5,34,10.3,karachi
2025-12-23 13:00:00,32.7,41.1,26.2,30,9.4,karachi
2025-12-23 14:00:00,30.4,38.2,26.7,27,8.5,karachi
2025-12-23 15:00:00,29.9,37.5,26.9,26,8.0,karachi
2025-12-23 16:00:00,30.2,37.4,26.7,26,8.2,karachi
2025-12-23 17:00:00,25.4,29.7,26.1,26,8.6,karachi
2025-12-23 18:00:00,39.1,43.0,25.1,29,8.9,karachi
2025-12-23 19:00:00,46.2,49.5,24.3,32,11.0,karachi
2025-12-23 20:00:00,43.8,47.6,23.3,36,11.4,karachi
2025-12-23 21:00:00,41.4,46.2,21.9,43,10.9,karachi
2025-12-23 22:00:00,39.3,45.3,20.9,48,10.0,karachi
2025-12-23 23:00:00,37.8,44.9,20.0,54,9.4,karachi
2025-12-24 00:00:00,36.4,44.1,19.4,57,9.1,karachi
2025-12-24 01:00:00,34.5,42.4,18.8,58,9.5,karachi
2025-12-24 02:00:00,32.2,40.4,18.3,58,9.6,karachi
2025-12-24 03:00:00,30.4,38.6,17.8,57,10.0,karachi
2025-12-24 04:00:00,29.0,37.1,17.4,56,10.2,karachi
2025-12-24 05:00:00,28.0,35.6,16.9,56,10.1,karachi
2025-12-24 06:00:00,28.0,35.3,16.7,56,9.8,karachi
2025-12-24 07:00:00,30.9,38.1,16.4,56,9.5,karachi
2025-12-24 08:00:00,36.1,43.1,16.4,55,9.3,karachi
2025-12-24 09:00:00,40.0,45.3,17.6,50,7.3,karachi
2025-12-24 10:00:00,36.0,43.8,20.2,40,6.1,karachi
2025-12-24 11:00:00,33.3,42.1,22.8,34,5.6,karachi
2025-12-24 12:00:00,29.2,36.9,24.4,28,5.2,karachi
2025-12-24 13:00:00,27.4,34.9,25.4,24,3.6,karachi
2025-12-24 14:00:00,27.1,34.3,26.1,22,1.2,karachi
2025-12-24 15:00:00,27.0,34.0,26.4,21,2.1,karachi
2025-12-24 16:00:00,27.4,34.3,26.0,23,5.5,karachi
2025-12-24 17:00:00,27.3,33.2,24.5,39,10.5,karachi
2025-12-24 18:00:00,48.4,53.6,23.0,45,10.4,karachi
2025-12-24 19:00:00,57.6,62.2,21.9,49,9.1,karachi
2025-12-24 20:00:00,58.1,62.6,21.0,54,7.8,karachi
2025-12-24 21:00:00,59.8,64.7,20.2,57,6.4,karachi
2025-12-24 22:00:00,63.8,68.9,19.5,59,6.9,karachi
2025-12-24 23:00:00,64.3,68.7,18.6,61,7.1,karachi
2025-12-25 00:00:00,61.2,64.5,18.4,57,7.0,karachi
2025-12-25 01:00:00,54.8,58.0,17.8,54,7.2,karachi
2025-12-25 02:00:00,49.1,52.2,17.0,54,7.4,karachi
2025-12-25 03:00:00,45.2,48.3,16.4,55,7.4,karachi
2025-12-25 04:00:00,42.4,45.4,15.8,58,7.2,karachi
2025-12-25 05:00:00,39.5,42.5,15.2,60,5.0,karachi
2025-12-25 06:00:00,38.4,41.2,14.9,62,5.1,karachi
2025-12-25 07:00:00,42.8,45.6,14.8,63,5.7,karachi
2025-12-25 08:00:00,52.6,55.4,15.0,61,6.0,karachi
2025-12-25 09:00:00,51.8,54.6,16.7,56,4.9,karachi
2025-12-25 10:00:00,45.1,48.7,19.8,46,3.1,karachi
2025-12-25 11:00:00,37.4,42.5,22.0,47,1.4,karachi
2025-12-25 12:00:00,36.1,40.9,23.5,44,2.5,karachi
2025-12-25 13:00:00,34.7,38.4,24.1,42,5.1,karachi
2025-12-25 14:00:00,35.5,39.1,24.1,45,6.9,karachi
2025-12-25 15:00:00,36.9,40.5,24.0,48,7.9,karachi
2025-12-25 16:00:00,38.3,41.8,23.6,52,7.9,karachi
2025-12-25 17:00:00,37.4,40.4,23.1,52,8.9,karachi
2025-12-25 18:00:00,48.1,50.4,22.3,55,8.9,karachi
2025-12-25 19:00:00,49.6,51.8,21.6,60,7.9,karachi
2025-12-25 20:00:00,47.1,49.6,20.8,66,6.0,karachi
2025-12-25 21:00:00,45.2,47.6,20.0,71,5.9,karachi
2025-12-25 22:00:00,43.9,46.4,19.6,74,6.2,karachi
2025-12-25 23:00:00,43.3,46.0,19.4,78,4.9,karachi
2025-12-26 00:00:00,43.0,45.6,19.1,79,4.0,karachi
2025-12-26 01:00:00,42.1,44.9,18.4,83,5.2,karachi
2025-12-26 02:00:00,40.2,42.8,17.4,88,5.9,karachi
2025-12-26 03:00:00,37.4,39.9,16.8,90,6.5,karachi
2025-12-26 04:00:00,34.2,36.7,16.1,91,6.3,karachi
2025-12-26 05:00:00,34.5,36.8,15.5,92,5.9,karachi
2025-12-26 06:00:00,33.5,35.6,15.1,91,7.1,karachi
2025-12-26 07:00:00,38.1,40.0,14.9,89,7.3,karachi
2025-12-26 08:00:00,48.5,50.2,15.1,83,7.4,karachi
2025-12-26 09:00:00,46.6,48.5,17.0,70,7.1,karachi
2025-12-26 10:00:00,37.6,40.9,20.2,54,5.4,karachi
2025-12-26 11:00:00,32.7,36.2,22.2,55,2.4,karachi
2025-12-26 12:00:00,33.3,36.4,23.5,43,1.0,karachi
2025-12-26 13:00:00,33.6,36.4,24.2,39,3.6,karachi
2025-12-26 14:00:00,34.6,37.1,24.5,39,6.2,karachi
2025-12-26 15:00:00,35.2,37.6,24.4,40,7.9,karachi
2025-12-26 16:00:00,35.5,38.1,23.8,45,8.7,karachi
2025-12-26 17:00:00,33.1,35.9,22.9,51,8.2,karachi
2025-12-26 18:00:00,44.9,47.1,22.0,58,6.6,karachi
2025-12-26 19:00:00,47.7,49.9,21.3,63,6.3,karachi
2025-12-26 20:00:00,46.1,48.7,20.6,65,5.8,karachi
2025-12-26 21:00:00,46.1,49.0,20.0,67,6.8,karachi
2025-12-26 22:00:00,47.7,50.9,19.4,69,6.3,karachi
2025-12-26 23:00:00,50.6,53.7,18.6,70,5.2,karachi
2025-12-27 00:00:00,52.9,55.6,18.4,71,6.5,karachi
2025-12-27 01:00:00,53.6,55.9,18.1,71,7.2,karachi
2025-12-27 02:00:00,52.4,54.4,17.6,69,7.9,karachi
2025-12-27 03:00:00,50.4,52.3,17.2,65,7.8,karachi
2025-12-27 04:00:00,48.1,49.8,16.7,61,8.1,karachi
2025-12-27 05:00:00,45.4,47.5,15.9,57,8.1,karachi
2025-12-27 06:00:00,44.2,46.1,15.4,59,8.4,karachi
2025-12-27 07:00:00,47.7,49.6,15.1,61,8.3,karachi
2025-12-27 08:00:00,54.7,56.3,15.2,61,8.0,karachi
2025-12-27 09:00:00,53.0,54.6,16.8,56,7.9,karachi
2025-12-27 10:00:00,47.5,49.8,19.8,46,5.0,karachi
2025-12-27 11:00:00,39.5,42.8,22.5,36,4.8,karachi
2025-12-27 12:00:00,38.6,42.3,24.2,30,4.3,karachi
2025-12-27 13:00:00,37.8,41.3,25.0,28,2.8,karachi
2025-12-27 14:00:00,37.8,41.2,25.5,26,3.6,karachi
2025-12-27 15:00:00,38.3,41.7,25.5,27,6.0,karachi
2025-12-27 16:00:00,39.1,42.4,25.1,30,8.2,karachi
2025-12-27 17:00:00,28.1,29.5,23.9,39,10.5,karachi
2025-12-27 18:00:00,51.7,53.1,22.6,44,9.9,karachi
2025-12-27 19:00:00,62.4,63.6,21.9,43,7.3,karachi
2025-12-27 20:00:00,64.3,65.7,21.2,46,7.3,karachi
2025-12-27 21:00:00,66.1,67.8,20.7,50,7.0,karachi
2025-12-27 22:00:00,67.1,68.5,20.2,52,7.0,karachi
2025-12-27 23:00:00,64.5,65.2,19.3,53,7.1,karachi
2025-12-28 00:00:00,54.6,55.1,18.8,48,8.6,karachi
2025-12-28 01:00:00,45.2,45.4,18.4,44,7.2,karachi
2025-12-28 02:00:00,37.8,38.1,17.7,46,7.8,karachi
2025-12-28 03:00:00,32.6,32.8,17.0,49,7.6,karachi
2025-12-28 04:00:00,29.2,29.3,16.4,51,7.0,karachi
2025-12-28 05:00:00,27.9,28.1,16.0,52,6.7,karachi
2025-12-28 06:00:00,27.2,27.4,15.8,52,7.9,karachi
2025-12-28 07:00:00,31.1,31.3,15.6,51,8.3,karachi
2025-12-28 08:00:00,39.0,39.2,15.7,51,7.9,karachi
2025-12-28 09:00:00,41.7,42.0,17.0,47,7.5,karachi
2025-12-28 10:00:00,42.0,42.5,20.0,39,4.3,karachi
2025-12-28 11:00:00,33.9,35.0,22.9,31,4.5,karachi
2025-12-28 12:00:00,28.5,29.7,24.5,27,3.6,karachi
2025-12-28 13:00:00,26.5,27.7,25.2,26,3.8,karachi
2025-12-28 14:00:00,27.6,29.0,25.5,26,4.9,karachi
2025-12-28 15:00:00,29.9,31.3,25.6,26,5.5,karachi
2025-12-28 16:00:00,32.4,33.6,25.4,27,6.3,karachi
2025-12-28 17:00:00,31.5,32.4,24.4,34,8.6,karachi
2025-12-28 18:00:00,50.1,50.6,22.9,42,8.1,karachi
2025-12-28 19:00:00,58.6,59.0,22.0,45,6.6,karachi
2025-12-28 20:00:00,61.2,61.7,21.1,48,6.4,karachi
2025-12-28 21:00:00,64.0,64.5,20.4,52,7.0,karachi
2025-12-28 22:00:00,67.3,68.0,20.0,53,6.8,karachi
2025-12-28 23:00:00,68.2,68.9,19.2,54,6.9,karachi
2025-12-29 00:00:00,66.4,67.1,19.1,49,7.4,karachi
2025-12-29 01:00:00,61.5,62.2,18.7,46,7.7,karachi
2025-12-29 02:00:00,55.8,56.3,18.1,45,7.3,karachi
2025-12-29 03:00:00,51.0,51.6,17.4,47,7.6,karachi
2025-12-29 04:00:00,47.3,47.7,16.6,51,6.9,karachi
2025-12-29 05:00:00,42.1,42.7,16.0,55,6.2,karachi
2025-12-29 06:00:00,41.2,41.7,15.5,58,6.6,karachi
2025-12-29 07:00:00,44.2,44.8,15.1,60,7.2,karachi
2025-12-29 08:00:00,51.5,52.0,15.1,60,7.4,karachi
2025-12-29 09:00:00,50.5,51.1,16.9,54,6.0,karachi
2025-12-29 10:00:00,47.1,47.8,19.6,44,4.2,karachi
2025-12-29 11:00:00,39.9,41.0,22.2,38,4.1,karachi
2025-12-29 12:00:00,38.3,39.5,24.1,33,4.1,karachi
2025-12-29 13:00:00,38.6,39.9,25.1,32,4.3,karachi
2025-12-29 14:00:00,41.0,42.6,25.5,32,6.5,karachi
2025-12-29 15:00:00,43.4,45.2,25.3,33,7.6,karachi
2025-12-29 16:00:00,44.8,46.7,25.0,34,7.9,karachi
2025-12-29 17:00:00,38.4,39.7,24.0,36,7.6,karachi
2025-12-29 18:00:00,48.5,49.5,22.8,43,7.7,karachi
2025-12-29 19:00:00,49.7,50.5,22.0,51,8.1,karachi
2025-12-29 20:00:00,46.8,47.7,21.1,59,8.5,karachi
2025-12-29 21:00:00,44.6,45.6,20.6,62,7.6,karachi
2025-12-29 22:00:00,43.4,44.7,20.2,63,7.8,karachi
2025-12-29 23:00:00,43.4,44.8,19.4,65,6.7,karachi
2025-12-30 00:00:00,43.5,44.9,18.7,67,6.1,karachi
2025-12-30 01:00:00,43.0,44.4,18.0,70,6.7,karachi
2025-12-30 02:00:00,42.1,43.5,17.8,70,5.1,karachi
2025-12-30 03:00:00,41.4,43.0,17.5,71,4.8,karachi
2025-12-30 04:00:00,40.7,42.3,17.0,73,5.2,karachi
2025-12-30 05:00:00,44.4,45.9,16.8,70,4.4,karachi
2025-12-30 06:00:00,46.4,47.8,16.4,70,5.3,karachi
2025-12-30 07:00:00,53.8,55.3,16.1,69,6.0,karachi
2025-12-30 08:00:00,69.2,70.5,16.4,66,4.9,karachi
2025-12-30 09:00:00,72.2,73.6,18.1,58,4.4,karachi
2025-12-30 10:00:00,59.6,62.9,21.3,48,3.3,karachi
2025-12-30 11:00:00,52.9,57.4,23.0,51,2.5,karachi
2025-12-30 12:00:00,50.6,54.9,24.0,52,6.7,karachi
2025-12-30 13:00:00,47.8,51.9,24.4,53,8.5,karachi
2025-12-30 14:00:00,46.1,50.4,24.2,56,10.7,karachi
2025-12-30 15:00:00,45.9,50.3,23.9,60,10.1,karachi
2025-12-30 16:00:00,46.1,49.9,23.4,66,11.9,karachi
2025-12-30 17:00:00,38.6,41.8,22.6,72,10.3,karachi
2025-12-30 18:00:00,38.8,40.9,22.5,75,7.9,karachi
2025-12-30 19:00:00,39.8,41.8,22.1,79,7.2,karachi
2025-12-30 20:00:00,41.3,43.3,22.0,80,9.1,karachi
2025-12-30 21:00:00,40.7,42.7,21.7,84,11.8,karachi
2025-12-30 22:00:00,37.3,39.3,21.4,86,12.1,karachi
2025-12-30 23:00:00,32.8,35.0,21.4,86,9.2,karachi
2025-12-31 00:00:00,26.5,28.8,21.6,83,8.9,karachi
2025-12-31 01:00:00,21.5,25.0,19.2,83,19.7,karachi
2025-12-31 02:00:00,15.5,21.0,19.1,88,6.8,karachi
2025-12-31 03:00:00,13.3,19.9,18.5,91,0.7,karachi
2025-12-31 04:00:00,13.6,20.8,18.5,90,0.7,karachi
2025-12-31 05:00:00,14.4,24.4,20.4,85,9.1,karachi
2025-12-31 06:00:00,17.1,27.2,20.3,83,9.1,karachi
2025-12-31 07:00:00,24.2,34.2,20.2,82,9.0,karachi
2025-12-31 08:00:00,35.7,45.6,20.5,80,12.4,karachi
2025-12-31 09:00:00,33.8,44.7,22.4,61,13.0,karachi
2025-12-31 10:00:00,23.1,43.5,23.0,49,17.2,karachi
2025-12-31 11:00:00,20.0,43.8,24.1,46,12.8,karachi
2025-12-31 12:00:00,18.0,39.9,24.1,47,13.6,karachi
2025-12-31 13:00:00,16.2,34.9,24.1,46,12.3,karachi
2025-12-31 14:00:00,14.3,29.9,24.1,44,11.1,karachi
2025-12-31 15:00:00,12.7,26.5,23.8,42,12.2,karachi
2025-12-31 16:00:00,11.9,25.2,23.1,39,13.2,karachi
2025-12-31 17:00:00,13.1,26.5,22.3,48,12.4,karachi
2025-12-31 18:00:00,16.8,27.1,21.2,54,9.8,karachi
2025-12-31 19:00:00,20.7,30.0,20.6,58,5.9,karachi
2025-12-31 20:00:00,22.6,31.8,20.0,60,4.7,karachi
2025-12-31 21:00:00,24.1,32.9,19.5,60,6.0,karachi
2025-12-31 22:00:00,26.1,35.4,19.0,61,6.0,karachi
2025-12-31 23:00:00,29.7,40.3,18.5,66,4.1,karachi
2026-01-01 00:00:00,31.4,42.6,18.7,64,5.0,karachi
2026-01-01 01:00:00,30.3,41.1,18.3,66,2.8,karachi
2026-01-01 02:00:00,29.2,39.9,17.6,69,6.6,karachi
2026-01-01 03:00:00,27.9,37.7,17.1,71,7.0,karachi
2026-01-01 04:00:00,24.4,31.4,16.8,73,7.3,karachi
2026-01-01 05:00:00,21.2,22.9,16.2,77,8.7,karachi
2026-01-01 06:00:00,22.2,25.1,16.1,78,8.4,karachi
2026-01-01 07:00:00,34.7,40.5,15.9,80,8.0,karachi
2026-01-01 08:00:00,53.4,61.9,16.0,79,8.0,karachi
2026-01-01 09:00:00,67.5,77.3,17.5,69,6.9,karachi
2026-01-01 10:00:00,77.1,90.8,19.5,59,6.7,karachi
2026-01-01 11:00:00,74.0,90.6,21.3,53,6.7,karachi
2026-01-01 12:00:00,57.0,75.0,22.7,46,5.6,karachi
2026-01-01 13:00:00,46.1,63.3,23.6,42,3.7,karachi
2026-01-01 14:00:00,41.1,59.8,24.4,39,3.6,karachi
2026-01-01 15:00:00,40.4,60.8,24.7,37,3.3,karachi
2026-01-01 16:00:00,41.0,61.9,24.5,38,4.6,karachi
2026-01-01 17:00:00,43.2,65.4,23.8,40,5.7,karachi
2026-01-01 18:00:00,53.1,74.0,21.9,57,10.4,karachi
2026-01-01 19:00:00,72.9,93.4,20.9,62,9.1,karachi
2026-01-01 20:00:00,87.1,106.6,20.5,63,6.4,karachi
2026-01-01 21:00:00,90.1,108.3,20.1,62,7.3,karachi
2026-01-01 22:00:00,82.4,98.3,19.9,58,7.3,karachi
2026-01-01 23:00:00,73.3,85.0,19.2,55,8.2,karachi
2026-01-02 00:00:00,63.8,74.3,18.5,57,8.5,karachi
2026-01-02 01:00:00,56.5,67.5,17.9,61,7.7,karachi
2026-01-02 02:00:00,51.8,64.5,17.5,64,7.6,karachi
2026-01-02 03:00:00,49.2,63.3,17.0,66,8.4,karachi
2026-01-02 04:00:00,47.7,63.1,16.5,68,9.3,karachi
2026-01-02 05:00:00,49.5,64.3,15.9,71,8.5,karachi
2026-01-02 06:00:00,48.9,65.2,15.8,70,8.8,karachi
2026-01-02 07:00:00,51.8,68.9,15.5,68,9.0,karachi
2026-01-02 08:00:00,56.8,74.7,15.6,65,9.3,karachi
2026-01-02 09:00:00,59.0,73.8,17.1,58,7.5,karachi
2026-01-02 10:00:00,52.4,75.2,19.4,48,6.7,karachi
2026-01-02 11:00:00,42.0,73.6,21.5,41,6.8,karachi
2026-01-02 12:00:00,42.0,77.3,22.9,38,5.1,karachi
2026-01-02 13:00:00,44.0,76.1,23.8,35,3.5,karachi
2026-01-02 14:00:00,44.2,75.2,24.4,33,2.5,karachi
2026-01-02 15:00:00,44.2,74.5,24.5,32,2.1,karachi
2026-01-02 16:00:00,44.2,73.8,24.4,32,2.9,karachi
2026-01-02 17:00:00,43.2,69.6,23.8,36,6.7,karachi
2026-01-02 18:00:00,48.0,73.1,22.2,50,11.6,karachi
2026-01-02 19:00:00,68.7,93.6,21.2,54,10.8,karachi
2026-01-02 20:00:00,86.4,111.1,20.7,57,6.5,karachi
2026-01-02 21:00:00,95.9,119.7,20.1,60,4.0,karachi
2026-01-02 22:00:00,90.6,112.0,19.5,61,5.7,karachi
2026-01-02 23:00:00,79.9,96.6,19.0,56,5.9,karachi
2026-01-03 00:00:00,68.7,80.6,18.5,52,6.6,karachi
2026-01-03 01:00:00,58.9,69.4,17.6,52,6.5,karachi
2026-01-03 02:00:00,51.5,61.5,16.8,54,6.5,karachi
2026-01-03 03:00:00,45.6,55.8,16.2,56,6.5,karachi
2026-01-03 04:00:00,41.7,52.3,15.8,59,5.9,karachi
2026-01-03 05:00:00,38.9,48.8,15.2,62,4.9,karachi
2026-01-03 06:00:00,38.0,48.0,14.9,64,5.3,karachi
2026-01-03 07:00:00,43.1,53.0,14.6,65,5.9,karachi
2026-01-03 08:00:00,55.1,64.5,14.6,65,6.9,karachi
2026-01-03 09:00:00,51.1,61.2,16.1,61,5.8,karachi
2026-01-03 10:00:00,40.2,52.4,18.6,53,4.9,karachi
2026-01-03 11:00:00,36.9,53.2,20.6,47,5.3,karachi
2026-01-03 12:00:00,43.3,63.6,21.8,48,3.2,karachi
2026-01-03 13:00:00,46.1,67.3,22.6,47,4.0,karachi
2026-01-03 14:00:00,47.5,68.2,23.0,46,6.6,karachi
2026-01-03 15:00:00,48.1,67.5,23.0,48,8.0,karachi
2026-01-03 16:00:00,48.0,66.4,22.9,50,7.8,karachi
2026-01-03 17:00:00,57.5,81.3,22.4,52,8.2,karachi
2026-01-03 18:00:00,64.0,81.0,21.6,55,7.7,karachi
2026-01-03 19:00:00,70.3,84.3,20.8,61,6.7,karachi
2026-01-03 20:00:00,71.7,85.2,20.0,67,5.0,karachi
2026-01-03 21:00:00,71.9,86.1,19.2,71,4.3,karachi
2026-01-03 22:00:00,71.2,86.8,18.5,74,3.6,karachi
2026-01-03 23:00:00,71.7,89.6,17.6,79,2.1,karachi
2026-01-04 00:00:00,72.4,92.2,17.9,78,3.5,karachi
2026-01-04 01:00:00,71.0,92.4,17.5,80,4.0,karachi
2026-01-04 02:00:00,67.5,90.1,16.9,84,4.6,karachi
2026-01-04 03:00:00,62.9,84.1,16.1,88,5.4,karachi
2026-01-04 04:00:00,58.3,77.5,15.7,89,5.7,karachi
2026-01-04 05:00:00,58.9,77.8,14.9,88,5.9,karachi
2026-01-04 06:00:00,59.4,77.5,14.6,88,6.4,karachi
2026-01-04 07:00:00,65.4,83.4,14.5,88,7.0,karachi
2026-01-04 08:00:00,77.3,95.5,14.8,84,7.0,karachi
2026-01-04 09:00:00,74.3,94.5,16.4,74,6.0,karachi
2026-01-04 10:00:00,57.5,101.3,18.9,59,5.3,karachi
2026-01-04 11:00:00,54.7,123.4,21.0,55,6.4,karachi
2026-01-04 12:00:00,53.4,129.5,22.3,54,4.7,karachi
2026-01-04 13:00:00,52.9,121.5,23.2,49,4.9,karachi
2026-01-04 14:00:00,51.0,112.2,23.7,48,6.3,karachi
2026-01-04 15:00:00,52.4,108.5,23.5,50,7.6,karachi
2026-01-04 16:00:00,53.8,106.9,23.0,55,8.9,karachi
2026-01-04 17:00:00,48.4,96.6,22.0,52,7.8,karachi
2026-01-04 18:00:00,54.9,92.7,21.0,60,7.3,karachi
2026-01-04 19:00:00,57.5,91.5,20.2,70,7.6,karachi
2026-01-04 20:00:00,57.7,93.1,19.8,76,6.8,karachi
2026-01-04 21:00:00,58.0,93.4,19.4,80,5.6,karachi
2026-01-04 22:00:00,59.6,96.2,18.9,82,4.6,karachi
2026-01-04 23:00:00,61.2,99.7,18.0,87,2.7,karachi
2026-01-05 00:00:00,61.0,100.6,17.9,88,4.5,karachi
2026-01-05 01:00:00,57.6,93.1,17.4,91,5.3,karachi
2026-01-05 02:00:00,52.2,84.1,16.9,93,5.7,karachi
2026-01-05 03:00:00,49.6,84.8,16.5,93,6.6,karachi
2026-01-05 04:00:00,48.8,84.1,16.2,93,7.2,karachi
2026-01-05 05:00:00,49.8,85.2,15.8,92,7.1,karachi
2026-01-05 06:00:00,48.7,82.2,15.8,88,6.9,karachi
2026-01-05 07:00:00,51.5,82.9,15.6,86,7.1,karachi
2026-01-05 08:00:00,59.1,89.9,15.4,85,6.8,karachi
2026-01-05 09:00:00,59.6,85.7,17.0,75,5.1,karachi
2026-01-05 10:00:00,53.3,86.1,19.3,60,5.0,karachi
2026-01-05 11:00:00,43.8,81.5,21.4,49,4.9,karachi
2026-01-05 12:00:00,41.7,72.4,22.6,45,3.6,karachi
2026-01-05 13:00:00,42.6,67.8,23.6,40,2.4,karachi
2026-01-05 14:00:00,42.0,64.3,24.3,37,2.9,karachi
2026-01-05 15:00:00,41.6,61.9,24.4,37,4.2,karachi
2026-01-05 16:00:00,41.6,61.0,23.9,43,6.8,karachi
2026-01-05 17:00:00,53.4,86.1,22.9,52,7.9,karachi
2026-01-05 18:00:00,65.4,96.4,21.7,57,8.9,karachi
2026-01-05 19:00:00,86.1,118.7,21.0,61,7.1,karachi
2026-01-05 20:00:00,90.8,123.4,20.6,65,4.9,karachi
2026-01-05 21:00:00,90.8,121.1,20.5,66,5.2,karachi
2026-01-05 22:00:00,83.4,103.8,19.9,59,8.2,karachi
2026-01-05 23:00:00,67.5,78.5,19.2,57,9.4,karachi
2026-01-06 00:00:00,54.5,61.7,18.6,60,9.4,karachi
2026-01-06 01:00:00,46.7,53.8,18.2,62,9.3,karachi
2026-01-06 02:00:00,42.5,50.5,18.0,62,9.3,karachi
2026-01-06 03:00:00,39.8,48.8,17.5,64,9.2,karachi
2026-01-06 04:00:00,38.1,47.7,17.1,66,9.1,karachi
2026-01-06 05:00:00,37.1,46.4,16.4,70,8.8,karachi
2026-01-06 06:00:00,37.3,46.9,16.1,71,8.3,karachi
2026-01-06 07:00:00,39.8,49.4,15.8,72,7.4,karachi
2026-01-06 08:00:00,43.3,52.2,15.9,71,8.2,karachi
2026-01-06 09:00:00,44.4,51.6,17.2,63,7.0,karachi
2026-01-06 10:00:00,41.4,50.1,19.0,54,8.6,karachi
2026-01-06 11:00:00,35.5,43.8,21.2,47,8.7,karachi
2026-01-06 12:00:00,28.2,37.0,23.1,36,11.4,karachi
2026-01-06 13:00:00,22.6,30.4,24.2,29,11.8,karachi
2026-01-06 14:00:00,20.3,27.4,24.8,27,11.2,karachi
2026-01-06 15:00:00,20.1,27.2,24.8,26,10.2,karachi
2026-01-06 16:00:00,20.8,28.2,24.6,26,10.2,karachi
2026-01-06 17:00:00,30.9,41.7,24.0,27,10.1,karachi
2026-01-06 18:00:00,39.7,47.0,22.9,30,10.9,karachi
2026-01-06 19:00:00,44.6,50.6,22.0,34,12.7,karachi
2026-01-06 20:00:00,44.7,50.8,21.0,37,12.8,karachi
2026-01-06 21:00:00,45.3,52.2,20.0,41,12.5,karachi
2026-01-06 22:00:00,47.1,54.9,19.2,46,12.0,karachi
2026-01-06 23:00:00,49.4,58.1,18.5,50,11.6,karachi
2026-01-07 00:00:00,50.9,60.1,17.8,54,10.3,karachi
2026-01-07 01:00:00,51.5,61.0,17.2,57,9.9,karachi
2026-01-07 02:00:00,52.0,61.5,16.8,59,10.3,karachi
2026-01-07 03:00:00,52.5,61.2,16.4,60,11.3,karachi
2026-01-07 04:00:00,52.7,60.1,16.0,62,11.7,karachi
2026-01-07 05:00:00,52.9,58.8,15.6,62,10.8,karachi
2026-01-07 06:00:00,52.2,56.8,15.4,62,10.6,karachi
2026-01-07 07:00:00,52.9,56.6,15.2,62,11.2,karachi
2026-01-07 08:00:00,54.6,57.7,15.4,61,11.5,karachi
2026-01-07 09:00:00,54.8,57.3,16.9,56,9.8,karachi
2026-01-07 10:00:00,52.2,55.4,18.9,49,10.2,karachi
2026-01-07 11:00:00,44.6,49.0,20.8,42,11.3,karachi
2026-01-07 12:00:00,32.0,36.7,22.4,32,12.4,karachi
2026-01-07 13:00:00,24.6,29.4,23.3,27,12.2,karachi
2026-01-07 14:00:00,22.5,27.5,23.8,25,11.6,karachi
2026-01-07 15:00:00,22.2,27.1,23.8,25,11.8,karachi
2026-01-07 16:00:00,22.2,26.8,23.5,25,12.3,karachi
2026-01-07 17:00:00,27.6,31.7,22.7,27,12.1,karachi
2026-01-07 18:00:00,33.8,37.0,21.8,28,12.2,karachi
2026-01-07 19:00:00,37.4,40.3,20.9,29,13.7,karachi
2026-01-07 20:00:00,36.6,39.6,19.9,33,13.6,karachi
2026-01-07 21:00:00,36.2,39.2,18.7,40,12.9,karachi
2026-01-07 22:00:00,36.9,39.8,17.6,47,13.6,karachi
2026-01-07 23:00:00,38.0,40.7,17.0,50,14.4,karachi
2026-01-08 00:00:00,38.4,40.9,16.7,50,14.1,karachi
2026-01-08 01:00:00,38.1,40.3,16.2,50,13.7,karachi
2026-01-08 02:00:00,37.4,39.2,15.9,50,13.5,karachi
2026-01-08 03:00:00,36.7,38.2,15.6,50,13.4,karachi
2026-01-08 04:00:00,36.2,37.6,15.2,51,14.4,karachi
2026-01-08 05:00:00,38.0,39.1,15.0,51,14.2,karachi
2026-01-08 06:00:00,38.3,39.7,14.9,52,14.3,karachi
2026-01-08 07:00:00,39.9,41.3,14.6,53,13.2,karachi
2026-01-08 08:00:00,42.6,44.0,14.6,53,13.1,karachi
2026-01-08 09:00:00,43.4,44.9,15.7,50,10.0,karachi
2026-01-08 10:00:00,40.6,42.3,17.6,45,11.4,karachi
2026-01-08 11:00:00,33.8,35.2,19.5,36,12.6,karachi
2026-01-08 12:00:00,27.1,28.1,20.8,26,13.4,karachi
2026-01-08 13:00:00,22.6,23.5,21.9,21,12.4,karachi
2026-01-08 14:00:00,20.3,21.1,22.5,18,10.8,karachi
2026-01-08 15:00:00,19.3,20.1,22.6,18,10.5,karachi
2026-01-08 16:00:00,19.3,20.1,22.5,19,10.5,karachi
2026-01-08 17:00:00,11.7,11.9,21.9,20,10.4,karachi
2026-01-08 18:00:00,17.9,18.2,21.0,22,9.7,karachi
2026-01-08 19:00:00,23.6,24.0,20.0,25,11.4,karachi
2026-01-08 20:00:00,23.6,24.0,19.0,28,12.2,karachi
2026-01-08 21:00:00,23.2,23.8,18.0,32,12.1,karachi
2026-01-08 22:00:00,23.8,24.6,17.0,39,10.9,karachi
2026-01-08 23:00:00,25.0,25.9,16.0,45,10.5,karachi
2026-01-09 00:00:00,25.8,26.9,15.6,48,10.7,karachi
2026-01-09 01:00:00,25.8,26.9,15.1,49,10.4,karachi
2026-01-09 02:00:00,25.4,26.7,14.8,49,10.3,karachi
2026-01-09 03:00:00,25.3,26.7,14.5,49,9.9,karachi
2026-01-09 04:00:00,25.5,27.0,14.2,49,9.4,karachi
2026-01-09 05:00:00,24.7,26.1,13.8,48,8.9,karachi
2026-01-09 06:00:00,25.5,26.9,13.4,48,8.8,karachi
2026-01-09 07:00:00,28.2,29.6,13.1,49,8.5,karachi
2026-01-09 08:00:00,32.9,34.3,13.2,49,8.0,karachi
2026-01-09 09:00:00,35.2,36.4,14.6,45,6.2,karachi
2026-01-09 10:00:00,31.5,33.1,16.8,38,6.6,karachi
2026-01-09 11:00:00,25.4,27.0,19.1,31,7.3,karachi
2026-01-09 12:00:00,22.4,24.1,21.0,25,7.1,karachi
2026-01-09 13:00:00,21.7,24.0,22.1,22,6.4,karachi
2026-01-09 14:00:00,21.8,25.0,22.8,21,5.5,karachi
2026-01-09 15:00:00,21.6,25.1,23.0,21,5.2,karachi
2026-01-09 16:00:00,21.3,24.8,23.1,21,4.8,karachi
2026-01-09 17:00:00,10.6,11.3,22.6,21,4.2,karachi
2026-01-09 18:00:00,20.3,20.7,21.8,23,2.0,karachi
2026-01-09 19:00:00,33.2,33.5,20.6,28,1.5,karachi
2026-01-09 20:00:00,25.3,25.4,19.5,27,6.2,karachi
2026-01-09 21:00:00,18.0,18.2,18.6,26,9.2,karachi
2026-01-09 22:00:00,14.6,14.8,17.3,31,11.0,karachi
2026-01-09 23:00:00,13.4,13.8,16.5,35,11.6,karachi
2026-01-10 00:00:00,13.8,14.2,16.1,37,11.1,karachi
2026-01-10 01:00:00,14.7,15.3,15.4,40,10.6,karachi
2026-01-10 02:00:00,15.5,16.5,14.9,43,10.8,karachi
2026-01-10 03:00:00,16.4,17.6,14.3,46,10.6,karachi
2026-01-10 04:00:00,17.4,18.6,14.1,46,10.7,karachi
2026-01-10 05:00:00,19.7,21.0,13.7,47,11.2,karachi
2026-01-10 06:00:00,21.4,22.7,13.6,46,10.7,karachi
2026-01-10 07:00:00,24.8,26.1,13.4,46,10.6,karachi
2026-01-10 08:00:00,30.3,31.4,13.5,45,10.3,karachi
2026-01-10 09:00:00,32.7,33.9,14.9,41,9.2,karachi
2026-01-10 10:00:00,31.2,32.7,17.4,35,8.2,karachi
2026-01-10 11:00:00,30.4,32.6,19.5,30,8.3,karachi
2026-01-10 12:00:00,28.0,30.9,21.2,24,6.8,karachi
2026-01-10 13:00:00,25.7,28.7,22.3,22,5.2,karachi
2026-01-10 14:00:00,25.1,28.2,23.0,23,5.4,karachi
2026-01-10 15:00:00,25.1,28.5,23.3,23,6.1,karachi
2026-01-10 16:00:00,25.6,28.9,23.3,23,5.9,karachi
2026-01-10 17:00:00,24.6,26.0,23.0,26,7.1,karachi
2026-01-10 18:00:00,34.1,35.3,22.3,27,4.7,karachi
2026-01-10 19:00:00,54.7,55.6,21.5,29,4.1,karachi
2026-01-10 20:00:00,57.7,58.4,20.0,34,8.6,karachi
2026-01-10 21:00:00,46.3,46.9,18.9,32,8.0,karachi
2026-01-10 22:00:00,39.6,40.2,17.5,35,9.7,karachi
2026-01-10 23:00:00,36.7,37.6,16.5,39,8.8,karachi
2026-01-11 00:00:00,35.9,37.1,15.7,44,9.3,karachi
2026-01-11 01:00:00,35.6,37.3,14.9,48,9.6,karachi
2026-01-11 02:00:00,35.5,37.4,14.3,52,9.1,karachi
2026-01-11 03:00:00,35.9,38.0,13.8,54,9.1,karachi
2026-01-11 04:00:00,36.6,38.6,13.4,55,9.6,karachi
2026-01-11 05:00:00,37.8,39.9,12.9,54,9.8,karachi
2026-01-11 06:00:00,39.0,41.1,12.4,57,10.0,karachi
2026-01-11 07:00:00,41.6,43.8,12.1,58,10.6,karachi
2026-01-11 08:00:00,46.1,48.3,12.1,58,10.5,karachi
2026-01-11 09:00:00,48.4,50.4,13.6,52,9.1,karachi
2026-01-11 10:00:00,44.0,46.7,16.1,43,8.8,karachi
2026-01-11 11:00:00,41.0,44.4,19.1,32,7.6,karachi
2026-01-11 12:00:00,36.1,39.6,21.2,24,7.6,karachi
2026-01-11 13:00:00,30.3,33.8,22.6,21,8.2,karachi
2026-01-11 14:00:00,26.6,29.7,23.5,17,8.3,karachi
2026-01-11 15:00:00,24.2,27.1,23.8,16,8.5,karachi
2026-01-11 16:00:00,22.7,25.3,23.6,16,8.8,karachi
2026-01-11 17:00:00,22.7,24.9,23.0,16,9.5,karachi
2026-01-11 18:00:00,30.5,31.9,21.6,19,9.5,karachi
2026-01-11 19:00:00,36.4,37.5,20.4,23,10.8,karachi
2026-01-11 20:00:00,35.6,36.6,19.0,27,11.6,karachi
2026-01-11 21:00:00,35.4,36.6,17.5,32,11.8,karachi
2026-01-11 22:00:00,36.8,38.1,16.4,39,11.5,karachi
2026-01-11 23:00:00,38.9,40.3,15.4,42,10.8,karachi
2026-01-12 00:00:00,40.5,42.1,14.7,46,10.5,karachi
2026-01-12 01:00:00,41.3,43.1,14.1,48,9.8,karachi
2026-01-12 02:00:00,41.4,43.3,13.6,49,9.6,karachi
2026-01-12 03:00:00,41.3,43.2,13.2,49,8.9,karachi
2026-01-12 04:00:00,40.6,42.5,12.8,48,8.9,karachi
2026-01-12 05:00:00,40.4,42.5,12.5,47,8.9,karachi
2026-01-12 06:00:00,41.3,43.5,11.9,48,8.7,karachi
2026-01-12 07:00:00,44.6,46.9,11.4,48,8.0,karachi
2026-01-12 08:00:00,52.2,54.4,11.2,49,7.9,karachi
2026-01-12 09:00:00,57.4,59.4,12.7,44,5.7,karachi
2026-01-12 10:00:00,54.5,57.4,15.2,39,4.5,karachi
2026-01-12 11:00:00,54.1,58.2,18.2,32,3.1,karachi
2026-01-12 12:00:00,50.2,54.4,20.5,28,1.8,karachi
2026-01-12 13:00:00,46.1,49.8,22.0,29,1.4,karachi
2026-01-12 14:00:00,44.5,48.1,22.8,33,4.1,karachi
2026-01-12 15:00:00,43.9,47.5,22.8,40,7.3,karachi
2026-01-12 16:00:00,43.7,47.3,22.2,45,9.0,karachi
2026-01-12 17:00:00,27.4,28.5,21.2,50,8.7,karachi
2026-01-12 18:00:00,42.6,43.8,20.2,57,6.5,karachi
2026-01-12 19:00:00,58.7,59.8,19.7,62,5.6,karachi
2026-01-12 20:00:00,67.1,68.5,19.4,65,4.5,karachi
2026-01-12 21:00:00,77.1,78.7,18.9,74,0.9,karachi
2026-01-12 22:00:00,79.2,80.6,18.5,73,1.0,karachi
2026-01-12 23:00:00,71.5,72.4,17.2,75,2.8,karachi
2026-01-13 00:00:00,62.9,63.1,17.0,69,4.6,karachi
2026-01-13 01:00:00,53.9,54.1,16.0,62,6.1,karachi
2026-01-13 02:00:00,47.4,47.5,15.1,52,6.2,karachi
2026-01-13 03:00:00,43.3,43.5,14.4,48,7.7,karachi
2026-01-13 04:00:00,41.0,41.1,13.9,47,8.1,karachi
2026-01-13 05:00:00,38.8,39.0,13.3,48,7.6,karachi
2026-01-13 06:00:00,36.6,36.8,12.9,49,7.6,karachi
2026-01-13 07:00:00,36.6,36.8,12.6,51,8.3,karachi
2026-01-13 08:00:00,39.2,39.6,12.6,51,8.2,karachi
2026-01-13 09:00:00,39.6,39.8,14.2,46,6.2,karachi
2026-01-13 10:00:00,31.7,32.1,16.7,41,5.7,karachi
2026-01-13 11:00:00,27.5,28.3,19.7,36,5.9,karachi
2026-01-13 12:00:00,25.3,26.8,22.0,31,6.0,karachi
2026-01-13 13:00:00,24.6,27.4,23.2,32,4.5,karachi
2026-01-13 14:00:00,25.0,28.8,24.0,32,3.1,karachi
2026-01-13 15:00:00,25.7,30.2,24.4,33,1.6,karachi
2026-01-13 16:00:00,26.7,31.3,24.2,34,2.3,karachi
2026-01-13 17:00:00,27.4,31.4,23.0,42,9.1,karachi
2026-01-13 18:00:00,38.9,42.4,21.2,50,9.8,karachi
2026-01-13 19:00:00,56.6,59.6,20.5,51,5.1,karachi
2026-01-13 20:00:00,63.1,65.7,20.3,52,0.5,karachi
2026-01-13 21:00:00,68.7,70.8,19.9,53,4.3,karachi
2026-01-13 22:00:00,73.3,75.2,19.2,52,4.3,karachi
2026-01-13 23:00:00,74.5,75.9,17.8,53,3.4,karachi
2026-01-14 00:00:00,71.2,72.2,18.1,45,4.6,karachi
2026-01-14 01:00:00,67.1,68.0,17.4,46,4.4,karachi
2026-01-14 02:00:00,63.6,64.7,16.5,49,3.7,karachi
2026-01-14 03:00:00,61.0,62.2,15.9,52,4.0,karachi
2026-01-14 04:00:00,58.6,59.6,15.4,55,4.7,karachi
2026-01-14 05:00:00,54.7,56.0,14.7,55,4.0,karachi
2026-01-14 06:00:00,54.1,55.4,14.4,57,3.3,karachi
2026-01-14 07:00:00,57.6,59.0,14.2,58,2.3,karachi
2026-01-14 08:00:00,69.2,70.5,14.4,58,3.1,karachi
2026-01-14 09:00:00,69.8,71.2,16.4,52,2.5,karachi
2026-01-14 10:00:00,48.1,51.3,19.4,49,1.1,karachi
2026-01-14 11:00:00,32.2,40.2,21.6,50,2.9,karachi
2026-01-14 12:00:00,26.3,37.8,23.0,51,5.4,karachi
2026-01-14 13:00:00,24.2,38.0,23.7,52,8.6,karachi
2026-01-14 14:00:00,23.0,37.5,23.9,56,10.4,karachi
2026-01-14 15:00:00,21.9,36.6,23.6,60,10.8,karachi
2026-01-14 16:00:00,21.1,35.2,23.2,65,10.7,karachi
2026-01-14 17:00:00,19.6,32.5,22.9,66,9.6,karachi
2026-01-14 18:00:00,22.2,32.5,21.8,71,7.3,karachi
2026-01-14 19:00:00,28.5,37.4,21.1,76,6.0,karachi
2026-01-14 20:00:00,30.7,39.3,20.8,78,5.5,karachi
2026-01-14 21:00:00,31.9,40.3,20.5,81,4.8,karachi
2026-01-14 22:00:00,32.2,40.4,20.0,86,4.2,karachi
2026-01-14 23:00:00,31.7,40.9,19.8,86,5.8,karachi
2026-01-15 00:00:00,30.2,40.0,19.6,84,7.5,karachi
2026-01-15 01:00:00,28.1,37.8,19.4,85,7.5,karachi
2026-01-15 02:00:00,26.1,35.6,19.2,85,7.1,karachi
2026-01-15 03:00:00,26.4,36.1,18.7,88,4.6,karachi
2026-01-15 04:00:00,27.8,38.0,18.4,89,5.0,karachi
2026-01-15 05:00:00,31.9,41.4,16.8,91,2.7,karachi
2026-01-15 06:00:00,36.2,45.5,16.4,93,1.8,karachi
2026-01-15 07:00:00,45.8,52.6,16.0,95,0.9,karachi
2026-01-15 08:00:00,62.4,68.0,16.4,95,1.3,karachi
2026-01-15 09:00:00,67.8,72.6,17.8,92,2.6,karachi
2026-01-15 10:00:00,64.7,69.4,20.7,78,2.8,karachi
2026-01-15 11:00:00,41.2,47.7,22.9,70,3.6,karachi
2026-01-15 12:00:00,26.0,34.7,24.0,64,7.7,karachi
2026-01-15 13:00:00,21.1,28.3,24.5,60,11.4,karachi
2026-01-15 14:00:00,18.7,24.9,24.6,55,12.1,karachi
2026-01-15 15:00:00,17.3,23.5,24.5,56,11.1,karachi
2026-01-15 16:00:00,16.0,22.6,24.1,58,11.0,karachi
2026-01-15 17:00:00,12.3,17.1,23.8,61,11.3,karachi
2026-01-15 18:00:00,15.5,19.8,22.9,67,9.5,karachi
2026-01-15 19:00:00,25.4,29.5,22.1,73,8.0,karachi
2026-01-15 20:00:00,32.0,36.3,21.6,75,6.8,karachi
2026-01-15 21:00:00,39.3,44.7,21.2,77,5.2,karachi
2026-01-15 22:00:00,46.8,53.1,20.6,79,5.5,karachi
2026-01-15 23:00:00,52.3,59.3,19.1,84,3.2,karachi
2026-01-16 00:00:00,55.3,62.9,19.2,81,4.2,karachi
2026-01-16 01:00:00,55.5,63.6,18.9,82,4.0,karachi
2026-01-16 02:00:00,55.1,63.6,18.5,82,3.5,karachi
2026-01-16 03:00:00,53.0,61.7,18.1,85,2.5,karachi
2026-01-16 04:00:00,49.4,58.8,17.7,86,1.9,karachi
2026-01-16 05:00:00,48.9,59.8,16.9,89,3.5,karachi
2026-01-16 06:00:00,54.7,66.1,16.8,89,5.1,karachi
2026-01-16 07:00:00,63.3,73.6,16.9,88,5.1,karachi
2026-01-16 08:00:00,76.8,85.4,17.2,86,4.1,karachi
2026-01-16 09:00:00,74.0,81.5,18.7,79,3.5,karachi
2026-01-16 10:00:00,66.6,74.5,21.1,69,2.3,karachi
2026-01-16 11:00:00,37.8,53.9,23.2,62,4.8,karachi
2026-01-16 12:00:00,24.6,38.5,24.4,57,9.8,karachi
2026-01-16 13:00:00,21.7,32.9,24.9,53,11.6,karachi
2026-01-16 14:00:00,19.5,28.5,24.8,53,11.5,karachi
2026-01-16 15:00:00,18.0,25.8,25.0,51,11.1,karachi
2026-01-16 16:00:00,16.6,24.0,24.8,50,11.9,karachi
2026-01-16 17:00:00,14.9,22.7,24.0,54,11.8,karachi
2026-01-16 18:00:00,17.1,24.2,22.8,67,8.5,karachi
2026-01-16 19:00:00,23.1,29.9,21.8,76,6.9,karachi
2026-01-16 20:00:00,27.1,34.3,21.5,79,7.0,karachi
2026-01-16 21:00:00,29.7,37.8,21.3,79,7.3,karachi
2026-01-16 22:00:00,31.7,41.3,21.1,79,7.2,karachi
2026-01-16 23:00:00,32.9,44.4,20.9,78,7.0,karachi
2026-01-17 00:00:00,33.1,46.2,21.0,77,8.8,karachi
2026-01-17 01:00:00,31.2,44.7,20.9,78,8.5,karachi
2026-01-17 02:00:00,29.5,44.1,20.6,81,7.5,karachi
2026-01-17 03:00:00,28.4,45.5,20.5,83,8.0,karachi
2026-01-17 04:00:00,26.8,44.4,20.5,83,9.1,karachi
2026-01-17 05:00:00,25.9,42.4,20.0,83,7.4,karachi
2026-01-17 06:00:00,25.3,41.6,19.6,86,7.6,karachi
2026-01-17 07:00:00,28.9,45.6,19.3,87,7.7,karachi
2026-01-17 08:00:00,37.6,53.8,19.5,83,6.8,karachi
2026-01-17 09:00:00,41.6,54.1,20.8,75,5.2,karachi
2026-01-17 10:00:00,33.3,55.4,22.7,68,5.7,karachi
2026-01-17 11:00:00,30.7,80.6,23.8,65,8.1,karachi
2026-01-17 12:00:00,29.9,82.2,25.0,56,9.6,karachi
2026-01-17 13:00:00,29.6,80.1,25.4,52,12.0,karachi
2026-01-17 14:00:00,29.4,80.3,25.2,51,13.0,karachi
2026-01-17 15:00:00,28.8,79.9,25.1,50,12.7,karachi
2026-01-17 16:00:00,27.6,77.1,24.5,52,12.2,karachi
2026-01-17 17:00:00,26.6,73.1,23.9,53,11.8,karachi
2026-01-17 18:00:00,24.9,59.0,23.0,60,11.0,karachi
2026-01-17 19:00:00,26.0,48.5,22.2,65,8.8,karachi
2026-01-17 20:00:00,26.8,44.1,21.6,68,7.5,karachi
2026-01-17 21:00:00,27.4,41.1,21.2,70,6.5,karachi
2026-01-17 22:00:00,27.8,39.3,20.8,72,6.5,karachi
2026-01-17 23:00:00,28.2,38.2,20.0,74,4.0,karachi
2026-01-18 00:00:00,28.1,37.6,19.9,74,3.9,karachi
2026-01-18 01:00:00,28.1,38.1,19.2,75,4.8,karachi
2026-01-18 02:00:00,28.1,38.9,18.7,77,4.1,karachi
2026-01-18 03:00:00,27.9,39.1,18.2,79,3.1,karachi
2026-01-18 04:00:00,27.6,38.8,17.8,80,4.6,karachi
2026-01-18 05:00:00,33.9,47.0,17.2,84,6.0,karachi
2026-01-18 06:00:00,35.6,49.1,17.2,84,6.0,karachi
2026-01-18 07:00:00,42.5,56.0,17.0,85,6.0,karachi
2026-01-18 08:00:00,56.2,72.4,16.8,85,6.9,karachi
2026-01-18 09:00:00,56.2,70.8,18.1,79,6.4,karachi
2026-01-18 10:00:00,44.0,68.7,20.8,66,5.1,karachi
2026-01-18 11:00:00,33.5,69.6,22.4,60,5.5,karachi
2026-01-18 12:00:00,32.8,77.1,23.3,56,5.1,karachi
2026-01-18 13:00:00,31.3,72.4,23.7,53,6.8,karachi
2026-01-18 14:00:00,29.5,67.5,23.6,54,8.6,karachi
2026-01-18 15:00:00,27.9,61.0,23.5,56,9.2,karachi
2026-01-18 16:00:00,26.7,55.5,23.3,56,8.7,karachi
2026-01-18 17:00:00,30.2,61.7,22.9,58,10.0,karachi
2026-01-18 18:00:00,28.5,48.4,22.2,66,9.5,karachi
2026-01-18 19:00:00,27.8,43.0,21.9,71,8.0,karachi
2026-01-18 20:00:00,27.5,44.1,21.7,69,7.1,karachi
2026-01-18 21:00:00,29.5,49.5,21.6,68,6.3,karachi
2026-01-18 22:00:00,32.4,56.2,21.4,69,7.7,karachi
2026-01-18 23:00:00,35.3,63.8,21.1,68,6.2,karachi
2026-01-19 00:00:00,38.8,74.0,21.1,68,4.8,karachi
2026-01-19 01:00:00,41.8,84.5,20.2,76,0.5,karachi
2026-01-19 02:00:00,43.1,90.6,19.3,79,1.5,karachi
2026-01-19 03:00:00,43.4,92.2,18.5,80,4.1,karachi
2026-01-19 04:00:00,42.0,88.5,17.3,85,5.0,karachi
2026-01-19 05:00:00,44.0,104.5,16.9,85,3.0,karachi
2026-01-19 06:00:00,44.0,95.0,16.9,85,4.0,karachi
2026-01-19 07:00:00,47.3,89.9,16.5,85,4.8,karachi
2026-01-19 08:00:00,58.4,97.3,16.5,85,4.3,karachi
2026-01-19 09:00:00,57.6,95.2,18.4,76,3.6,karachi
2026-01-19 10:00:00,47.6,109.4,20.9,66,3.2,karachi
2026-01-19 11:00:00,40.0,114.6,22.5,63,3.2,karachi
2026-01-19 12:00:00,39.6,105.5,23.6,55,5.6,karachi
2026-01-19 13:00:00,39.1,95.0,24.1,52,7.7,karachi
2026-01-19 14:00:00,38.1,89.6,24.3,50,9.4,karachi
2026-01-19 15:00:00,37.1,86.1,24.2,50,10.4,karachi
2026-01-19 16:00:00,37.0,85.0,23.4,57,10.7,karachi
2026-01-19 17:00:00,34.2,75.9,22.5,58,9.8,karachi
2026-01-19 18:00:00,35.5,70.5,21.6,66,8.6,karachi
2026-01-19 19:00:00,37.4,70.3,21.2,69,6.7,karachi
2026-01-19 20:00:00,37.0,70.1,21.0,68,6.3,karachi
2026-01-19 21:00:00,36.9,69.4,20.8,64,6.2,karachi
2026-01-19 22:00:00,36.9,68.2,20.2,63,7.4,karachi
2026-01-19 23:00:00,36.0,66.1,19.7,63,6.6,karachi
2026-01-20 00:00:00,34.5,63.8,19.5,62,6.4,karachi
2026-01-20 01:00:00,33.1,61.2,18.9,62,5.0,karachi
2026-01-20 02:00:00,31.0,57.6,18.2,64,3.0,karachi
2026-01-20 03:00:00,29.0,54.9,17.5,67,4.2,karachi
2026-01-20 04:00:00,27.6,53.6,16.9,69,4.0,karachi
2026-01-20 05:00:00,28.6,58.0,15.8,74,3.9,karachi
2026-01-20 06:00:00,29.2,56.3,15.8,74,4.0,karachi
2026-01-20 07:00:00,33.3,57.6,15.6,76,4.1,karachi
2026-01-20 08:00:00,44.7,66.1,15.6,77,5.2,karachi
2026-01-20 09:00:00,45.2,68.7,17.5,68,4.5,karachi
2026-01-20 10:00:00,38.3,74.7,20.6,56,3.5,karachi
2026-01-20 11:00:00,29.3,74.3,22.4,51,2.2,karachi
2026-01-20 12:00:00,31.9,76.4,23.5,44,5.3,karachi
2026-01-20 13:00:00,33.8,75.9,23.9,42,8.5,karachi
2026-01-20 14:00:00,33.2,71.5,24.0,40,10.5,karachi
2026-01-20 15:00:00,31.7,66.4,23.7,39,10.5,karachi
2026-01-20 16:00:00,30.3,62.4,23.2,44,9.8,karachi
2026-01-20 17:00:00,25.3,52.4,22.8,45,8.6,karachi
2026-01-20 18:00:00,26.7,49.7,22.0,52,7.0,karachi
2026-01-20 19:00:00,31.1,52.2,21.4,58,6.0,karachi
2026-01-20 20:00:00,33.9,54.1,21.2,58,5.4,karachi
2026-01-20 21:00:00,36.1,55.9,20.9,59,6.1,karachi
2026-01-20 22:00:00,38.1,57.3,20.5,61,4.5,karachi
2026-01-20 23:00:00,37.0,55.4,19.7,62,3.8,karachi
2026-01-21 00:00:00,33.6,51.6,19.3,64,5.0,karachi
2026-01-21 01:00:00,30.4,47.5,18.0,68,4.8,karachi
2026-01-21 02:00:00,28.0,44.6,17.2,73,5.5,karachi
2026-01-21 03:00:00,26.3,42.3,16.9,74,5.8,karachi
2026-01-21 04:00:00,24.6,39.6,16.6,76,5.5,karachi
2026-01-21 05:00:00,25.1,39.9,15.6,81,5.2,karachi
2026-01-21 06:00:00,25.4,39.5,15.2,83,5.9,karachi
2026-01-21 07:00:00,28.5,42.0,14.9,83,6.6,karachi
2026-01-21 08:00:00,36.7,49.2,15.2,79,6.8,karachi
2026-01-21 09:00:00,38.5,49.9,17.0,69,7.0,karachi
2026-01-21 10:00:00,30.0,48.2,20.1,55,5.3,karachi
2026-01-21 11:00:00,24.3,44.8,21.6,50,2.0,karachi
2026-01-21 12:00:00,24.5,42.8,22.9,44,3.9,karachi
2026-01-21 13:00:00,26.6,42.8,23.5,42,6.7,karachi
2026-01-21 14:00:00,27.0,41.9,23.7,42,7.6,karachi
2026-01-21 15:00:00,26.6,41.1,23.6,43,7.6,karachi
2026-01-21 16:00:00,26.1,40.2,23.2,46,7.2,karachi
2026-01-21 17:00:00,27.0,45.1,22.6,50,8.4,karachi
2026-01-21 18:00:00,27.8,43.2,21.7,55,8.9,karachi
2026-01-21 19:00:00,31.1,45.1,21.0,59,7.7,karachi
2026-01-21 20:00:00,32.9,46.3,20.4,63,7.0,karachi
2026-01-21 21:00:00,35.2,49.0,20.0,64,5.7,karachi
2026-01-21 22:00:00,37.5,51.8,19.7,67,6.7,karachi
2026-01-21 23:00:00,37.8,52.7,19.2,71,4.3,karachi
2026-01-22 00:00:00,37.0,52.6,19.4,72,6.7,karachi
2026-01-22 01:00:00,35.5,52.4,19.0,73,6.5,karachi
2026-01-22 02:00:00,33.9,52.9,18.4,79,2.3,karachi
2026-01-22 03:00:00,32.2,53.7,18.2,79,0.4,karachi
2026-01-22 04:00:00,31.9,55.1,18.1,80,0.4,karachi
2026-01-22 05:00:00,34.1,58.4,16.9,82,3.6,karachi
2026-01-22 06:00:00,35.5,60.5,16.8,83,4.3,karachi
2026-01-22 07:00:00,46.0,71.5,16.6,85,4.9,karachi
2026-01-22 08:00:00,56.9,82.7,17.8,84,5.5,karachi
2026-01-22 09:00:00,50.2,66.6,20.5,79,7.3,karachi
2026-01-22 10:00:00,27.9,52.9,22.2,66,17.6,karachi
2026-01-22 11:00:00,22.8,51.5,23.0,63,20.9,karachi
2026-01-22 12:00:00,21.7,47.7,23.5,58,20.7,karachi
2026-01-22 13:00:00,20.8,45.4,21.6,72,15.4,karachi
2026-01-22 14:00:00,20.5,43.1,19.9,80,23.2,karachi
2026-01-22 15:00:00,18.1,34.7,20.3,81,23.8,karachi
2026-01-22 16:00:00,17.3,36.8,19.2,76,14.5,karachi
2026-01-22 17:00:00,19.2,39.5,19.3,69,9.5,karachi
2026-01-22 18:00:00,21.7,42.8,18.9,59,10.2,karachi
2026-01-22 19:00:00,28.0,57.5,18.6,53,12.2,karachi
2026-01-22 20:00:00,30.9,85.9,17.7,44,15.2,karachi
2026-01-22 21:00:00,31.5,109.4,16.7,45,17.7,karachi
2026-01-22 22:00:00,28.2,97.8,14.8,39,18.0,karachi
2026-01-22 23:00:00,25.4,72.9,14.1,37,17.9,karachi
2026-01-23 00:00:00,23.5,58.6,13.3,38,17.4,karachi
2026-01-23 01:00:00,21.3,50.5,12.8,39,16.1,karachi
2026-01-23 02:00:00,19.8,46.0,12.4,39,16.6,karachi
2026-01-23 03:00:00,18.5,42.6,12.1,41,16.5,karachi
2026-01-23 04:00:00,18.3,46.6,11.5,44,14.3,karachi
2026-01-23 05:00:00,20.1,65.2,10.7,50,13.1,karachi
2026-01-23 06:00:00,27.5,111.3,10.4,51,13.5,karachi
2026-01-23 07:00:00,37.3,161.1,10.0,53,13.5,karachi
2026-01-23 08:00:00,47.3,195.6,9.8,54,14.8,karachi
2026-01-23 09:00:00,53.7,235.6,10.8,51,13.0,karachi
2026-01-23 10:00:00,52.7,247.7,12.9,40,12.8,karachi
2026-01-23 11:00:00,47.7,214.2,14.9,34,11.0,karachi
2026-01-23 12:00:00,41.2,173.7,16.1,29,12.8,karachi
2026-01-23 13:00:00,36.4,143.9,16.8,28,13.3,karachi
2026-01-23 14:00:00,33.1,124.3,17.2,30,11.8,karachi
2026-01-23 15:00:00,32.2,118.0,17.5,29,10.5,karachi
2026-01-23 16:00:00,32.0,115.7,17.1,32,10.9,karachi
2026-01-23 17:00:00,32.6,115.3,16.4,38,10.8,karachi
2026-01-23 18:00:00,35.3,98.3,15.3,46,10.8,karachi
2026-01-23 19:00:00,37.3,85.2,14.5,49,9.7,karachi
2026-01-23 20:00:00,36.2,74.7,14.1,50,6.8,karachi
2026-01-23 21:00:00,35.5,71.2,14.1,50,5.5,karachi
2026-01-23 22:00:00,37.6,74.5,13.6,54,4.2,karachi
2026-01-23 23:00:00,41.4,81.3,12.1,60,3.8,karachi
2026-01-24 00:00:00,44.2,88.2,12.4,58,3.6,karachi
2026-01-24 01:00:00,44.1,90.1,12.2,56,6.1,karachi
2026-01-24 02:00:00,41.9,88.0,11.9,55,5.9,karachi
2026-01-24 03:00:00,38.8,87.3,11.2,57,6.6,karachi
2026-01-24 04:00:00,35.9,88.2,10.6,59,7.8,karachi
2026-01-24 05:00:00,33.5,89.4,9.7,60,8.7,karachi
2026-01-24 06:00:00,32.0,87.8,9.2,56,10.5,karachi
2026-01-24 07:00:00,32.7,83.8,9.9,50,12.2,karachi
2026-01-24 08:00:00,34.9,74.5,10.6,47,12.5,karachi
2026-01-24 09:00:00,35.0,58.0,12.1,45,12.5,karachi
2026-01-24 10:00:00,29.0,50.8,14.3,45,12.2,karachi
2026-01-24 11:00:00,22.8,46.8,16.5,41,12.7,karachi
2026-01-24 12:00:00,17.2,37.5,18.1,28,15.8,karachi
2026-01-24 13:00:00,14.9,32.8,18.9,25,16.5,karachi
2026-01-24 14:00:00,15.3,33.2,19.4,26,16.2,karachi
2026-01-24 15:00:00,16.2,34.1,19.5,26,16.3,karachi
2026-01-24 16:00:00,16.9,34.8,19.4,26,15.7,karachi
2026-01-24 17:00:00,17.2,33.8,18.8,29,15.3,karachi
2026-01-24 18:00:00,18.8,29.6,17.9,32,14.5,karachi
2026-01-24 19:00:00,19.6,28.5,16.9,37,14.7,karachi
2026-01-24 20:00:00,17.9,25.3,16.1,39,14.7,karachi
2026-01-24 21:00:00,16.1,21.7,15.4,41,15.0,karachi
2026-01-24 22:00:00,14.8,18.7,14.7,43,15.3,karachi
2026-01-24 23:00:00,14.1,17.0,14.4,42,16.9,karachi
2026-01-25 00:00:00,14.0,16.6,14.1,42,17.5,karachi
2026-01-25 01:00:00,14.6,17.2,13.8,43,17.5,karachi
2026-01-25 02:00:00,15.9,18.2,13.5,44,17.1,karachi
2026-01-25 03:00:00,17.4,19.3,13.1,45,16.9,karachi
2026-01-25 04:00:00,18.9,20.9,12.8,45,16.6,karachi
2026-01-25 05:00:00,20.0,22.8,12.4,47,16.9,karachi
2026-01-25 06:00:00,21.7,25.1,12.3,47,16.5,karachi
2026-01-25 07:00:00,24.2,28.1,12.1,47,16.4,karachi
2026-01-25 08:00:00,26.7,31.1,11.9,48,16.1,karachi
2026-01-25 09:00:00,27.6,32.2,12.9,46,15.1,karachi
2026-01-25 10:00:00,26.1,32.2,14.4,42,15.4,karachi
2026-01-25 11:00:00,22.4,28.7,16.1,36,17.7,karachi
2026-01-25 12:00:00,19.7,25.2,17.8,29,17.6,karachi
2026-01-25 13:00:00,17.6,22.2,18.8,24,17.2,karachi
2026-01-25 14:00:00,16.5,20.5,19.8,22,16.6,karachi
2026-01-25 15:00:00,16.2,19.7,20.3,21,15.6,karachi
2026-01-25 16:00:00,15.8,19.2,20.4,22,14.4,karachi
2026-01-25 17:00:00,18.5,20.6,19.8,25,13.4,karachi
2026-01-25 18:00:00,21.8,23.6,18.8,29,12.3,karachi
2026-01-25 19:00:00,23.9,25.6,18.0,32,11.9,karachi
2026-01-25 20:00:00,22.9,24.6,17.1,36,12.1,karachi
2026-01-25 21:00:00,21.7,23.4,16.3,40,11.9,karachi
2026-01-25 22:00:00,21.5,23.2,15.5,43,11.8,karachi
2026-01-25 23:00:00,22.1,23.9,15.1,45,13.0,karachi
2026-01-26 00:00:00,22.9,24.8,14.7,46,12.8,karachi
2026-01-26 01:00:00,23.2,25.3,14.4,46,13.7,karachi
2026-01-26 02:00:00,23.7,25.8,14.2,46,13.4,karachi
2026-01-26 03:00:00,24.3,26.3,14.1,46,13.3,karachi
2026-01-26 04:00:00,24.8,26.6,13.9,46,13.4,karachi
2026-01-26 05:00:00,24.3,25.3,13.6,47,13.6,karachi
2026-01-26 06:00:00,24.7,25.5,13.9,46,13.5,karachi
2026-01-26 07:00:00,26.0,26.5,13.8,47,14.0,karachi
2026-01-26 08:00:00,28.7,29.2,14.2,45,13.6,karachi
2026-01-26 09:00:00,29.5,30.0,15.3,43,11.6,karachi
2026-01-26 10:00:00,25.2,26.0,17.0,39,12.9,karachi
2026-01-26 11:00:00,21.4,22.9,18.3,36,15.6,karachi
2026-01-26 12:00:00,19.0,22.2,19.5,31,14.9,karachi
2026-01-26 13:00:00,18.9,22.4,19.8,28,11.8,karachi
2026-01-26 14:00:00,20.0,23.0,21.3,25,9.3,karachi
2026-01-26 15:00:00,21.5,24.2,21.6,25,7.6,karachi
2026-01-26 16:00:00,22.6,25.0,21.5,25,6.8,karachi
2026-01-26 17:00:00,19.6,22.4,21.3,25,5.6,karachi
2026-01-26 18:00:00,31.8,33.8,20.5,26,6.0,karachi
2026-01-26 19:00:00,52.0,53.2,19.6,28,7.9,karachi
2026-01-26 20:00:00,46.4,46.7,18.7,32,10.6,karachi
2026-01-26 21:00:00,29.3,29.3,17.3,37,11.2,karachi
2026-01-26 22:00:00,18.9,19.0,16.1,41,11.2,karachi
2026-01-26 23:00:00,13.9,14.6,15.9,42,11.3,karachi
2026-01-27 00:00:00,11.9,13.4,15.9,41,9.3,karachi
2026-01-27 01:00:00,11.2,14.0,15.6,40,10.8,karachi
2026-01-27 02:00:00,11.5,15.6,15.7,39,9.9,karachi
2026-01-27 03:00:00,12.5,18.0,15.6,39,10.4,karachi
2026-01-27 04:00:00,13.7,20.4,15.3,41,10.9,karachi
2026-01-27 05:00:00,14.5,21.1,15.1,43,11.5,karachi
2026-01-27 06:00:00,15.8,22.7,14.1,49,10.4,karachi
2026-01-27 07:00:00,18.6,25.5,13.5,51,9.4,karachi
2026-01-27 08:00:00,24.8,31.2,13.4,51,9.2,karachi
2026-01-27 09:00:00,26.3,32.6,14.5,47,6.4,karachi
2026-01-27 10:00:00,24.1,30.6,16.8,41,5.0,karachi
2026-01-27 11:00:00,21.6,26.9,19.5,32,4.4,karachi
2026-01-27 12:00:00,17.2,21.9,21.0,25,4.5,karachi
2026-01-27 13:00:00,17.5,23.6,22.1,23,6.2,karachi
2026-01-27 14:00:00,18.8,26.4,22.6,22,9.1,karachi
2026-01-27 15:00:00,19.3,27.5,22.5,24,11.9,karachi
2026-01-27 16:00:00,18.8,27.2,21.9,27,12.6,karachi
2026-01-27 17:00:00,12.9,14.2,21.5,27,11.0,karachi
2026-01-27 18:00:00,16.5,18.3,20.3,33,9.4,karachi
2026-01-27 19:00:00,24.7,26.4,19.1,43,8.3,karachi
2026-01-27 20:00:00,25.3,27.2,18.5,50,6.9,karachi
2026-01-27 21:00:00,24.9,27.2,18.1,53,4.2,karachi
2026-01-27 22:00:00,26.9,29.7,17.4,59,1.3,karachi
2026-01-27 23:00:00,30.0,33.4,16.7,62,0.3,karachi
2026-01-28 00:00:00,33.2,37.6,17.1,62,0.2,karachi
2026-01-28 01:00:00,37.3,42.8,16.8,62,1.7,karachi
2026-01-28 02:00:00,40.6,44.8,17.0,56,4.0,karachi
2026-01-28 03:00:00,39.9,42.0,16.0,59,8.3,karachi
2026-01-28 04:00:00,38.3,40.4,14.9,60,7.3,karachi
2026-01-28 05:00:00,39.6,41.1,14.6,53,8.5,karachi
2026-01-28 06:00:00,38.6,40.7,14.4,53,8.1,karachi
2026-01-28 07:00:00,40.3,42.7,14.0,55,9.1,karachi
2026-01-28 08:00:00,44.6,47.3,13.9,56,9.0,karachi
2026-01-28 09:00:00,45.1,47.1,15.4,52,7.9,karachi
2026-01-28 10:00:00,32.1,34.9,18.1,43,8.3,karachi
2026-01-28 11:00:00,21.5,25.3,20.7,37,9.7,karachi
2026-01-28 12:00:00,19.5,25.7,22.0,34,8.1,karachi
2026-01-28 13:00:00,19.3,25.3,22.9,31,6.7,karachi
2026-01-28 14:00:00,20.4,25.7,23.4,29,7.0,karachi
2026-01-28 15:00:00,21.5,26.4,23.5,29,7.9,karachi
2026-01-28 16:00:00,22.5,27.2,23.1,31,8.8,karachi
2026-01-28 17:00:00,16.5,17.1,22.4,37,10.5,karachi
2026-01-28 18:00:00,19.2,20.7,21.2,41,9.9,karachi
2026-01-28 19:00:00,38.8,41.1,20.3,44,8.5,karachi
2026-01-28 20:00:00,43.8,47.4,19.5,49,7.0,karachi
2026-01-28 21:00:00,47.6,52.5,18.8,54,5.5,karachi
2026-01-28 22:00:00,54.4,60.5,18.0,60,6.3,karachi
2026-01-28 23:00:00,59.8,64.3,17.4,64,5.3,karachi
